2026-06-18 21:43:57,272 - WARNING - socks5_proxy is deprecated, use proxy_url instead
2026-06-18 21:43:57,331 - INFO - <KafkaConnection node_id=bootstrap-0 host=[::1:9092<-56233] broker_version=unknown (initializing)>: Broker version identified as 3.5
2026-06-18 21:43:57,332 - INFO - Metadata refresh (node_id=bootstrap-0)
2026-06-18 21:43:57,355 - INFO - Updated metadata: ClusterMetadata(brokers: 1, topics: 0, coordinators: 0)
2026-06-18 21:43:57,356 - INFO - Bootstrap complete: ClusterMetadata(brokers: 1, topics: 0, coordinators: 0)
2026-06-18 21:43:57,356 - INFO - <KafkaTCPTransport [::1:9092<-56233]>: Closing transport
2026-06-18 21:43:57,357 - INFO - Starting metadata refresh loop
2026-06-18 21:43:57,357 - INFO - <KafkaProducer client_id=kafka-python-producer-1 transactional_id=None>: Instantiated an idempotent producer.
2026-06-18 21:43:57,358 - INFO - ProducerId set to -1 with epoch -1
2026-06-18 21:43:57,375 - INFO - <KafkaConnection node_id=1 host=[::1:9092<-57887] broker_version=(3, 5) (initializing)>: Broker version identified as 3.5
2026-06-18 21:43:57,376 - INFO - <KafkaConnection node_id=1 host=[::1:9092<-57887] broker_version=(3, 5) (initializing)>: Clamping client to user-supplied broker version 3.5
2026-06-18 21:43:57,441 - INFO - ProducerId set to 0 with epoch 0
2026-06-18 21:43:57,466 - INFO - Metadata refresh (node_id=1)
2026-06-18 21:43:57,544 - WARNING - Topic sensor-events is not available during auto-create initialization
2026-06-18 21:43:57,544 - INFO - Updated metadata: ClusterMetadata(brokers: 1, topics: 0, coordinators: 0)
2026-06-18 21:43:57,653 - INFO - Metadata refresh (node_id=1)
2026-06-18 21:43:57,664 - WARNING - Topic sensor-events is not available during auto-create initialization
2026-06-18 21:43:57,664 - INFO - Updated metadata: ClusterMetadata(brokers: 1, topics: 0, coordinators: 0)
2026-06-18 21:43:57,779 - INFO - Metadata refresh (node_id=1)
2026-06-18 21:43:57,788 - WARNING - Topic sensor-events is not available during auto-create initialization
2026-06-18 21:43:57,788 - INFO - Updated metadata: ClusterMetadata(brokers: 1, topics: 0, coordinators: 0)
2026-06-18 21:43:57,889 - INFO - Metadata refresh (node_id=1)
2026-06-18 21:43:57,895 - INFO - Updated metadata: ClusterMetadata(brokers: 1, topics: 1, coordinators: 0)
2026-06-18 21:43:57,982 - INFO - Produced Event: {'animal_id': 34, 'temperature': 40.03, 'heart_rate': 95}
2026-06-18 21:44:00,018 - INFO - Produced Event: {'animal_id': 39, 'temperature': 39.18, 'heart_rate': 111}
2026-06-18 21:44:02,024 - INFO - Produced Event: {'animal_id': 9, 'temperature': 41.75, 'heart_rate': 71}
2026-06-18 21:44:04,032 - INFO - Produced Event: {'animal_id': 68, 'temperature': 38.7, 'heart_rate': 66}
2026-06-18 21:44:06,038 - INFO - Produced Event: {'animal_id': 94, 'temperature': 38.53, 'heart_rate': 124}
2026-06-18 21:44:08,043 - INFO - Produced Event: {'animal_id': 3, 'temperature': 37.03, 'heart_rate': 123}
2026-06-18 21:44:10,048 - INFO - Produced Event: {'animal_id': 38, 'temperature': 41.69, 'heart_rate': 62}
2026-06-18 21:44:12,054 - INFO - Produced Event: {'animal_id': 98, 'temperature': 38.55, 'heart_rate': 114}
2026-06-18 21:44:14,060 - INFO - Produced Event: {'animal_id': 93, 'temperature': 39.88, 'heart_rate': 82}
2026-06-18 21:44:16,065 - INFO - Produced Event: {'animal_id': 93, 'temperature': 38.49, 'heart_rate': 102}
2026-06-18 21:44:18,071 - INFO - Produced Event: {'animal_id': 34, 'temperature': 41.77, 'heart_rate': 97}
2026-06-18 21:44:20,076 - INFO - Produced Event: {'animal_id': 94, 'temperature': 37.93, 'heart_rate': 104}
2026-06-18 21:44:22,080 - INFO - Produced Event: {'animal_id': 77, 'temperature': 39.72, 'heart_rate': 80}
2026-06-18 21:44:24,085 - INFO - Produced Event: {'animal_id': 30, 'temperature': 40.96, 'heart_rate': 122}
2026-06-18 21:44:26,089 - INFO - Produced Event: {'animal_id': 7, 'temperature': 40.76, 'heart_rate': 98}
2026-06-18 21:44:28,096 - INFO - Produced Event: {'animal_id': 94, 'temperature': 39.75, 'heart_rate': 110}
2026-06-18 21:44:30,104 - INFO - Produced Event: {'animal_id': 48, 'temperature': 40.24, 'heart_rate': 127}
2026-06-18 21:44:32,111 - INFO - Produced Event: {'animal_id': 53, 'temperature': 40.33, 'heart_rate': 111}
2026-06-18 21:44:34,117 - INFO - Produced Event: {'animal_id': 42, 'temperature': 37.86, 'heart_rate': 114}
2026-06-18 21:44:36,123 - INFO - Produced Event: {'animal_id': 97, 'temperature': 37.39, 'heart_rate': 88}
2026-06-18 21:44:38,129 - INFO - Produced Event: {'animal_id': 58, 'temperature': 41.07, 'heart_rate': 104}
2026-06-18 21:44:40,135 - INFO - Produced Event: {'animal_id': 35, 'temperature': 40.03, 'heart_rate': 78}
2026-06-18 21:44:50,734 - WARNING - socks5_proxy is deprecated, use proxy_url instead
2026-06-18 21:44:50,760 - INFO - <KafkaConnection node_id=bootstrap-0 host=[::1:9092<-57925] broker_version=unknown (initializing)>: Broker version identified as 3.5
2026-06-18 21:44:50,761 - INFO - Metadata refresh (node_id=bootstrap-0)
2026-06-18 21:44:50,770 - INFO - Updated metadata: ClusterMetadata(brokers: 1, topics: 0, coordinators: 0)
2026-06-18 21:44:50,770 - INFO - Bootstrap complete: ClusterMetadata(brokers: 1, topics: 0, coordinators: 0)
2026-06-18 21:44:50,771 - INFO - <KafkaTCPTransport [::1:9092<-57925]>: Closing transport
2026-06-18 21:44:50,771 - INFO - Starting metadata refresh loop
2026-06-18 21:44:50,772 - INFO - <KafkaProducer client_id=kafka-python-producer-1 transactional_id=None>: Instantiated an idempotent producer.
2026-06-18 21:44:50,773 - INFO - ProducerId set to -1 with epoch -1
2026-06-18 21:44:50,783 - INFO - <KafkaConnection node_id=1 host=[::1:9092<-57926] broker_version=(3, 5) (initializing)>: Broker version identified as 3.5
2026-06-18 21:44:50,783 - INFO - <KafkaConnection node_id=1 host=[::1:9092<-57926] broker_version=(3, 5) (initializing)>: Clamping client to user-supplied broker version 3.5
2026-06-18 21:44:50,788 - INFO - ProducerId set to 1 with epoch 0
2026-06-18 21:44:50,870 - INFO - Metadata refresh (node_id=1)
2026-06-18 21:44:50,875 - INFO - Updated metadata: ClusterMetadata(brokers: 1, topics: 1, coordinators: 0)
2026-06-18 21:44:50,885 - INFO - Produced Event: {'animal_id': 37, 'temperature': 38.1, 'heart_rate': 104}
2026-06-18 21:44:52,893 - INFO - Produced Event: {'animal_id': 69, 'temperature': 40.21, 'heart_rate': 126}
2026-06-18 21:44:54,899 - INFO - Produced Event: {'animal_id': 38, 'temperature': 41.7, 'heart_rate': 66}
2026-06-18 21:44:56,906 - INFO - Produced Event: {'animal_id': 18, 'temperature': 41.63, 'heart_rate': 100}
2026-06-18 21:44:58,912 - INFO - Produced Event: {'animal_id': 76, 'temperature': 41.78, 'heart_rate': 120}
2026-06-18 21:45:00,918 - INFO - Produced Event: {'animal_id': 32, 'temperature': 41.07, 'heart_rate': 111}
2026-06-18 21:45:02,925 - INFO - Produced Event: {'animal_id': 54, 'temperature': 37.75, 'heart_rate': 97}
2026-06-18 21:45:04,932 - INFO - Produced Event: {'animal_id': 18, 'temperature': 39.17, 'heart_rate': 73}
2026-06-18 21:45:06,939 - INFO - Produced Event: {'animal_id': 95, 'temperature': 38.58, 'heart_rate': 126}
2026-06-18 21:45:08,947 - INFO - Produced Event: {'animal_id': 57, 'temperature': 40.39, 'heart_rate': 93}
2026-06-18 21:45:10,954 - INFO - Produced Event: {'animal_id': 52, 'temperature': 39.96, 'heart_rate': 137}
2026-06-18 21:45:12,960 - INFO - Produced Event: {'animal_id': 61, 'temperature': 38.98, 'heart_rate': 96}
2026-06-18 21:45:14,966 - INFO - Produced Event: {'animal_id': 44, 'temperature': 39.38, 'heart_rate': 71}
2026-06-18 21:45:16,972 - INFO - Produced Event: {'animal_id': 26, 'temperature': 37.29, 'heart_rate': 129}
2026-06-18 21:45:18,977 - INFO - Produced Event: {'animal_id': 27, 'temperature': 37.81, 'heart_rate': 128}
2026-06-18 21:56:40,023 - WARNING - socks5_proxy is deprecated, use proxy_url instead
2026-06-18 21:56:40,043 - INFO - <KafkaConnection node_id=bootstrap-0 host=[::1:9092<-64021] broker_version=unknown (initializing)>: Broker version identified as 3.5
2026-06-18 21:56:40,043 - INFO - Metadata refresh (node_id=bootstrap-0)
2026-06-18 21:56:40,050 - INFO - Updated metadata: ClusterMetadata(brokers: 1, topics: 0, coordinators: 0)
2026-06-18 21:56:40,050 - INFO - Bootstrap complete: ClusterMetadata(brokers: 1, topics: 0, coordinators: 0)
2026-06-18 21:56:40,050 - INFO - <KafkaTCPTransport [::1:9092<-64021]>: Closing transport
2026-06-18 21:56:40,051 - INFO - Starting metadata refresh loop
2026-06-18 21:56:40,051 - INFO - <KafkaProducer client_id=kafka-python-producer-1 transactional_id=None>: Instantiated an idempotent producer.
2026-06-18 21:56:40,052 - INFO - ProducerId set to -1 with epoch -1
2026-06-18 21:56:40,087 - INFO - <KafkaConnection node_id=1 host=[::1:9092<-64022] broker_version=(3, 5) (initializing)>: Broker version identified as 3.5
2026-06-18 21:56:40,087 - INFO - <KafkaConnection node_id=1 host=[::1:9092<-64022] broker_version=(3, 5) (initializing)>: Clamping client to user-supplied broker version 3.5
2026-06-18 21:56:40,089 - INFO - ProducerId set to 2 with epoch 0
2026-06-18 21:56:40,151 - INFO - Metadata refresh (node_id=1)
2026-06-18 21:56:40,155 - INFO - Updated metadata: ClusterMetadata(brokers: 1, topics: 1, coordinators: 0)
2026-06-18 21:56:40,165 - INFO - Produced Event: {'animal_id': 14, 'temperature': 40.91, 'heart_rate': 78}
2026-06-18 21:56:42,169 - INFO - Produced Event: {'animal_id': 57, 'temperature': 40.41, 'heart_rate': 69}
2026-06-18 21:56:44,175 - INFO - Produced Event: {'animal_id': 37, 'temperature': 37.04, 'heart_rate': 65}
2026-06-18 21:56:46,182 - INFO - Produced Event: {'animal_id': 41, 'temperature': 39.32, 'heart_rate': 124}
2026-06-18 21:56:48,188 - INFO - Produced Event: {'animal_id': 86, 'temperature': 40.44, 'heart_rate': 117}
2026-06-18 21:56:50,192 - INFO - Produced Event: {'animal_id': 32, 'temperature': 41.47, 'heart_rate': 114}
2026-06-18 21:56:52,197 - INFO - Produced Event: {'animal_id': 25, 'temperature': 38.96, 'heart_rate': 117}
2026-06-18 21:56:54,201 - INFO - Produced Event: {'animal_id': 10, 'temperature': 38.83, 'heart_rate': 135}
2026-06-18 21:56:56,205 - INFO - Produced Event: {'animal_id': 28, 'temperature': 37.79, 'heart_rate': 97}
2026-06-18 21:56:58,210 - INFO - Produced Event: {'animal_id': 80, 'temperature': 41.74, 'heart_rate': 60}
2026-06-18 21:57:00,221 - INFO - Produced Event: {'animal_id': 31, 'temperature': 39.35, 'heart_rate': 119}
2026-06-18 21:57:02,233 - INFO - Produced Event: {'animal_id': 77, 'temperature': 40.5, 'heart_rate': 109}
2026-06-18 21:57:04,239 - INFO - Produced Event: {'animal_id': 60, 'temperature': 41.86, 'heart_rate': 98}
2026-06-18 21:57:06,243 - INFO - Produced Event: {'animal_id': 58, 'temperature': 40.31, 'heart_rate': 67}
2026-06-18 21:57:08,249 - INFO - Produced Event: {'animal_id': 40, 'temperature': 40.63, 'heart_rate': 66}
2026-06-18 21:57:10,253 - INFO - Produced Event: {'animal_id': 9, 'temperature': 38.47, 'heart_rate': 99}
2026-06-18 21:57:12,257 - INFO - Produced Event: {'animal_id': 58, 'temperature': 37.5, 'heart_rate': 100}
2026-06-18 21:57:14,262 - INFO - Produced Event: {'animal_id': 27, 'temperature': 40.11, 'heart_rate': 126}
2026-06-18 21:57:16,266 - INFO - Produced Event: {'animal_id': 98, 'temperature': 37.56, 'heart_rate': 61}
2026-06-18 21:57:18,271 - INFO - Produced Event: {'animal_id': 33, 'temperature': 40.7, 'heart_rate': 116}
2026-06-18 21:57:20,275 - INFO - Produced Event: {'animal_id': 87, 'temperature': 37.29, 'heart_rate': 64}
2026-06-18 21:57:22,280 - INFO - Produced Event: {'animal_id': 20, 'temperature': 41.5, 'heart_rate': 102}
2026-06-18 21:57:24,285 - INFO - Produced Event: {'animal_id': 63, 'temperature': 41.38, 'heart_rate': 81}
2026-06-18 21:57:26,290 - INFO - Produced Event: {'animal_id': 18, 'temperature': 40.7, 'heart_rate': 127}
2026-06-18 21:57:28,295 - INFO - Produced Event: {'animal_id': 62, 'temperature': 40.52, 'heart_rate': 130}
2026-06-18 21:57:30,303 - INFO - Produced Event: {'animal_id': 65, 'temperature': 37.95, 'heart_rate': 66}
2026-06-18 21:57:32,308 - INFO - Produced Event: {'animal_id': 4, 'temperature': 40.1, 'heart_rate': 132}
2026-06-18 21:57:34,312 - INFO - Produced Event: {'animal_id': 35, 'temperature': 38.61, 'heart_rate': 86}
2026-06-18 21:57:36,317 - INFO - Produced Event: {'animal_id': 44, 'temperature': 38.05, 'heart_rate': 89}
2026-06-18 21:57:38,324 - INFO - Produced Event: {'animal_id': 27, 'temperature': 37.91, 'heart_rate': 94}
2026-06-18 21:57:40,332 - INFO - Produced Event: {'animal_id': 72, 'temperature': 38.7, 'heart_rate': 123}
2026-06-18 21:57:42,338 - INFO - Produced Event: {'animal_id': 33, 'temperature': 41.96, 'heart_rate': 114}
2026-06-18 21:57:44,347 - INFO - Produced Event: {'animal_id': 96, 'temperature': 41.73, 'heart_rate': 114}
2026-06-18 21:57:46,358 - INFO - Produced Event: {'animal_id': 48, 'temperature': 40.83, 'heart_rate': 61}
2026-06-18 21:57:48,363 - INFO - Produced Event: {'animal_id': 86, 'temperature': 39.59, 'heart_rate': 95}
2026-06-18 22:07:12,266 - WARNING - socks5_proxy is deprecated, use proxy_url instead
2026-06-18 22:07:12,317 - INFO - <KafkaConnection node_id=bootstrap-0 host=[::1:9092<-54613] broker_version=unknown (initializing)>: Broker version identified as 3.5
2026-06-18 22:07:12,318 - INFO - Metadata refresh (node_id=bootstrap-0)
2026-06-18 22:07:12,323 - INFO - Updated metadata: ClusterMetadata(brokers: 1, topics: 0, coordinators: 0)
2026-06-18 22:07:12,324 - INFO - Bootstrap complete: ClusterMetadata(brokers: 1, topics: 0, coordinators: 0)
2026-06-18 22:07:12,324 - INFO - <KafkaTCPTransport [::1:9092<-54613]>: Closing transport
2026-06-18 22:07:12,324 - INFO - Starting metadata refresh loop
2026-06-18 22:07:12,325 - INFO - <KafkaProducer client_id=kafka-python-producer-1 transactional_id=None>: Instantiated an idempotent producer.
2026-06-18 22:07:12,326 - INFO - ProducerId set to -1 with epoch -1
2026-06-18 22:07:12,334 - INFO - <KafkaConnection node_id=1 host=[::1:9092<-54614] broker_version=(3, 5) (initializing)>: Broker version identified as 3.5
2026-06-18 22:07:12,335 - INFO - <KafkaConnection node_id=1 host=[::1:9092<-54614] broker_version=(3, 5) (initializing)>: Clamping client to user-supplied broker version 3.5
2026-06-18 22:07:12,340 - INFO - ProducerId set to 3 with epoch 0
2026-06-18 22:07:12,438 - INFO - Metadata refresh (node_id=1)
2026-06-18 22:07:12,442 - INFO - Updated metadata: ClusterMetadata(brokers: 1, topics: 1, coordinators: 0)
2026-06-18 22:07:12,483 - INFO - Produced Event: {'animal_id': 9, 'temperature': 38.23, 'heart_rate': 105}
2026-06-18 22:07:14,488 - INFO - Produced Event: {'animal_id': 17, 'temperature': 37.34, 'heart_rate': 79}
2026-06-18 22:07:16,494 - INFO - Produced Event: {'animal_id': 22, 'temperature': 37.63, 'heart_rate': 123}
2026-06-18 22:07:18,499 - INFO - Produced Event: {'animal_id': 33, 'temperature': 41.23, 'heart_rate': 120}
2026-06-18 22:07:20,505 - INFO - Produced Event: {'animal_id': 82, 'temperature': 37.26, 'heart_rate': 124}
2026-06-18 22:07:22,510 - INFO - Produced Event: {'animal_id': 98, 'temperature': 38.15, 'heart_rate': 84}
2026-06-18 22:07:24,515 - INFO - Produced Event: {'animal_id': 80, 'temperature': 41.24, 'heart_rate': 68}
2026-06-18 22:07:26,519 - INFO - Produced Event: {'animal_id': 12, 'temperature': 40.06, 'heart_rate': 123}
2026-06-18 22:07:28,523 - INFO - Produced Event: {'animal_id': 52, 'temperature': 39.52, 'heart_rate': 128}
2026-06-18 22:07:30,527 - INFO - Produced Event: {'animal_id': 99, 'temperature': 38.0, 'heart_rate': 119}
2026-06-18 22:07:32,537 - INFO - Produced Event: {'animal_id': 45, 'temperature': 39.43, 'heart_rate': 105}
2026-06-18 22:07:34,544 - INFO - Produced Event: {'animal_id': 14, 'temperature': 37.99, 'heart_rate': 80}
2026-06-18 22:07:36,555 - INFO - Produced Event: {'animal_id': 87, 'temperature': 40.8, 'heart_rate': 108}
2026-06-18 22:07:38,566 - INFO - Produced Event: {'animal_id': 5, 'temperature': 41.19, 'heart_rate': 71}
2026-06-18 22:07:40,572 - INFO - Produced Event: {'animal_id': 83, 'temperature': 37.16, 'heart_rate': 62}
2026-06-18 22:07:42,578 - INFO - Produced Event: {'animal_id': 28, 'temperature': 38.82, 'heart_rate': 77}
2026-06-18 22:07:44,583 - INFO - Produced Event: {'animal_id': 74, 'temperature': 40.46, 'heart_rate': 70}
2026-06-18 22:07:46,589 - INFO - Produced Event: {'animal_id': 28, 'temperature': 37.01, 'heart_rate': 116}
2026-06-18 22:07:48,598 - INFO - Produced Event: {'animal_id': 23, 'temperature': 39.37, 'heart_rate': 81}
2026-06-18 22:07:50,609 - INFO - Produced Event: {'animal_id': 16, 'temperature': 41.66, 'heart_rate': 134}
2026-06-18 22:07:52,620 - INFO - Produced Event: {'animal_id': 31, 'temperature': 39.44, 'heart_rate': 115}
2026-06-18 22:07:54,630 - INFO - Produced Event: {'animal_id': 78, 'temperature': 40.55, 'heart_rate': 61}
2026-06-18 22:07:56,641 - INFO - Produced Event: {'animal_id': 82, 'temperature': 41.58, 'heart_rate': 65}
2026-06-18 22:07:58,649 - INFO - Produced Event: {'animal_id': 44, 'temperature': 40.36, 'heart_rate': 120}
2026-06-18 22:08:00,657 - INFO - Produced Event: {'animal_id': 36, 'temperature': 37.85, 'heart_rate': 87}
2026-06-18 22:08:02,666 - INFO - Produced Event: {'animal_id': 39, 'temperature': 41.27, 'heart_rate': 98}
2026-06-18 22:08:04,676 - INFO - Produced Event: {'animal_id': 19, 'temperature': 39.5, 'heart_rate': 125}
2026-06-18 22:08:06,684 - INFO - Produced Event: {'animal_id': 70, 'temperature': 38.01, 'heart_rate': 105}
2026-06-18 22:08:08,690 - INFO - Produced Event: {'animal_id': 21, 'temperature': 39.73, 'heart_rate': 132}
2026-06-18 22:08:10,697 - INFO - Produced Event: {'animal_id': 21, 'temperature': 39.72, 'heart_rate': 127}
2026-06-18 22:08:12,706 - INFO - Produced Event: {'animal_id': 68, 'temperature': 39.96, 'heart_rate': 121}
2026-06-18 22:08:14,713 - INFO - Produced Event: {'animal_id': 44, 'temperature': 37.55, 'heart_rate': 125}
2026-06-18 22:08:16,722 - INFO - Produced Event: {'animal_id': 47, 'temperature': 38.33, 'heart_rate': 138}
2026-06-18 22:08:18,731 - INFO - Produced Event: {'animal_id': 65, 'temperature': 37.74, 'heart_rate': 100}
2026-06-18 22:08:20,740 - INFO - Produced Event: {'animal_id': 98, 'temperature': 40.47, 'heart_rate': 89}
2026-06-18 22:08:22,750 - INFO - Produced Event: {'animal_id': 6, 'temperature': 37.7, 'heart_rate': 97}
2026-06-18 22:08:24,761 - INFO - Produced Event: {'animal_id': 71, 'temperature': 39.14, 'heart_rate': 111}
2026-06-18 22:08:26,770 - INFO - Produced Event: {'animal_id': 91, 'temperature': 39.86, 'heart_rate': 124}
2026-06-18 22:08:28,779 - INFO - Produced Event: {'animal_id': 81, 'temperature': 37.26, 'heart_rate': 71}
2026-06-18 22:08:30,789 - INFO - Produced Event: {'animal_id': 20, 'temperature': 38.26, 'heart_rate': 93}
2026-06-18 22:08:32,798 - INFO - Produced Event: {'animal_id': 1, 'temperature': 40.41, 'heart_rate': 103}
2026-06-18 22:08:34,808 - INFO - Produced Event: {'animal_id': 70, 'temperature': 41.18, 'heart_rate': 135}
2026-06-18 22:08:36,819 - INFO - Produced Event: {'animal_id': 52, 'temperature': 41.09, 'heart_rate': 92}
2026-06-18 22:08:38,831 - INFO - Produced Event: {'animal_id': 97, 'temperature': 40.19, 'heart_rate': 133}
2026-06-18 22:08:40,838 - INFO - Produced Event: {'animal_id': 79, 'temperature': 41.15, 'heart_rate': 121}
2026-06-18 22:08:42,848 - INFO - Produced Event: {'animal_id': 41, 'temperature': 41.16, 'heart_rate': 127}
2026-06-18 22:08:44,855 - INFO - Produced Event: {'animal_id': 10, 'temperature': 41.78, 'heart_rate': 77}
2026-06-18 22:08:46,866 - INFO - Produced Event: {'animal_id': 51, 'temperature': 40.05, 'heart_rate': 131}
2026-06-18 22:08:48,877 - INFO - Produced Event: {'animal_id': 7, 'temperature': 41.91, 'heart_rate': 77}
2026-06-18 22:08:50,885 - INFO - Produced Event: {'animal_id': 40, 'temperature': 41.17, 'heart_rate': 131}
2026-06-18 22:08:52,893 - INFO - Produced Event: {'animal_id': 54, 'temperature': 39.99, 'heart_rate': 78}
2026-06-18 22:08:54,904 - INFO - Produced Event: {'animal_id': 17, 'temperature': 38.59, 'heart_rate': 100}
2026-06-18 22:08:56,915 - INFO - Produced Event: {'animal_id': 62, 'temperature': 41.09, 'heart_rate': 106}
2026-06-18 22:08:58,920 - INFO - Produced Event: {'animal_id': 98, 'temperature': 39.63, 'heart_rate': 86}
2026-06-18 22:09:00,927 - INFO - Produced Event: {'animal_id': 66, 'temperature': 38.28, 'heart_rate': 98}
2026-06-18 22:09:02,934 - INFO - Produced Event: {'animal_id': 64, 'temperature': 38.63, 'heart_rate': 111}
2026-06-18 22:09:04,939 - INFO - Produced Event: {'animal_id': 83, 'temperature': 41.55, 'heart_rate': 125}
2026-06-18 22:12:13,292 - WARNING - socks5_proxy is deprecated, use proxy_url instead
2026-06-18 22:12:13,311 - INFO - <KafkaConnection node_id=bootstrap-0 host=[::1:9092<-59070] broker_version=unknown (initializing)>: Broker version identified as 3.5
2026-06-18 22:12:13,311 - INFO - Metadata refresh (node_id=bootstrap-0)
2026-06-18 22:12:13,317 - INFO - Updated metadata: ClusterMetadata(brokers: 1, topics: 0, coordinators: 0)
2026-06-18 22:12:13,317 - INFO - Bootstrap complete: ClusterMetadata(brokers: 1, topics: 0, coordinators: 0)
2026-06-18 22:12:13,318 - INFO - <KafkaTCPTransport [::1:9092<-59070]>: Closing transport
2026-06-18 22:12:13,318 - INFO - Starting metadata refresh loop
2026-06-18 22:12:13,318 - INFO - <KafkaProducer client_id=kafka-python-producer-1 transactional_id=None>: Instantiated an idempotent producer.
2026-06-18 22:12:13,320 - INFO - ProducerId set to -1 with epoch -1
2026-06-18 22:12:13,327 - INFO - <KafkaConnection node_id=1 host=[::1:9092<-59071] broker_version=(3, 5) (initializing)>: Broker version identified as 3.5
2026-06-18 22:12:13,328 - INFO - <KafkaConnection node_id=1 host=[::1:9092<-59071] broker_version=(3, 5) (initializing)>: Clamping client to user-supplied broker version 3.5
2026-06-18 22:12:13,332 - INFO - ProducerId set to 4 with epoch 0
2026-06-18 22:12:13,422 - INFO - Metadata refresh (node_id=1)
2026-06-18 22:12:13,426 - INFO - Updated metadata: ClusterMetadata(brokers: 1, topics: 1, coordinators: 0)
2026-06-18 22:12:13,432 - INFO - Produced Event: {'animal_id': 35, 'temperature': 39.0, 'heart_rate': 95}
2026-06-18 22:12:15,438 - INFO - Produced Event: {'animal_id': 7, 'temperature': 37.57, 'heart_rate': 93}
2026-06-18 22:12:17,443 - INFO - Produced Event: {'animal_id': 78, 'temperature': 38.94, 'heart_rate': 64}
2026-06-18 22:12:19,447 - INFO - Produced Event: {'animal_id': 77, 'temperature': 41.1, 'heart_rate': 128}
2026-06-18 22:12:21,453 - INFO - Produced Event: {'animal_id': 35, 'temperature': 40.95, 'heart_rate': 128}
2026-06-18 22:12:23,459 - INFO - Produced Event: {'animal_id': 21, 'temperature': 38.77, 'heart_rate': 90}
2026-06-18 22:12:25,465 - INFO - Produced Event: {'animal_id': 59, 'temperature': 41.33, 'heart_rate': 137}
2026-06-18 22:12:27,469 - INFO - Produced Event: {'animal_id': 77, 'temperature': 37.2, 'heart_rate': 78}
2026-06-18 22:12:29,476 - INFO - Produced Event: {'animal_id': 72, 'temperature': 41.96, 'heart_rate': 99}
2026-06-18 22:12:31,487 - INFO - Produced Event: {'animal_id': 22, 'temperature': 40.75, 'heart_rate': 66}
2026-06-18 22:12:33,498 - INFO - Produced Event: {'animal_id': 52, 'temperature': 39.08, 'heart_rate': 94}
2026-06-18 22:12:35,506 - INFO - Produced Event: {'animal_id': 43, 'temperature': 39.35, 'heart_rate': 65}
2026-06-18 22:12:37,515 - INFO - Produced Event: {'animal_id': 66, 'temperature': 38.99, 'heart_rate': 112}
2026-06-18 22:12:39,523 - INFO - Produced Event: {'animal_id': 39, 'temperature': 41.05, 'heart_rate': 116}
2026-06-18 22:12:41,533 - INFO - Produced Event: {'animal_id': 93, 'temperature': 41.56, 'heart_rate': 125}
2026-06-18 22:12:43,541 - INFO - Produced Event: {'animal_id': 88, 'temperature': 41.38, 'heart_rate': 98}
2026-06-18 22:12:45,548 - INFO - Produced Event: {'animal_id': 78, 'temperature': 39.83, 'heart_rate': 114}
2026-06-18 22:12:47,555 - INFO - Produced Event: {'animal_id': 39, 'temperature': 37.61, 'heart_rate': 126}
2026-06-18 22:12:49,563 - INFO - Produced Event: {'animal_id': 86, 'temperature': 37.11, 'heart_rate': 62}
2026-06-18 22:12:51,575 - INFO - Produced Event: {'animal_id': 17, 'temperature': 38.41, 'heart_rate': 120}
2026-06-18 22:12:53,586 - INFO - Produced Event: {'animal_id': 24, 'temperature': 37.59, 'heart_rate': 102}
2026-06-18 22:12:55,596 - INFO - Produced Event: {'animal_id': 45, 'temperature': 38.8, 'heart_rate': 110}
2026-06-18 22:12:57,608 - INFO - Produced Event: {'animal_id': 92, 'temperature': 38.9, 'heart_rate': 90}
2026-06-18 22:12:59,619 - INFO - Produced Event: {'animal_id': 49, 'temperature': 37.02, 'heart_rate': 105}
2026-06-18 22:13:01,626 - INFO - Produced Event: {'animal_id': 33, 'temperature': 41.47, 'heart_rate': 138}
2026-06-18 22:13:03,631 - INFO - Produced Event: {'animal_id': 47, 'temperature': 38.75, 'heart_rate': 79}
2026-06-18 22:13:05,636 - INFO - Produced Event: {'animal_id': 72, 'temperature': 40.38, 'heart_rate': 135}
2026-06-18 22:13:07,649 - INFO - Produced Event: {'animal_id': 48, 'temperature': 41.87, 'heart_rate': 87}
2026-06-18 22:13:09,655 - INFO - Produced Event: {'animal_id': 75, 'temperature': 37.03, 'heart_rate': 101}
2026-06-18 22:13:11,660 - INFO - Produced Event: {'animal_id': 97, 'temperature': 39.44, 'heart_rate': 63}
2026-06-18 22:13:13,666 - INFO - Produced Event: {'animal_id': 17, 'temperature': 41.35, 'heart_rate': 102}
2026-06-18 22:13:15,682 - INFO - Produced Event: {'animal_id': 49, 'temperature': 38.81, 'heart_rate': 115}
2026-06-18 22:13:17,689 - INFO - Produced Event: {'animal_id': 12, 'temperature': 37.72, 'heart_rate': 86}
2026-06-18 22:13:19,694 - INFO - Produced Event: {'animal_id': 58, 'temperature': 39.2, 'heart_rate': 68}
2026-06-18 22:13:21,700 - INFO - Produced Event: {'animal_id': 43, 'temperature': 39.64, 'heart_rate': 96}
2026-06-18 22:13:23,705 - INFO - Produced Event: {'animal_id': 83, 'temperature': 40.85, 'heart_rate': 80}
2026-06-18 22:13:25,710 - INFO - Produced Event: {'animal_id': 74, 'temperature': 41.75, 'heart_rate': 93}
2026-06-18 22:13:27,717 - INFO - Produced Event: {'animal_id': 3, 'temperature': 37.13, 'heart_rate': 90}
2026-06-18 22:13:29,728 - INFO - Produced Event: {'animal_id': 34, 'temperature': 41.5, 'heart_rate': 119}
2026-06-18 22:13:31,737 - INFO - Produced Event: {'animal_id': 37, 'temperature': 37.69, 'heart_rate': 136}
2026-06-18 22:13:33,750 - INFO - Produced Event: {'animal_id': 81, 'temperature': 38.18, 'heart_rate': 106}
2026-06-18 22:13:35,760 - INFO - Produced Event: {'animal_id': 60, 'temperature': 40.1, 'heart_rate': 89}
2026-06-18 22:13:37,771 - INFO - Produced Event: {'animal_id': 8, 'temperature': 38.74, 'heart_rate': 95}
2026-06-18 22:13:39,781 - INFO - Produced Event: {'animal_id': 89, 'temperature': 41.2, 'heart_rate': 110}
2026-06-18 22:13:41,785 - INFO - Produced Event: {'animal_id': 28, 'temperature': 41.87, 'heart_rate': 64}
2026-06-18 22:13:43,791 - INFO - Produced Event: {'animal_id': 48, 'temperature': 39.6, 'heart_rate': 66}
2026-06-18 22:13:45,796 - INFO - Produced Event: {'animal_id': 32, 'temperature': 39.05, 'heart_rate': 112}
2026-06-18 22:13:47,802 - INFO - Produced Event: {'animal_id': 54, 'temperature': 41.57, 'heart_rate': 137}
2026-06-18 22:13:49,810 - INFO - Produced Event: {'animal_id': 48, 'temperature': 38.33, 'heart_rate': 124}
2026-06-18 22:13:51,817 - INFO - Produced Event: {'animal_id': 9, 'temperature': 38.52, 'heart_rate': 85}
2026-06-18 22:13:53,831 - INFO - Produced Event: {'animal_id': 90, 'temperature': 40.63, 'heart_rate': 105}
2026-06-18 22:13:55,844 - INFO - Produced Event: {'animal_id': 39, 'temperature': 38.44, 'heart_rate': 95}
2026-06-18 22:13:57,852 - INFO - Produced Event: {'animal_id': 86, 'temperature': 39.73, 'heart_rate': 104}
2026-06-18 22:13:59,864 - INFO - Produced Event: {'animal_id': 59, 'temperature': 37.28, 'heart_rate': 77}
2026-06-18 22:14:01,875 - INFO - Produced Event: {'animal_id': 89, 'temperature': 40.92, 'heart_rate': 126}
2026-06-18 22:14:03,888 - INFO - Produced Event: {'animal_id': 43, 'temperature': 37.01, 'heart_rate': 64}
2026-06-18 22:14:05,898 - INFO - Produced Event: {'animal_id': 52, 'temperature': 37.72, 'heart_rate': 127}
2026-06-18 22:14:07,905 - INFO - Produced Event: {'animal_id': 13, 'temperature': 41.28, 'heart_rate': 136}
2026-06-18 22:14:09,915 - INFO - Produced Event: {'animal_id': 98, 'temperature': 37.92, 'heart_rate': 100}
2026-06-18 22:14:11,924 - INFO - Produced Event: {'animal_id': 73, 'temperature': 40.29, 'heart_rate': 100}
2026-06-18 22:14:13,935 - INFO - Produced Event: {'animal_id': 49, 'temperature': 39.79, 'heart_rate': 66}
2026-06-18 22:14:15,943 - INFO - Produced Event: {'animal_id': 21, 'temperature': 41.02, 'heart_rate': 61}
2026-06-18 22:14:17,951 - INFO - Produced Event: {'animal_id': 13, 'temperature': 37.95, 'heart_rate': 84}
2026-06-18 22:14:19,959 - INFO - Produced Event: {'animal_id': 19, 'temperature': 39.56, 'heart_rate': 66}
2026-06-18 22:14:21,969 - INFO - Produced Event: {'animal_id': 20, 'temperature': 38.49, 'heart_rate': 104}
2026-06-18 22:14:23,978 - INFO - Produced Event: {'animal_id': 88, 'temperature': 39.57, 'heart_rate': 98}
2026-06-18 22:14:25,983 - INFO - Produced Event: {'animal_id': 2, 'temperature': 41.74, 'heart_rate': 98}
2026-06-18 22:14:27,989 - INFO - Produced Event: {'animal_id': 74, 'temperature': 38.68, 'heart_rate': 98}
2026-06-18 22:14:29,999 - INFO - Produced Event: {'animal_id': 28, 'temperature': 38.45, 'heart_rate': 67}
2026-06-18 22:14:32,009 - INFO - Produced Event: {'animal_id': 30, 'temperature': 37.54, 'heart_rate': 81}
2026-06-18 22:14:34,018 - INFO - Produced Event: {'animal_id': 88, 'temperature': 40.22, 'heart_rate': 96}
2026-06-18 22:14:36,027 - INFO - Produced Event: {'animal_id': 89, 'temperature': 38.63, 'heart_rate': 75}
2026-06-18 22:14:38,034 - INFO - Produced Event: {'animal_id': 89, 'temperature': 40.11, 'heart_rate': 102}
2026-06-18 22:14:40,041 - INFO - Produced Event: {'animal_id': 2, 'temperature': 37.03, 'heart_rate': 60}
2026-06-18 22:14:42,047 - INFO - Produced Event: {'animal_id': 71, 'temperature': 38.39, 'heart_rate': 132}
2026-06-18 22:14:44,053 - INFO - Produced Event: {'animal_id': 38, 'temperature': 38.02, 'heart_rate': 109}
2026-06-18 22:14:46,058 - INFO - Produced Event: {'animal_id': 99, 'temperature': 39.07, 'heart_rate': 103}
2026-06-18 22:14:48,067 - INFO - Produced Event: {'animal_id': 32, 'temperature': 38.18, 'heart_rate': 139}
2026-06-18 22:14:50,074 - INFO - Produced Event: {'animal_id': 7, 'temperature': 37.32, 'heart_rate': 68}
2026-06-18 22:14:52,080 - INFO - Produced Event: {'animal_id': 5, 'temperature': 37.84, 'heart_rate': 127}
2026-06-18 22:14:54,088 - INFO - Produced Event: {'animal_id': 68, 'temperature': 41.16, 'heart_rate': 119}
2026-06-18 22:14:56,095 - INFO - Produced Event: {'animal_id': 49, 'temperature': 38.15, 'heart_rate': 70}
2026-06-18 22:14:58,102 - INFO - Produced Event: {'animal_id': 15, 'temperature': 38.39, 'heart_rate': 112}
2026-06-18 22:15:00,112 - INFO - Produced Event: {'animal_id': 63, 'temperature': 41.95, 'heart_rate': 73}
2026-06-18 22:15:02,117 - INFO - Produced Event: {'animal_id': 61, 'temperature': 37.2, 'heart_rate': 96}
2026-06-18 22:15:04,122 - INFO - Produced Event: {'animal_id': 51, 'temperature': 40.95, 'heart_rate': 108}
2026-06-18 22:15:06,127 - INFO - Produced Event: {'animal_id': 86, 'temperature': 39.31, 'heart_rate': 60}
2026-06-18 22:15:08,132 - INFO - Produced Event: {'animal_id': 65, 'temperature': 39.8, 'heart_rate': 61}
2026-06-18 22:15:10,136 - INFO - Produced Event: {'animal_id': 1, 'temperature': 38.56, 'heart_rate': 115}
2026-06-18 22:15:12,141 - INFO - Produced Event: {'animal_id': 73, 'temperature': 41.93, 'heart_rate': 91}
2026-06-18 22:15:45,353 - WARNING - socks5_proxy is deprecated, use proxy_url instead
2026-06-18 22:15:45,369 - INFO - <KafkaConnection node_id=bootstrap-0 host=[::1:9092<-50839] broker_version=unknown (initializing)>: Broker version identified as 3.5
2026-06-18 22:15:45,369 - INFO - Metadata refresh (node_id=bootstrap-0)
2026-06-18 22:15:45,375 - INFO - Updated metadata: ClusterMetadata(brokers: 1, topics: 0, coordinators: 0)
2026-06-18 22:15:45,376 - INFO - Bootstrap complete: ClusterMetadata(brokers: 1, topics: 0, coordinators: 0)
2026-06-18 22:15:45,376 - INFO - <KafkaTCPTransport [::1:9092<-50839]>: Closing transport
2026-06-18 22:15:45,376 - INFO - Starting metadata refresh loop
2026-06-18 22:15:45,377 - INFO - <KafkaProducer client_id=kafka-python-producer-1 transactional_id=None>: Instantiated an idempotent producer.
2026-06-18 22:15:45,379 - INFO - ProducerId set to -1 with epoch -1
2026-06-18 22:15:45,384 - INFO - <KafkaConnection node_id=1 host=[::1:9092<-50840] broker_version=(3, 5) (initializing)>: Broker version identified as 3.5
2026-06-18 22:15:45,384 - INFO - <KafkaConnection node_id=1 host=[::1:9092<-50840] broker_version=(3, 5) (initializing)>: Clamping client to user-supplied broker version 3.5
2026-06-18 22:15:45,388 - INFO - ProducerId set to 5 with epoch 0
2026-06-18 22:15:45,478 - INFO - Metadata refresh (node_id=1)
2026-06-18 22:15:45,481 - INFO - Updated metadata: ClusterMetadata(brokers: 1, topics: 1, coordinators: 0)
2026-06-18 22:15:45,493 - INFO - Produced Event: {'animal_id': 90, 'temperature': 37.86, 'heart_rate': 85}
2026-06-18 22:15:47,497 - INFO - Produced Event: {'animal_id': 40, 'temperature': 40.52, 'heart_rate': 84}
2026-06-18 22:15:49,502 - INFO - Produced Event: {'animal_id': 37, 'temperature': 40.72, 'heart_rate': 70}
2026-06-18 22:15:51,506 - INFO - Produced Event: {'animal_id': 82, 'temperature': 39.06, 'heart_rate': 68}
2026-06-18 22:15:53,511 - INFO - Produced Event: {'animal_id': 30, 'temperature': 37.19, 'heart_rate': 97}
2026-06-18 22:15:55,516 - INFO - Produced Event: {'animal_id': 15, 'temperature': 41.22, 'heart_rate': 117}
2026-06-18 22:15:57,524 - INFO - Produced Event: {'animal_id': 44, 'temperature': 41.92, 'heart_rate': 135}
2026-06-18 22:15:59,529 - INFO - Produced Event: {'animal_id': 58, 'temperature': 41.24, 'heart_rate': 109}
2026-06-18 22:16:01,535 - INFO - Produced Event: {'animal_id': 85, 'temperature': 38.12, 'heart_rate': 81}
2026-06-18 22:16:03,539 - INFO - Produced Event: {'animal_id': 73, 'temperature': 41.21, 'heart_rate': 89}
2026-06-18 22:16:05,546 - INFO - Produced Event: {'animal_id': 2, 'temperature': 40.47, 'heart_rate': 135}
2026-06-18 22:16:07,553 - INFO - Produced Event: {'animal_id': 23, 'temperature': 40.28, 'heart_rate': 121}
2026-06-18 22:16:09,558 - INFO - Produced Event: {'animal_id': 100, 'temperature': 37.8, 'heart_rate': 80}
2026-06-18 22:16:11,562 - INFO - Produced Event: {'animal_id': 71, 'temperature': 39.03, 'heart_rate': 100}
2026-06-18 22:16:13,573 - INFO - Produced Event: {'animal_id': 61, 'temperature': 37.64, 'heart_rate': 104}
2026-06-18 22:16:15,582 - INFO - Produced Event: {'animal_id': 2, 'temperature': 39.82, 'heart_rate': 65}
2026-06-18 22:16:17,597 - INFO - Produced Event: {'animal_id': 17, 'temperature': 40.05, 'heart_rate': 94}
2026-06-18 22:16:19,604 - INFO - Produced Event: {'animal_id': 54, 'temperature': 37.14, 'heart_rate': 86}
2026-06-18 22:16:21,614 - INFO - Produced Event: {'animal_id': 43, 'temperature': 41.54, 'heart_rate': 101}
2026-06-18 22:16:23,628 - INFO - Produced Event: {'animal_id': 29, 'temperature': 39.99, 'heart_rate': 134}
2026-06-18 22:16:25,634 - INFO - Produced Event: {'animal_id': 9, 'temperature': 38.84, 'heart_rate': 116}
2026-06-18 22:16:27,645 - INFO - Produced Event: {'animal_id': 86, 'temperature': 37.75, 'heart_rate': 91}
2026-06-18 22:16:29,652 - INFO - Produced Event: {'animal_id': 6, 'temperature': 40.53, 'heart_rate': 71}
2026-06-18 22:16:31,656 - INFO - Produced Event: {'animal_id': 59, 'temperature': 41.95, 'heart_rate': 71}
2026-06-18 22:16:33,660 - INFO - Produced Event: {'animal_id': 3, 'temperature': 39.9, 'heart_rate': 129}
2026-06-18 22:16:35,666 - INFO - Produced Event: {'animal_id': 47, 'temperature': 40.26, 'heart_rate': 114}
2026-06-18 22:16:37,673 - INFO - Produced Event: {'animal_id': 40, 'temperature': 39.9, 'heart_rate': 68}
2026-06-18 22:16:39,683 - INFO - Produced Event: {'animal_id': 1, 'temperature': 41.5, 'heart_rate': 80}
2026-06-18 22:16:41,688 - INFO - Produced Event: {'animal_id': 49, 'temperature': 40.83, 'heart_rate': 95}
2026-06-18 22:16:43,693 - INFO - Produced Event: {'animal_id': 58, 'temperature': 41.25, 'heart_rate': 116}
2026-06-18 22:16:45,702 - INFO - Produced Event: {'animal_id': 41, 'temperature': 40.54, 'heart_rate': 100}
2026-06-18 22:16:47,713 - INFO - Produced Event: {'animal_id': 8, 'temperature': 40.69, 'heart_rate': 120}
2026-06-18 22:16:49,720 - INFO - Produced Event: {'animal_id': 1, 'temperature': 41.56, 'heart_rate': 92}
2026-06-18 22:16:51,728 - INFO - Produced Event: {'animal_id': 56, 'temperature': 41.45, 'heart_rate': 126}
2026-06-18 22:16:53,732 - INFO - Produced Event: {'animal_id': 10, 'temperature': 39.61, 'heart_rate': 62}
2026-06-18 22:16:55,740 - INFO - Produced Event: {'animal_id': 10, 'temperature': 39.35, 'heart_rate': 117}
2026-06-18 22:16:57,747 - INFO - Produced Event: {'animal_id': 20, 'temperature': 40.15, 'heart_rate': 72}
2026-06-18 22:16:59,751 - INFO - Produced Event: {'animal_id': 92, 'temperature': 39.36, 'heart_rate': 68}
2026-06-18 22:17:01,756 - INFO - Produced Event: {'animal_id': 18, 'temperature': 39.53, 'heart_rate': 73}
2026-06-18 22:17:03,761 - INFO - Produced Event: {'animal_id': 33, 'temperature': 38.73, 'heart_rate': 65}
2026-06-18 22:17:05,768 - INFO - Produced Event: {'animal_id': 48, 'temperature': 39.99, 'heart_rate': 127}
2026-06-18 22:17:07,775 - INFO - Produced Event: {'animal_id': 22, 'temperature': 41.81, 'heart_rate': 75}
2026-06-18 22:17:09,781 - INFO - Produced Event: {'animal_id': 51, 'temperature': 41.17, 'heart_rate': 124}
2026-06-18 22:17:11,789 - INFO - Produced Event: {'animal_id': 10, 'temperature': 37.16, 'heart_rate': 92}
2026-06-18 22:17:13,798 - INFO - Produced Event: {'animal_id': 72, 'temperature': 38.61, 'heart_rate': 123}
2026-06-18 22:17:15,806 - INFO - Produced Event: {'animal_id': 39, 'temperature': 38.81, 'heart_rate': 77}
2026-06-18 22:17:17,815 - INFO - Produced Event: {'animal_id': 40, 'temperature': 41.01, 'heart_rate': 120}
2026-06-18 22:17:19,820 - INFO - Produced Event: {'animal_id': 82, 'temperature': 41.52, 'heart_rate': 63}
2026-06-18 22:17:21,824 - INFO - Produced Event: {'animal_id': 83, 'temperature': 38.67, 'heart_rate': 77}
2026-06-18 22:17:23,830 - INFO - Produced Event: {'animal_id': 64, 'temperature': 37.57, 'heart_rate': 64}
2026-06-18 22:17:25,838 - INFO - Produced Event: {'animal_id': 84, 'temperature': 41.07, 'heart_rate': 132}
2026-06-18 22:17:27,846 - INFO - Produced Event: {'animal_id': 78, 'temperature': 38.23, 'heart_rate': 131}
2026-06-18 22:17:29,852 - INFO - Produced Event: {'animal_id': 8, 'temperature': 40.24, 'heart_rate': 109}
2026-06-18 22:17:31,857 - INFO - Produced Event: {'animal_id': 57, 'temperature': 37.91, 'heart_rate': 94}
2026-06-18 22:17:33,865 - INFO - Produced Event: {'animal_id': 73, 'temperature': 40.91, 'heart_rate': 114}
2026-06-18 22:17:35,873 - INFO - Produced Event: {'animal_id': 18, 'temperature': 38.27, 'heart_rate': 125}
2026-06-18 22:17:37,880 - INFO - Produced Event: {'animal_id': 79, 'temperature': 39.13, 'heart_rate': 81}
2026-06-18 22:17:39,886 - INFO - Produced Event: {'animal_id': 65, 'temperature': 41.17, 'heart_rate': 73}
2026-06-18 22:17:41,890 - INFO - Produced Event: {'animal_id': 55, 'temperature': 41.77, 'heart_rate': 63}
2026-06-18 22:17:43,894 - INFO - Produced Event: {'animal_id': 62, 'temperature': 38.79, 'heart_rate': 83}
2026-06-18 22:17:45,907 - INFO - Produced Event: {'animal_id': 17, 'temperature': 40.04, 'heart_rate': 88}
2026-06-18 22:17:47,924 - INFO - Produced Event: {'animal_id': 27, 'temperature': 38.41, 'heart_rate': 114}
2026-06-18 22:17:49,928 - INFO - Produced Event: {'animal_id': 12, 'temperature': 41.21, 'heart_rate': 136}
2026-06-18 22:17:51,933 - INFO - Produced Event: {'animal_id': 40, 'temperature': 38.08, 'heart_rate': 93}
2026-06-18 22:17:53,937 - INFO - Produced Event: {'animal_id': 67, 'temperature': 41.72, 'heart_rate': 105}
2026-06-18 22:17:55,948 - INFO - Produced Event: {'animal_id': 18, 'temperature': 41.85, 'heart_rate': 71}
2026-06-18 22:17:57,961 - INFO - Produced Event: {'animal_id': 58, 'temperature': 38.86, 'heart_rate': 70}
2026-06-18 22:17:59,966 - INFO - Produced Event: {'animal_id': 1, 'temperature': 41.46, 'heart_rate': 125}
2026-06-18 22:18:01,973 - INFO - Produced Event: {'animal_id': 12, 'temperature': 37.05, 'heart_rate': 110}
2026-06-18 22:18:03,979 - INFO - Produced Event: {'animal_id': 13, 'temperature': 41.18, 'heart_rate': 87}
2026-06-18 22:18:05,988 - INFO - Produced Event: {'animal_id': 58, 'temperature': 41.26, 'heart_rate': 105}
2026-06-18 22:18:07,996 - INFO - Produced Event: {'animal_id': 35, 'temperature': 38.38, 'heart_rate': 113}
2026-06-18 22:18:10,009 - INFO - Produced Event: {'animal_id': 35, 'temperature': 40.81, 'heart_rate': 85}
2026-06-18 22:18:12,016 - INFO - Produced Event: {'animal_id': 40, 'temperature': 41.95, 'heart_rate': 94}
2026-06-18 22:18:14,020 - INFO - Produced Event: {'animal_id': 19, 'temperature': 40.19, 'heart_rate': 94}
2026-06-18 22:18:16,025 - INFO - Produced Event: {'animal_id': 69, 'temperature': 38.77, 'heart_rate': 63}
2026-06-18 22:18:18,031 - INFO - Produced Event: {'animal_id': 8, 'temperature': 41.9, 'heart_rate': 97}
2026-06-18 22:18:20,036 - INFO - Produced Event: {'animal_id': 73, 'temperature': 41.32, 'heart_rate': 92}
2026-06-18 22:18:22,041 - INFO - Produced Event: {'animal_id': 43, 'temperature': 41.17, 'heart_rate': 140}
2026-06-18 22:18:24,049 - INFO - Produced Event: {'animal_id': 67, 'temperature': 41.4, 'heart_rate': 70}
2026-06-18 22:18:26,061 - INFO - Produced Event: {'animal_id': 91, 'temperature': 39.29, 'heart_rate': 73}
2026-06-18 22:18:28,068 - INFO - Produced Event: {'animal_id': 58, 'temperature': 41.97, 'heart_rate': 94}
2026-06-18 22:18:30,077 - INFO - Produced Event: {'animal_id': 33, 'temperature': 40.74, 'heart_rate': 121}
2026-06-18 22:18:32,083 - INFO - Produced Event: {'animal_id': 43, 'temperature': 39.81, 'heart_rate': 136}
2026-06-18 22:18:34,088 - INFO - Produced Event: {'animal_id': 26, 'temperature': 39.19, 'heart_rate': 108}
2026-06-18 22:18:36,095 - INFO - Produced Event: {'animal_id': 55, 'temperature': 37.83, 'heart_rate': 85}
2026-06-18 22:18:38,105 - INFO - Produced Event: {'animal_id': 19, 'temperature': 41.34, 'heart_rate': 97}
2026-06-18 22:18:40,111 - INFO - Produced Event: {'animal_id': 69, 'temperature': 40.95, 'heart_rate': 79}
2026-06-18 22:18:42,116 - INFO - Produced Event: {'animal_id': 67, 'temperature': 39.72, 'heart_rate': 65}
2026-06-18 22:18:44,121 - INFO - Produced Event: {'animal_id': 28, 'temperature': 38.78, 'heart_rate': 135}
2026-06-18 22:18:46,125 - INFO - Produced Event: {'animal_id': 77, 'temperature': 41.55, 'heart_rate': 64}
2026-06-18 22:18:48,132 - INFO - Produced Event: {'animal_id': 70, 'temperature': 41.37, 'heart_rate': 139}
2026-06-18 22:18:50,137 - INFO - Produced Event: {'animal_id': 43, 'temperature': 38.93, 'heart_rate': 116}
2026-06-18 22:18:52,145 - INFO - Produced Event: {'animal_id': 32, 'temperature': 39.07, 'heart_rate': 86}
2026-06-18 22:18:54,151 - INFO - Produced Event: {'animal_id': 95, 'temperature': 38.82, 'heart_rate': 86}
2026-06-18 22:18:56,160 - INFO - Produced Event: {'animal_id': 94, 'temperature': 39.44, 'heart_rate': 94}
2026-06-18 22:18:58,168 - INFO - Produced Event: {'animal_id': 31, 'temperature': 38.07, 'heart_rate': 87}
2026-06-18 22:19:00,173 - INFO - Produced Event: {'animal_id': 70, 'temperature': 41.62, 'heart_rate': 108}
2026-06-18 22:19:02,185 - INFO - Produced Event: {'animal_id': 3, 'temperature': 39.3, 'heart_rate': 120}
2026-06-18 22:19:04,195 - INFO - Produced Event: {'animal_id': 7, 'temperature': 38.2, 'heart_rate': 124}
2026-06-18 22:19:06,200 - INFO - Produced Event: {'animal_id': 16, 'temperature': 41.02, 'heart_rate': 108}
2026-06-18 22:19:08,209 - INFO - Produced Event: {'animal_id': 59, 'temperature': 37.23, 'heart_rate': 112}
2026-06-18 22:19:10,214 - INFO - Produced Event: {'animal_id': 88, 'temperature': 39.89, 'heart_rate': 134}
2026-06-18 22:19:12,219 - INFO - Produced Event: {'animal_id': 84, 'temperature': 37.08, 'heart_rate': 139}
2026-06-18 22:19:14,223 - INFO - Produced Event: {'animal_id': 16, 'temperature': 40.84, 'heart_rate': 97}
2026-06-18 22:19:16,238 - INFO - Produced Event: {'animal_id': 83, 'temperature': 41.51, 'heart_rate': 114}
2026-06-18 22:19:18,245 - INFO - Produced Event: {'animal_id': 30, 'temperature': 37.72, 'heart_rate': 124}
2026-06-18 22:19:20,254 - INFO - Produced Event: {'animal_id': 59, 'temperature': 40.65, 'heart_rate': 134}
2026-06-18 22:19:22,260 - INFO - Produced Event: {'animal_id': 2, 'temperature': 38.94, 'heart_rate': 117}
2026-06-18 22:19:24,264 - INFO - Produced Event: {'animal_id': 31, 'temperature': 39.14, 'heart_rate': 77}
2026-06-18 22:19:26,276 - INFO - Produced Event: {'animal_id': 58, 'temperature': 41.4, 'heart_rate': 87}
2026-06-18 22:19:28,284 - INFO - Produced Event: {'animal_id': 9, 'temperature': 41.15, 'heart_rate': 100}
2026-06-18 22:19:30,294 - INFO - Produced Event: {'animal_id': 23, 'temperature': 39.7, 'heart_rate': 130}
2026-06-18 22:19:32,300 - INFO - Produced Event: {'animal_id': 42, 'temperature': 41.16, 'heart_rate': 126}
2026-06-18 22:19:34,306 - INFO - Produced Event: {'animal_id': 39, 'temperature': 40.75, 'heart_rate': 102}
2026-06-18 22:19:36,322 - INFO - Produced Event: {'animal_id': 7, 'temperature': 39.4, 'heart_rate': 66}
2026-06-18 22:19:38,336 - INFO - Produced Event: {'animal_id': 43, 'temperature': 39.72, 'heart_rate': 78}
2026-06-18 22:19:40,343 - INFO - Produced Event: {'animal_id': 48, 'temperature': 41.98, 'heart_rate': 110}
2026-06-18 22:19:42,349 - INFO - Produced Event: {'animal_id': 73, 'temperature': 38.1, 'heart_rate': 60}
2026-06-18 22:19:44,354 - INFO - Produced Event: {'animal_id': 74, 'temperature': 39.96, 'heart_rate': 89}
2026-06-18 22:19:46,374 - INFO - Produced Event: {'animal_id': 83, 'temperature': 40.1, 'heart_rate': 140}
2026-06-18 22:19:48,380 - INFO - Produced Event: {'animal_id': 20, 'temperature': 37.05, 'heart_rate': 130}
2026-06-18 22:19:50,385 - INFO - Produced Event: {'animal_id': 94, 'temperature': 39.88, 'heart_rate': 80}
2026-06-18 22:19:52,389 - INFO - Produced Event: {'animal_id': 84, 'temperature': 39.67, 'heart_rate': 71}
2026-06-18 22:19:54,394 - INFO - Produced Event: {'animal_id': 44, 'temperature': 37.04, 'heart_rate': 61}
2026-06-18 22:19:56,399 - INFO - Produced Event: {'animal_id': 49, 'temperature': 40.44, 'heart_rate': 98}
2026-06-18 22:19:58,403 - INFO - Produced Event: {'animal_id': 84, 'temperature': 37.15, 'heart_rate': 83}
2026-06-18 22:20:00,407 - INFO - Produced Event: {'animal_id': 71, 'temperature': 39.98, 'heart_rate': 123}
2026-06-18 22:20:02,417 - INFO - Produced Event: {'animal_id': 60, 'temperature': 37.46, 'heart_rate': 122}
2026-06-18 22:20:04,424 - INFO - Produced Event: {'animal_id': 75, 'temperature': 40.71, 'heart_rate': 83}
2026-06-18 22:20:06,432 - INFO - Produced Event: {'animal_id': 90, 'temperature': 41.82, 'heart_rate': 83}
2026-06-18 22:20:08,441 - INFO - Produced Event: {'animal_id': 32, 'temperature': 38.98, 'heart_rate': 85}
2026-06-18 22:20:10,446 - INFO - Produced Event: {'animal_id': 46, 'temperature': 41.8, 'heart_rate': 122}
2026-06-18 22:20:12,457 - INFO - Produced Event: {'animal_id': 77, 'temperature': 38.41, 'heart_rate': 62}
2026-06-18 22:20:14,463 - INFO - Produced Event: {'animal_id': 16, 'temperature': 40.91, 'heart_rate': 103}
2026-06-18 22:20:16,467 - INFO - Produced Event: {'animal_id': 29, 'temperature': 37.01, 'heart_rate': 102}
2026-06-18 22:20:18,473 - INFO - Produced Event: {'animal_id': 47, 'temperature': 40.59, 'heart_rate': 126}
2026-06-18 22:20:20,478 - INFO - Produced Event: {'animal_id': 22, 'temperature': 37.26, 'heart_rate': 88}
2026-06-18 22:20:22,492 - INFO - Produced Event: {'animal_id': 86, 'temperature': 41.31, 'heart_rate': 68}
2026-06-18 22:20:24,500 - INFO - Produced Event: {'animal_id': 13, 'temperature': 39.72, 'heart_rate': 96}
2026-06-18 22:20:26,505 - INFO - Produced Event: {'animal_id': 87, 'temperature': 37.01, 'heart_rate': 71}
2026-06-18 22:20:28,515 - INFO - Produced Event: {'animal_id': 67, 'temperature': 39.06, 'heart_rate': 84}
2026-06-18 22:20:30,525 - INFO - Produced Event: {'animal_id': 93, 'temperature': 37.43, 'heart_rate': 120}
2026-06-18 22:20:32,531 - INFO - Produced Event: {'animal_id': 63, 'temperature': 39.75, 'heart_rate': 74}
2026-06-18 22:20:34,539 - INFO - Produced Event: {'animal_id': 69, 'temperature': 39.58, 'heart_rate': 88}
2026-06-18 22:20:36,543 - INFO - Produced Event: {'animal_id': 99, 'temperature': 40.38, 'heart_rate': 126}
2026-06-18 22:20:38,548 - INFO - Produced Event: {'animal_id': 42, 'temperature': 41.26, 'heart_rate': 116}
2026-06-18 22:20:40,552 - INFO - Produced Event: {'animal_id': 43, 'temperature': 40.37, 'heart_rate': 132}
2026-06-18 22:20:42,557 - INFO - Produced Event: {'animal_id': 15, 'temperature': 41.21, 'heart_rate': 133}
2026-06-18 22:20:44,562 - INFO - Produced Event: {'animal_id': 18, 'temperature': 38.84, 'heart_rate': 128}
2026-06-18 22:20:45,483 - INFO - Metadata refresh (node_id=1)
2026-06-18 22:20:45,487 - INFO - Updated metadata: ClusterMetadata(brokers: 1, topics: 1, coordinators: 0)
2026-06-18 22:20:46,568 - INFO - Produced Event: {'animal_id': 30, 'temperature': 39.37, 'heart_rate': 89}
2026-06-18 22:20:48,572 - INFO - Produced Event: {'animal_id': 48, 'temperature': 39.35, 'heart_rate': 123}
2026-06-18 22:20:50,576 - INFO - Produced Event: {'animal_id': 22, 'temperature': 37.27, 'heart_rate': 135}
2026-06-18 22:20:52,585 - INFO - Produced Event: {'animal_id': 69, 'temperature': 39.88, 'heart_rate': 129}
2026-06-18 22:20:54,591 - INFO - Produced Event: {'animal_id': 18, 'temperature': 39.57, 'heart_rate': 79}
2026-06-18 22:20:56,599 - INFO - Produced Event: {'animal_id': 26, 'temperature': 39.05, 'heart_rate': 78}
2026-06-18 22:20:58,604 - INFO - Produced Event: {'animal_id': 87, 'temperature': 41.94, 'heart_rate': 101}
2026-06-18 22:21:00,611 - INFO - Produced Event: {'animal_id': 100, 'temperature': 41.75, 'heart_rate': 109}
2026-06-18 22:21:02,617 - INFO - Produced Event: {'animal_id': 32, 'temperature': 37.37, 'heart_rate': 89}
2026-06-18 22:21:04,621 - INFO - Produced Event: {'animal_id': 61, 'temperature': 37.08, 'heart_rate': 118}
2026-06-18 22:21:06,629 - INFO - Produced Event: {'animal_id': 1, 'temperature': 41.17, 'heart_rate': 89}
2026-06-18 22:21:08,634 - INFO - Produced Event: {'animal_id': 42, 'temperature': 37.12, 'heart_rate': 95}
2026-06-18 22:21:10,642 - INFO - Produced Event: {'animal_id': 9, 'temperature': 40.13, 'heart_rate': 133}
2026-06-18 22:21:12,648 - INFO - Produced Event: {'animal_id': 38, 'temperature': 41.05, 'heart_rate': 108}
2026-06-18 22:21:14,657 - INFO - Produced Event: {'animal_id': 18, 'temperature': 41.08, 'heart_rate': 130}
2026-06-18 22:21:16,662 - INFO - Produced Event: {'animal_id': 95, 'temperature': 40.5, 'heart_rate': 79}
2026-06-18 22:21:18,666 - INFO - Produced Event: {'animal_id': 36, 'temperature': 40.16, 'heart_rate': 65}
2026-06-18 22:21:20,670 - INFO - Produced Event: {'animal_id': 49, 'temperature': 37.1, 'heart_rate': 84}
2026-06-18 22:21:22,676 - INFO - Produced Event: {'animal_id': 36, 'temperature': 40.3, 'heart_rate': 110}
2026-06-18 22:21:24,680 - INFO - Produced Event: {'animal_id': 26, 'temperature': 37.21, 'heart_rate': 87}
2026-06-18 22:21:26,684 - INFO - Produced Event: {'animal_id': 53, 'temperature': 37.33, 'heart_rate': 128}
2026-06-18 22:21:28,689 - INFO - Produced Event: {'animal_id': 33, 'temperature': 37.87, 'heart_rate': 103}
2026-06-18 22:21:30,693 - INFO - Produced Event: {'animal_id': 53, 'temperature': 38.55, 'heart_rate': 63}
2026-06-18 22:21:32,698 - INFO - Produced Event: {'animal_id': 7, 'temperature': 38.81, 'heart_rate': 108}
2026-06-18 22:21:34,702 - INFO - Produced Event: {'animal_id': 71, 'temperature': 37.73, 'heart_rate': 113}
2026-06-18 22:21:36,709 - INFO - Produced Event: {'animal_id': 4, 'temperature': 37.47, 'heart_rate': 140}
2026-06-18 22:21:38,715 - INFO - Produced Event: {'animal_id': 43, 'temperature': 40.37, 'heart_rate': 107}
2026-06-18 22:21:40,724 - INFO - Produced Event: {'animal_id': 80, 'temperature': 38.19, 'heart_rate': 71}
2026-06-18 22:21:42,732 - INFO - Produced Event: {'animal_id': 7, 'temperature': 41.27, 'heart_rate': 131}
2026-06-18 22:21:44,736 - INFO - Produced Event: {'animal_id': 96, 'temperature': 37.21, 'heart_rate': 103}
2026-06-18 22:21:46,740 - INFO - Produced Event: {'animal_id': 39, 'temperature': 40.82, 'heart_rate': 83}
2026-06-18 22:21:48,749 - INFO - Produced Event: {'animal_id': 88, 'temperature': 39.22, 'heart_rate': 137}
2026-06-18 22:21:50,758 - INFO - Produced Event: {'animal_id': 35, 'temperature': 39.6, 'heart_rate': 138}
2026-06-18 22:21:52,761 - INFO - Produced Event: {'animal_id': 97, 'temperature': 37.82, 'heart_rate': 67}
2026-06-18 22:21:54,767 - INFO - Produced Event: {'animal_id': 5, 'temperature': 39.93, 'heart_rate': 73}
2026-06-18 22:21:56,771 - INFO - Produced Event: {'animal_id': 14, 'temperature': 40.85, 'heart_rate': 63}
2026-06-18 22:21:58,780 - INFO - Produced Event: {'animal_id': 56, 'temperature': 40.17, 'heart_rate': 108}
2026-06-18 22:22:00,786 - INFO - Produced Event: {'animal_id': 83, 'temperature': 41.96, 'heart_rate': 81}
2026-06-18 22:22:02,792 - INFO - Produced Event: {'animal_id': 80, 'temperature': 39.36, 'heart_rate': 93}
2026-06-18 22:22:04,796 - INFO - Produced Event: {'animal_id': 71, 'temperature': 41.4, 'heart_rate': 76}
2026-06-18 22:22:06,800 - INFO - Produced Event: {'animal_id': 1, 'temperature': 39.77, 'heart_rate': 77}
2026-06-18 22:22:08,804 - INFO - Produced Event: {'animal_id': 68, 'temperature': 40.67, 'heart_rate': 140}
2026-06-18 22:22:10,811 - INFO - Produced Event: {'animal_id': 68, 'temperature': 37.96, 'heart_rate': 112}
2026-06-18 22:22:12,817 - INFO - Produced Event: {'animal_id': 11, 'temperature': 38.35, 'heart_rate': 139}
2026-06-18 22:22:14,822 - INFO - Produced Event: {'animal_id': 46, 'temperature': 40.73, 'heart_rate': 68}
2026-06-18 22:22:16,827 - INFO - Produced Event: {'animal_id': 26, 'temperature': 37.05, 'heart_rate': 123}
2026-06-18 22:22:18,834 - INFO - Produced Event: {'animal_id': 17, 'temperature': 41.64, 'heart_rate': 98}
2026-06-18 22:22:20,842 - INFO - Produced Event: {'animal_id': 70, 'temperature': 38.24, 'heart_rate': 122}
2026-06-18 22:22:22,849 - INFO - Produced Event: {'animal_id': 83, 'temperature': 40.13, 'heart_rate': 81}
2026-06-19 16:55:24,305 - WARNING - socks5_proxy is deprecated, use proxy_url instead
2026-06-19 16:55:54,319 - ERROR - Connection failed: KafkaConnectionError: Connection timed out
2026-06-19 16:55:54,320 - INFO - Metadata refresh (node_id=bootstrap-0)
2026-06-19 16:55:54,321 - ERROR - Metadata refresh: failed NodeNotReadyError: bootstrap-0
2026-06-19 16:55:54,322 - ERROR - Bootstrap attempt to bootstrap-0 failed: NodeNotReadyError: bootstrap-0
2026-06-19 16:55:54,322 - ERROR - Bootstrap failed: KafkaTimeoutError: Unable to bootstrap from localhost:9092
2026-06-19 17:48:58,968 - WARNING - socks5_proxy is deprecated, use proxy_url instead
2026-06-19 17:48:59,016 - INFO - <KafkaConnection node_id=bootstrap-0 host=[::1:9092<-58533] broker_version=unknown (initializing)>: Broker version identified as 3.5
2026-06-19 17:48:59,017 - INFO - Metadata refresh (node_id=bootstrap-0)
2026-06-19 17:48:59,042 - INFO - Updated metadata: ClusterMetadata(brokers: 1, topics: 0, coordinators: 0)
2026-06-19 17:48:59,043 - INFO - Bootstrap complete: ClusterMetadata(brokers: 1, topics: 0, coordinators: 0)
2026-06-19 17:48:59,043 - INFO - <KafkaTCPTransport [::1:9092<-58533]>: Closing transport
2026-06-19 17:48:59,045 - INFO - Starting metadata refresh loop
2026-06-19 17:48:59,045 - INFO - <KafkaProducer client_id=kafka-python-producer-1 transactional_id=None>: Instantiated an idempotent producer.
2026-06-19 17:48:59,047 - INFO - ProducerId set to -1 with epoch -1
2026-06-19 17:48:59,059 - INFO - <KafkaConnection node_id=1 host=[::1:9092<-58534] broker_version=(3, 5) (initializing)>: Broker version identified as 3.5
2026-06-19 17:48:59,060 - INFO - <KafkaConnection node_id=1 host=[::1:9092<-58534] broker_version=(3, 5) (initializing)>: Clamping client to user-supplied broker version 3.5
2026-06-19 17:48:59,108 - INFO - ProducerId set to 0 with epoch 0
2026-06-19 17:48:59,154 - INFO - Metadata refresh (node_id=1)
2026-06-19 17:48:59,238 - WARNING - Topic sensor-events is not available during auto-create initialization
2026-06-19 17:48:59,239 - INFO - Updated metadata: ClusterMetadata(brokers: 1, topics: 0, coordinators: 0)
2026-06-19 17:48:59,340 - INFO - Metadata refresh (node_id=1)
2026-06-19 17:48:59,351 - WARNING - Topic sensor-events is not available during auto-create initialization
2026-06-19 17:48:59,351 - INFO - Updated metadata: ClusterMetadata(brokers: 1, topics: 0, coordinators: 0)
2026-06-19 17:48:59,466 - INFO - Metadata refresh (node_id=1)
2026-06-19 17:48:59,474 - WARNING - Topic sensor-events is not available during auto-create initialization
2026-06-19 17:48:59,474 - INFO - Updated metadata: ClusterMetadata(brokers: 1, topics: 0, coordinators: 0)
2026-06-19 17:48:59,577 - INFO - Metadata refresh (node_id=1)
2026-06-19 17:48:59,582 - INFO - Updated metadata: ClusterMetadata(brokers: 1, topics: 1, coordinators: 0)
2026-06-19 17:48:59,662 - INFO - Produced Event: {'animal_id': 95, 'temperature': 41.66, 'heart_rate': 69}
2026-06-19 17:49:01,667 - INFO - Produced Event: {'animal_id': 9, 'temperature': 37.75, 'heart_rate': 92}
2026-06-19 17:49:03,673 - INFO - Produced Event: {'animal_id': 13, 'temperature': 37.52, 'heart_rate': 132}
2026-06-19 17:49:05,678 - INFO - Produced Event: {'animal_id': 20, 'temperature': 40.03, 'heart_rate': 88}
2026-06-19 17:49:07,685 - INFO - Produced Event: {'animal_id': 41, 'temperature': 40.61, 'heart_rate': 93}
2026-06-19 17:49:09,692 - INFO - Produced Event: {'animal_id': 59, 'temperature': 41.57, 'heart_rate': 115}
2026-06-19 17:49:11,698 - INFO - Produced Event: {'animal_id': 66, 'temperature': 38.59, 'heart_rate': 116}
2026-06-19 17:49:13,710 - INFO - Produced Event: {'animal_id': 48, 'temperature': 37.49, 'heart_rate': 74}
2026-06-19 17:49:15,722 - INFO - Produced Event: {'animal_id': 50, 'temperature': 40.16, 'heart_rate': 114}
2026-06-19 17:49:17,729 - INFO - Produced Event: {'animal_id': 54, 'temperature': 41.7, 'heart_rate': 90}
2026-06-19 17:49:19,734 - INFO - Produced Event: {'animal_id': 77, 'temperature': 38.84, 'heart_rate': 79}
2026-06-19 17:49:21,740 - INFO - Produced Event: {'animal_id': 55, 'temperature': 39.15, 'heart_rate': 96}
2026-06-19 17:49:23,747 - INFO - Produced Event: {'animal_id': 85, 'temperature': 39.81, 'heart_rate': 82}
2026-06-19 17:49:25,752 - INFO - Produced Event: {'animal_id': 87, 'temperature': 41.91, 'heart_rate': 106}
2026-06-19 17:49:27,756 - INFO - Produced Event: {'animal_id': 55, 'temperature': 39.24, 'heart_rate': 101}
2026-06-19 17:49:29,762 - INFO - Produced Event: {'animal_id': 70, 'temperature': 40.37, 'heart_rate': 72}
2026-06-19 18:06:26,518 - WARNING - socks5_proxy is deprecated, use proxy_url instead
2026-06-19 18:06:26,549 - INFO - <KafkaConnection node_id=bootstrap-0 host=[::1:9092<-52777] broker_version=unknown (initializing)>: Broker version identified as 3.5
2026-06-19 18:06:26,550 - INFO - Metadata refresh (node_id=bootstrap-0)
2026-06-19 18:06:26,567 - INFO - Updated metadata: ClusterMetadata(brokers: 1, topics: 0, coordinators: 0)
2026-06-19 18:06:26,567 - INFO - Bootstrap complete: ClusterMetadata(brokers: 1, topics: 0, coordinators: 0)
2026-06-19 18:06:26,568 - INFO - <KafkaTCPTransport [::1:9092<-52777]>: Closing transport
2026-06-19 18:06:26,568 - INFO - Starting metadata refresh loop
2026-06-19 18:06:26,569 - INFO - <KafkaProducer client_id=kafka-python-producer-1 transactional_id=None>: Instantiated an idempotent producer.
2026-06-19 18:06:26,570 - INFO - ProducerId set to -1 with epoch -1
2026-06-19 18:06:26,581 - INFO - <KafkaConnection node_id=1 host=[::1:9092<-52778] broker_version=(3, 5) (initializing)>: Broker version identified as 3.5
2026-06-19 18:06:26,581 - INFO - <KafkaConnection node_id=1 host=[::1:9092<-52778] broker_version=(3, 5) (initializing)>: Clamping client to user-supplied broker version 3.5
2026-06-19 18:06:26,644 - INFO - ProducerId set to 0 with epoch 0
2026-06-19 18:06:26,674 - INFO - Metadata refresh (node_id=1)
2026-06-19 18:06:26,729 - WARNING - Topic sensor-events is not available during auto-create initialization
2026-06-19 18:06:26,730 - INFO - Updated metadata: ClusterMetadata(brokers: 1, topics: 0, coordinators: 0)
2026-06-19 18:06:26,830 - INFO - Metadata refresh (node_id=1)
2026-06-19 18:06:26,838 - WARNING - Topic sensor-events is not available during auto-create initialization
2026-06-19 18:06:26,839 - INFO - Updated metadata: ClusterMetadata(brokers: 1, topics: 0, coordinators: 0)
2026-06-19 18:06:26,939 - INFO - Metadata refresh (node_id=1)
2026-06-19 18:06:26,944 - INFO - Updated metadata: ClusterMetadata(brokers: 1, topics: 1, coordinators: 0)
2026-06-19 18:06:26,993 - INFO - Produced Event: {'animal_id': 68, 'temperature': 40.13, 'heart_rate': 68}
2026-06-19 18:06:28,999 - INFO - Produced Event: {'animal_id': 14, 'temperature': 40.61, 'heart_rate': 112}
2026-06-19 18:06:31,005 - INFO - Produced Event: {'animal_id': 18, 'temperature': 40.13, 'heart_rate': 101}
2026-06-19 18:06:33,009 - INFO - Produced Event: {'animal_id': 54, 'temperature': 41.42, 'heart_rate': 119}
2026-06-19 18:06:35,016 - INFO - Produced Event: {'animal_id': 80, 'temperature': 41.85, 'heart_rate': 107}
2026-06-19 18:06:37,027 - INFO - Produced Event: {'animal_id': 95, 'temperature': 38.29, 'heart_rate': 87}
2026-06-19 18:06:39,039 - INFO - Produced Event: {'animal_id': 18, 'temperature': 37.62, 'heart_rate': 67}
2026-06-19 18:06:41,046 - INFO - Produced Event: {'animal_id': 46, 'temperature': 38.27, 'heart_rate': 104}
2026-06-19 18:06:43,051 - INFO - Produced Event: {'animal_id': 83, 'temperature': 40.8, 'heart_rate': 120}
2026-06-19 18:06:45,056 - INFO - Produced Event: {'animal_id': 45, 'temperature': 38.03, 'heart_rate': 71}
2026-06-19 18:06:47,064 - INFO - Produced Event: {'animal_id': 63, 'temperature': 41.03, 'heart_rate': 100}
2026-06-19 18:06:49,068 - INFO - Produced Event: {'animal_id': 87, 'temperature': 38.27, 'heart_rate': 87}
2026-06-19 18:06:51,075 - INFO - Produced Event: {'animal_id': 67, 'temperature': 38.59, 'heart_rate': 133}
2026-06-19 18:06:53,082 - INFO - Produced Event: {'animal_id': 57, 'temperature': 37.12, 'heart_rate': 132}
2026-06-19 18:06:55,090 - INFO - Produced Event: {'animal_id': 41, 'temperature': 39.46, 'heart_rate': 93}
2026-06-19 18:06:57,095 - INFO - Produced Event: {'animal_id': 20, 'temperature': 39.76, 'heart_rate': 100}
2026-06-19 18:06:59,100 - INFO - Produced Event: {'animal_id': 1, 'temperature': 40.42, 'heart_rate': 70}
2026-06-19 18:07:01,104 - INFO - Produced Event: {'animal_id': 78, 'temperature': 38.76, 'heart_rate': 127}
2026-06-19 18:07:03,109 - INFO - Produced Event: {'animal_id': 6, 'temperature': 40.49, 'heart_rate': 105}
2026-06-19 18:07:05,114 - INFO - Produced Event: {'animal_id': 89, 'temperature': 39.52, 'heart_rate': 123}
2026-06-19 18:07:07,118 - INFO - Produced Event: {'animal_id': 21, 'temperature': 38.91, 'heart_rate': 97}
2026-06-19 18:07:09,127 - INFO - Produced Event: {'animal_id': 14, 'temperature': 40.05, 'heart_rate': 96}
2026-06-19 18:07:11,131 - INFO - Produced Event: {'animal_id': 73, 'temperature': 37.75, 'heart_rate': 126}
2026-06-19 18:07:13,136 - INFO - Produced Event: {'animal_id': 45, 'temperature': 39.28, 'heart_rate': 60}
2026-06-19 18:07:15,141 - INFO - Produced Event: {'animal_id': 79, 'temperature': 38.98, 'heart_rate': 139}
2026-06-19 18:07:17,149 - INFO - Produced Event: {'animal_id': 29, 'temperature': 41.69, 'heart_rate': 112}
2026-06-19 18:07:19,160 - INFO - Produced Event: {'animal_id': 100, 'temperature': 37.94, 'heart_rate': 119}
2026-06-19 18:07:21,166 - INFO - Produced Event: {'animal_id': 40, 'temperature': 38.5, 'heart_rate': 118}
2026-06-19 18:07:23,172 - INFO - Produced Event: {'animal_id': 70, 'temperature': 40.38, 'heart_rate': 65}
2026-06-19 18:07:25,176 - INFO - Produced Event: {'animal_id': 45, 'temperature': 40.92, 'heart_rate': 124}
2026-06-19 18:07:27,180 - INFO - Produced Event: {'animal_id': 36, 'temperature': 38.36, 'heart_rate': 90}
2026-06-19 18:10:35,297 - WARNING - socks5_proxy is deprecated, use proxy_url instead
2026-06-19 18:10:35,313 - INFO - <KafkaConnection node_id=bootstrap-0 host=[::1:9092<-60679] broker_version=unknown (initializing)>: Broker version identified as 3.5
2026-06-19 18:10:35,338 - INFO - Metadata refresh (node_id=bootstrap-0)
2026-06-19 18:10:35,345 - INFO - Updated metadata: ClusterMetadata(brokers: 1, topics: 0, coordinators: 0)
2026-06-19 18:10:35,346 - INFO - Bootstrap complete: ClusterMetadata(brokers: 1, topics: 0, coordinators: 0)
2026-06-19 18:10:35,346 - INFO - <KafkaTCPTransport [::1:9092<-60679]>: Closing transport
2026-06-19 18:10:35,346 - INFO - Starting metadata refresh loop
2026-06-19 18:10:35,347 - INFO - <KafkaProducer client_id=kafka-python-producer-1 transactional_id=None>: Instantiated an idempotent producer.
2026-06-19 18:10:35,349 - INFO - ProducerId set to -1 with epoch -1
2026-06-19 18:10:35,352 - INFO - <KafkaConnection node_id=1 host=[::1:9092<-60680] broker_version=(3, 5) (initializing)>: Broker version identified as 3.5
2026-06-19 18:10:35,353 - INFO - <KafkaConnection node_id=1 host=[::1:9092<-60680] broker_version=(3, 5) (initializing)>: Clamping client to user-supplied broker version 3.5
2026-06-19 18:10:35,355 - INFO - ProducerId set to 1 with epoch 0
2026-06-19 18:10:35,448 - INFO - Metadata refresh (node_id=1)
2026-06-19 18:10:35,453 - INFO - Updated metadata: ClusterMetadata(brokers: 1, topics: 1, coordinators: 0)
2026-06-19 18:10:35,465 - INFO - Produced Event: {'animal_id': 67, 'temperature': 39.05, 'heart_rate': 103}
2026-06-19 18:10:37,469 - INFO - Produced Event: {'animal_id': 42, 'temperature': 38.91, 'heart_rate': 68}
2026-06-19 18:10:39,473 - INFO - Produced Event: {'animal_id': 16, 'temperature': 38.37, 'heart_rate': 99}
2026-06-19 18:10:41,477 - INFO - Produced Event: {'animal_id': 21, 'temperature': 41.43, 'heart_rate': 72}
2026-06-19 18:10:43,482 - INFO - Produced Event: {'animal_id': 41, 'temperature': 37.87, 'heart_rate': 71}
2026-06-19 18:10:45,490 - INFO - Produced Event: {'animal_id': 65, 'temperature': 41.9, 'heart_rate': 109}
2026-06-19 18:10:47,495 - INFO - Produced Event: {'animal_id': 2, 'temperature': 38.34, 'heart_rate': 122}
2026-06-19 18:10:49,504 - INFO - Produced Event: {'animal_id': 54, 'temperature': 37.85, 'heart_rate': 61}
2026-06-19 18:10:51,513 - INFO - Produced Event: {'animal_id': 87, 'temperature': 38.98, 'heart_rate': 74}
2026-06-19 18:10:53,521 - INFO - Produced Event: {'animal_id': 40, 'temperature': 37.99, 'heart_rate': 98}
2026-06-19 18:10:55,530 - INFO - Produced Event: {'animal_id': 92, 'temperature': 39.23, 'heart_rate': 71}
2026-06-19 18:10:57,538 - INFO - Produced Event: {'animal_id': 25, 'temperature': 37.85, 'heart_rate': 85}
2026-06-19 18:10:59,545 - INFO - Produced Event: {'animal_id': 72, 'temperature': 40.19, 'heart_rate': 134}
2026-06-19 18:11:01,555 - INFO - Produced Event: {'animal_id': 68, 'temperature': 37.02, 'heart_rate': 118}
2026-06-19 18:11:03,562 - INFO - Produced Event: {'animal_id': 93, 'temperature': 37.12, 'heart_rate': 88}
2026-06-19 18:11:05,572 - INFO - Produced Event: {'animal_id': 57, 'temperature': 38.72, 'heart_rate': 105}
2026-06-19 18:11:07,580 - INFO - Produced Event: {'animal_id': 91, 'temperature': 39.98, 'heart_rate': 75}
2026-06-19 18:11:09,589 - INFO - Produced Event: {'animal_id': 22, 'temperature': 40.19, 'heart_rate': 113}
2026-06-19 18:11:11,596 - INFO - Produced Event: {'animal_id': 96, 'temperature': 41.83, 'heart_rate': 105}
2026-06-19 18:11:13,603 - INFO - Produced Event: {'animal_id': 18, 'temperature': 37.98, 'heart_rate': 74}
2026-06-19 18:11:15,613 - INFO - Produced Event: {'animal_id': 87, 'temperature': 40.8, 'heart_rate': 112}
2026-06-19 18:11:17,620 - INFO - Produced Event: {'animal_id': 86, 'temperature': 37.24, 'heart_rate': 103}
2026-06-19 18:11:19,625 - INFO - Produced Event: {'animal_id': 9, 'temperature': 39.02, 'heart_rate': 103}
2026-06-19 18:11:21,634 - INFO - Produced Event: {'animal_id': 98, 'temperature': 39.92, 'heart_rate': 66}
2026-06-19 18:11:23,643 - INFO - Produced Event: {'animal_id': 49, 'temperature': 38.92, 'heart_rate': 133}
2026-06-19 18:11:25,653 - INFO - Produced Event: {'animal_id': 88, 'temperature': 38.27, 'heart_rate': 110}
2026-06-19 18:11:27,661 - INFO - Produced Event: {'animal_id': 96, 'temperature': 39.66, 'heart_rate': 95}
2026-06-19 18:11:29,672 - INFO - Produced Event: {'animal_id': 73, 'temperature': 37.31, 'heart_rate': 65}
2026-06-19 18:11:31,681 - INFO - Produced Event: {'animal_id': 46, 'temperature': 40.28, 'heart_rate': 122}
2026-06-19 18:11:33,690 - INFO - Produced Event: {'animal_id': 75, 'temperature': 40.08, 'heart_rate': 68}
2026-06-19 18:11:35,698 - INFO - Produced Event: {'animal_id': 98, 'temperature': 41.89, 'heart_rate': 133}
2026-06-19 18:11:37,707 - INFO - Produced Event: {'animal_id': 22, 'temperature': 41.41, 'heart_rate': 102}
2026-06-19 18:11:39,715 - INFO - Produced Event: {'animal_id': 16, 'temperature': 38.08, 'heart_rate': 117}
2026-06-19 18:11:41,723 - INFO - Produced Event: {'animal_id': 23, 'temperature': 41.48, 'heart_rate': 72}
2026-06-19 18:11:43,732 - INFO - Produced Event: {'animal_id': 58, 'temperature': 38.13, 'heart_rate': 116}
2026-06-19 18:11:45,739 - INFO - Produced Event: {'animal_id': 64, 'temperature': 41.15, 'heart_rate': 70}
2026-06-19 18:11:47,748 - INFO - Produced Event: {'animal_id': 3, 'temperature': 37.82, 'heart_rate': 115}
2026-06-19 18:11:49,758 - INFO - Produced Event: {'animal_id': 26, 'temperature': 41.0, 'heart_rate': 138}
2026-06-19 18:11:51,767 - INFO - Produced Event: {'animal_id': 19, 'temperature': 37.27, 'heart_rate': 68}
2026-06-19 18:11:53,776 - INFO - Produced Event: {'animal_id': 35, 'temperature': 37.9, 'heart_rate': 138}
2026-06-19 18:11:55,784 - INFO - Produced Event: {'animal_id': 21, 'temperature': 40.9, 'heart_rate': 81}
2026-06-19 18:11:57,793 - INFO - Produced Event: {'animal_id': 4, 'temperature': 39.25, 'heart_rate': 126}
2026-06-19 18:11:59,802 - INFO - Produced Event: {'animal_id': 58, 'temperature': 37.99, 'heart_rate': 99}
2026-06-19 18:12:01,811 - INFO - Produced Event: {'animal_id': 42, 'temperature': 41.44, 'heart_rate': 111}
2026-06-19 18:12:03,820 - INFO - Produced Event: {'animal_id': 43, 'temperature': 39.0, 'heart_rate': 94}
2026-06-19 18:12:05,828 - INFO - Produced Event: {'animal_id': 11, 'temperature': 41.35, 'heart_rate': 136}
2026-06-19 18:12:07,839 - INFO - Produced Event: {'animal_id': 74, 'temperature': 41.6, 'heart_rate': 67}
2026-06-19 18:12:09,846 - INFO - Produced Event: {'animal_id': 99, 'temperature': 41.33, 'heart_rate': 72}
2026-06-19 18:12:11,853 - INFO - Produced Event: {'animal_id': 57, 'temperature': 41.08, 'heart_rate': 133}
2026-06-19 18:12:13,861 - INFO - Produced Event: {'animal_id': 66, 'temperature': 39.88, 'heart_rate': 120}
2026-06-19 18:12:15,870 - INFO - Produced Event: {'animal_id': 70, 'temperature': 38.91, 'heart_rate': 140}
2026-06-19 18:12:17,879 - INFO - Produced Event: {'animal_id': 91, 'temperature': 41.15, 'heart_rate': 100}
2026-06-19 18:12:19,889 - INFO - Produced Event: {'animal_id': 45, 'temperature': 41.24, 'heart_rate': 97}
2026-06-19 18:12:21,897 - INFO - Produced Event: {'animal_id': 24, 'temperature': 39.77, 'heart_rate': 96}
2026-06-19 18:12:23,906 - INFO - Produced Event: {'animal_id': 24, 'temperature': 38.6, 'heart_rate': 68}
2026-06-19 18:12:25,915 - INFO - Produced Event: {'animal_id': 25, 'temperature': 40.1, 'heart_rate': 105}
2026-06-19 18:12:27,924 - INFO - Produced Event: {'animal_id': 81, 'temperature': 37.98, 'heart_rate': 115}
2026-06-19 18:12:29,931 - INFO - Produced Event: {'animal_id': 11, 'temperature': 41.99, 'heart_rate': 115}
2026-06-19 18:12:31,944 - INFO - Produced Event: {'animal_id': 22, 'temperature': 41.93, 'heart_rate': 96}
2026-06-19 18:12:33,953 - INFO - Produced Event: {'animal_id': 57, 'temperature': 37.26, 'heart_rate': 112}
2026-06-19 18:12:35,960 - INFO - Produced Event: {'animal_id': 5, 'temperature': 38.33, 'heart_rate': 70}
2026-06-19 18:12:37,970 - INFO - Produced Event: {'animal_id': 50, 'temperature': 37.31, 'heart_rate': 133}
2026-06-19 18:12:39,980 - INFO - Produced Event: {'animal_id': 57, 'temperature': 37.85, 'heart_rate': 103}
2026-06-19 18:12:41,988 - INFO - Produced Event: {'animal_id': 90, 'temperature': 38.86, 'heart_rate': 84}
2026-06-19 18:12:43,996 - INFO - Produced Event: {'animal_id': 15, 'temperature': 40.27, 'heart_rate': 129}
2026-06-19 18:12:46,003 - INFO - Produced Event: {'animal_id': 11, 'temperature': 40.73, 'heart_rate': 61}
2026-06-19 18:12:48,008 - INFO - Produced Event: {'animal_id': 95, 'temperature': 40.83, 'heart_rate': 69}
2026-06-19 18:12:50,014 - INFO - Produced Event: {'animal_id': 50, 'temperature': 37.82, 'heart_rate': 67}
2026-06-19 18:12:52,025 - INFO - Produced Event: {'animal_id': 63, 'temperature': 39.8, 'heart_rate': 67}
2026-06-19 18:12:54,033 - INFO - Produced Event: {'animal_id': 41, 'temperature': 40.13, 'heart_rate': 94}
2026-06-19 18:12:56,043 - INFO - Produced Event: {'animal_id': 70, 'temperature': 37.52, 'heart_rate': 131}
2026-06-19 18:12:58,048 - INFO - Produced Event: {'animal_id': 51, 'temperature': 39.76, 'heart_rate': 114}
2026-06-19 18:13:00,056 - INFO - Produced Event: {'animal_id': 86, 'temperature': 39.47, 'heart_rate': 116}
2026-06-19 18:13:02,067 - INFO - Produced Event: {'animal_id': 73, 'temperature': 41.64, 'heart_rate': 67}
2026-06-19 18:13:04,077 - INFO - Produced Event: {'animal_id': 5, 'temperature': 40.12, 'heart_rate': 72}
2026-06-19 18:13:06,087 - INFO - Produced Event: {'animal_id': 92, 'temperature': 37.01, 'heart_rate': 78}
2026-06-19 18:13:08,093 - INFO - Produced Event: {'animal_id': 19, 'temperature': 41.8, 'heart_rate': 136}
2026-06-19 18:13:10,102 - INFO - Produced Event: {'animal_id': 61, 'temperature': 40.01, 'heart_rate': 99}
2026-06-19 18:13:12,111 - INFO - Produced Event: {'animal_id': 24, 'temperature': 38.06, 'heart_rate': 67}
2026-06-19 18:13:14,118 - INFO - Produced Event: {'animal_id': 65, 'temperature': 38.05, 'heart_rate': 125}
2026-06-19 18:13:16,126 - INFO - Produced Event: {'animal_id': 22, 'temperature': 37.91, 'heart_rate': 130}
2026-06-19 18:13:18,131 - INFO - Produced Event: {'animal_id': 16, 'temperature': 41.91, 'heart_rate': 116}
2026-06-19 18:13:20,140 - INFO - Produced Event: {'animal_id': 94, 'temperature': 39.92, 'heart_rate': 74}
2026-06-19 18:13:22,148 - INFO - Produced Event: {'animal_id': 53, 'temperature': 40.41, 'heart_rate': 77}
2026-06-19 18:13:24,156 - INFO - Produced Event: {'animal_id': 3, 'temperature': 37.06, 'heart_rate': 65}
2026-06-19 18:13:26,164 - INFO - Produced Event: {'animal_id': 78, 'temperature': 40.22, 'heart_rate': 111}
2026-06-19 18:13:28,170 - INFO - Produced Event: {'animal_id': 63, 'temperature': 41.28, 'heart_rate': 74}
2026-06-19 18:13:30,177 - INFO - Produced Event: {'animal_id': 35, 'temperature': 41.44, 'heart_rate': 120}
2026-06-19 18:13:32,186 - INFO - Produced Event: {'animal_id': 79, 'temperature': 41.93, 'heart_rate': 140}
2026-06-19 18:13:34,195 - INFO - Produced Event: {'animal_id': 27, 'temperature': 39.21, 'heart_rate': 109}
2026-06-19 18:13:36,204 - INFO - Produced Event: {'animal_id': 24, 'temperature': 40.52, 'heart_rate': 129}
2026-06-19 18:13:38,210 - INFO - Produced Event: {'animal_id': 93, 'temperature': 38.41, 'heart_rate': 130}
2026-06-19 18:13:40,221 - INFO - Produced Event: {'animal_id': 92, 'temperature': 38.66, 'heart_rate': 104}
2026-06-19 18:13:42,228 - INFO - Produced Event: {'animal_id': 100, 'temperature': 37.18, 'heart_rate': 102}
2026-06-19 18:13:44,239 - INFO - Produced Event: {'animal_id': 99, 'temperature': 40.0, 'heart_rate': 72}
2026-06-19 18:13:46,247 - INFO - Produced Event: {'animal_id': 49, 'temperature': 39.13, 'heart_rate': 68}
2026-06-19 18:13:48,255 - INFO - Produced Event: {'animal_id': 2, 'temperature': 38.67, 'heart_rate': 130}
2026-06-19 18:13:50,263 - INFO - Produced Event: {'animal_id': 17, 'temperature': 39.28, 'heart_rate': 104}
2026-06-19 18:13:52,271 - INFO - Produced Event: {'animal_id': 24, 'temperature': 41.12, 'heart_rate': 117}
2026-06-19 18:13:54,281 - INFO - Produced Event: {'animal_id': 73, 'temperature': 38.43, 'heart_rate': 64}
2026-06-19 18:13:56,288 - INFO - Produced Event: {'animal_id': 92, 'temperature': 40.57, 'heart_rate': 138}
2026-06-19 18:13:58,294 - INFO - Produced Event: {'animal_id': 67, 'temperature': 39.55, 'heart_rate': 88}
2026-06-19 18:14:00,304 - INFO - Produced Event: {'animal_id': 60, 'temperature': 40.55, 'heart_rate': 133}
2026-06-19 18:14:02,310 - INFO - Produced Event: {'animal_id': 35, 'temperature': 40.69, 'heart_rate': 62}
2026-06-19 18:14:04,319 - INFO - Produced Event: {'animal_id': 48, 'temperature': 37.91, 'heart_rate': 95}
2026-06-19 18:14:06,326 - INFO - Produced Event: {'animal_id': 83, 'temperature': 40.14, 'heart_rate': 80}
2026-06-19 18:14:08,333 - INFO - Produced Event: {'animal_id': 100, 'temperature': 39.43, 'heart_rate': 81}
2026-06-19 18:14:10,343 - INFO - Produced Event: {'animal_id': 78, 'temperature': 40.27, 'heart_rate': 122}
2026-06-19 18:14:12,350 - INFO - Produced Event: {'animal_id': 35, 'temperature': 39.39, 'heart_rate': 116}
2026-06-19 18:14:14,356 - INFO - Produced Event: {'animal_id': 8, 'temperature': 38.11, 'heart_rate': 75}
2026-06-19 18:14:16,366 - INFO - Produced Event: {'animal_id': 2, 'temperature': 40.57, 'heart_rate': 89}
2026-06-19 18:14:18,374 - INFO - Produced Event: {'animal_id': 46, 'temperature': 39.67, 'heart_rate': 132}
2026-06-19 18:14:20,382 - INFO - Produced Event: {'animal_id': 82, 'temperature': 39.29, 'heart_rate': 103}
2026-06-19 18:14:22,390 - INFO - Produced Event: {'animal_id': 28, 'temperature': 40.14, 'heart_rate': 114}
2026-06-19 18:14:30,644 - INFO - Produced Event: {'animal_id': 12, 'temperature': 41.18, 'heart_rate': 102}
2026-06-19 18:14:32,650 - INFO - Produced Event: {'animal_id': 30, 'temperature': 40.7, 'heart_rate': 120}
2026-06-19 18:14:34,655 - INFO - Produced Event: {'animal_id': 90, 'temperature': 40.1, 'heart_rate': 90}
2026-06-19 18:14:36,663 - INFO - Produced Event: {'animal_id': 23, 'temperature': 39.35, 'heart_rate': 88}
2026-06-19 18:14:38,672 - INFO - Produced Event: {'animal_id': 91, 'temperature': 40.13, 'heart_rate': 94}
2026-06-19 18:14:40,679 - INFO - Produced Event: {'animal_id': 70, 'temperature': 37.54, 'heart_rate': 62}
2026-06-19 18:14:42,684 - INFO - Produced Event: {'animal_id': 16, 'temperature': 41.59, 'heart_rate': 101}
2026-06-19 18:14:44,693 - INFO - Produced Event: {'animal_id': 29, 'temperature': 41.79, 'heart_rate': 81}
2026-06-19 18:14:46,699 - INFO - Produced Event: {'animal_id': 54, 'temperature': 38.61, 'heart_rate': 139}
2026-06-19 18:14:48,707 - INFO - Produced Event: {'animal_id': 37, 'temperature': 39.57, 'heart_rate': 112}
2026-06-19 18:14:50,714 - INFO - Produced Event: {'animal_id': 67, 'temperature': 40.79, 'heart_rate': 97}
2026-06-19 18:14:52,723 - INFO - Produced Event: {'animal_id': 73, 'temperature': 38.11, 'heart_rate': 96}
2026-06-19 18:14:54,728 - INFO - Produced Event: {'animal_id': 75, 'temperature': 39.42, 'heart_rate': 84}
2026-06-19 18:14:56,736 - INFO - Produced Event: {'animal_id': 86, 'temperature': 37.19, 'heart_rate': 60}
2026-06-19 18:14:58,742 - INFO - Produced Event: {'animal_id': 95, 'temperature': 40.95, 'heart_rate': 118}
2026-06-19 18:15:00,748 - INFO - Produced Event: {'animal_id': 79, 'temperature': 38.31, 'heart_rate': 88}
2026-06-19 18:15:02,755 - INFO - Produced Event: {'animal_id': 41, 'temperature': 37.32, 'heart_rate': 71}
2026-06-19 18:15:04,763 - INFO - Produced Event: {'animal_id': 9, 'temperature': 40.71, 'heart_rate': 138}
2026-06-19 18:15:06,771 - INFO - Produced Event: {'animal_id': 80, 'temperature': 41.79, 'heart_rate': 83}
2026-06-19 18:15:08,779 - INFO - Produced Event: {'animal_id': 100, 'temperature': 39.45, 'heart_rate': 69}
2026-06-19 18:15:10,784 - INFO - Produced Event: {'animal_id': 47, 'temperature': 40.66, 'heart_rate': 124}
2026-06-19 18:15:12,792 - INFO - Produced Event: {'animal_id': 77, 'temperature': 40.79, 'heart_rate': 121}
2026-06-19 18:15:14,801 - INFO - Produced Event: {'animal_id': 52, 'temperature': 37.62, 'heart_rate': 77}
2026-06-19 18:15:16,808 - INFO - Produced Event: {'animal_id': 25, 'temperature': 39.78, 'heart_rate': 134}
2026-06-19 18:15:18,817 - INFO - Produced Event: {'animal_id': 55, 'temperature': 39.13, 'heart_rate': 127}
2026-06-19 18:15:20,823 - INFO - Produced Event: {'animal_id': 48, 'temperature': 40.62, 'heart_rate': 98}
2026-06-19 18:15:22,830 - INFO - Produced Event: {'animal_id': 12, 'temperature': 38.53, 'heart_rate': 71}
2026-06-19 18:15:24,840 - INFO - Produced Event: {'animal_id': 94, 'temperature': 40.25, 'heart_rate': 61}
2026-06-19 18:15:26,847 - INFO - Produced Event: {'animal_id': 93, 'temperature': 37.97, 'heart_rate': 122}
2026-06-19 18:15:28,854 - INFO - Produced Event: {'animal_id': 74, 'temperature': 38.53, 'heart_rate': 118}
2026-06-19 18:15:30,858 - INFO - Produced Event: {'animal_id': 36, 'temperature': 39.06, 'heart_rate': 72}
2026-06-19 18:15:32,862 - INFO - Produced Event: {'animal_id': 17, 'temperature': 39.17, 'heart_rate': 91}
2026-06-19 18:15:34,865 - INFO - Produced Event: {'animal_id': 52, 'temperature': 39.77, 'heart_rate': 118}
2026-06-19 18:15:35,468 - INFO - Metadata refresh (node_id=1)
2026-06-19 18:15:35,473 - INFO - Updated metadata: ClusterMetadata(brokers: 1, topics: 1, coordinators: 0)
2026-06-19 18:15:36,869 - INFO - Produced Event: {'animal_id': 35, 'temperature': 38.27, 'heart_rate': 82}
2026-06-19 18:15:38,872 - INFO - Produced Event: {'animal_id': 81, 'temperature': 38.7, 'heart_rate': 111}
2026-06-19 18:15:40,877 - INFO - Produced Event: {'animal_id': 95, 'temperature': 37.67, 'heart_rate': 98}
2026-06-19 18:15:42,882 - INFO - Produced Event: {'animal_id': 21, 'temperature': 40.61, 'heart_rate': 83}
2026-06-19 18:15:44,885 - INFO - Produced Event: {'animal_id': 40, 'temperature': 40.44, 'heart_rate': 106}
2026-06-19 18:15:46,889 - INFO - Produced Event: {'animal_id': 75, 'temperature': 38.77, 'heart_rate': 128}
2026-06-19 18:15:48,892 - INFO - Produced Event: {'animal_id': 88, 'temperature': 40.61, 'heart_rate': 73}
2026-06-19 18:15:50,897 - INFO - Produced Event: {'animal_id': 33, 'temperature': 37.63, 'heart_rate': 99}
2026-06-19 18:15:52,902 - INFO - Produced Event: {'animal_id': 85, 'temperature': 37.38, 'heart_rate': 93}
2026-06-19 18:15:54,905 - INFO - Produced Event: {'animal_id': 95, 'temperature': 37.46, 'heart_rate': 122}
2026-06-19 18:15:56,912 - INFO - Produced Event: {'animal_id': 22, 'temperature': 41.05, 'heart_rate': 62}
2026-06-19 18:15:58,916 - INFO - Produced Event: {'animal_id': 63, 'temperature': 39.66, 'heart_rate': 135}
2026-06-19 18:16:00,921 - INFO - Produced Event: {'animal_id': 26, 'temperature': 40.37, 'heart_rate': 134}
2026-06-19 18:16:02,925 - INFO - Produced Event: {'animal_id': 70, 'temperature': 39.6, 'heart_rate': 62}
2026-06-19 18:16:04,933 - INFO - Produced Event: {'animal_id': 81, 'temperature': 38.5, 'heart_rate': 139}
2026-06-19 18:16:06,951 - INFO - Produced Event: {'animal_id': 47, 'temperature': 40.91, 'heart_rate': 118}
2026-06-19 18:16:08,968 - INFO - Produced Event: {'animal_id': 3, 'temperature': 39.78, 'heart_rate': 133}
2026-06-19 18:16:10,972 - INFO - Produced Event: {'animal_id': 79, 'temperature': 39.75, 'heart_rate': 118}
2026-06-19 18:16:12,976 - INFO - Produced Event: {'animal_id': 66, 'temperature': 37.38, 'heart_rate': 63}
2026-06-19 18:16:14,984 - INFO - Produced Event: {'animal_id': 85, 'temperature': 41.58, 'heart_rate': 133}
2026-06-19 18:16:16,992 - INFO - Produced Event: {'animal_id': 74, 'temperature': 38.09, 'heart_rate': 100}
2026-06-19 18:16:19,002 - INFO - Produced Event: {'animal_id': 55, 'temperature': 38.88, 'heart_rate': 93}
2026-06-19 18:16:21,007 - INFO - Produced Event: {'animal_id': 73, 'temperature': 40.88, 'heart_rate': 80}
2026-06-19 18:16:23,018 - INFO - Produced Event: {'animal_id': 76, 'temperature': 41.15, 'heart_rate': 122}
2026-06-19 18:16:25,029 - INFO - Produced Event: {'animal_id': 69, 'temperature': 39.93, 'heart_rate': 96}
2026-06-19 18:16:27,034 - INFO - Produced Event: {'animal_id': 90, 'temperature': 41.81, 'heart_rate': 132}
2026-06-19 18:16:29,043 - INFO - Produced Event: {'animal_id': 52, 'temperature': 37.7, 'heart_rate': 88}
2026-06-19 18:16:31,052 - INFO - Produced Event: {'animal_id': 11, 'temperature': 40.2, 'heart_rate': 92}
2026-06-19 18:16:33,062 - INFO - Produced Event: {'animal_id': 50, 'temperature': 37.51, 'heart_rate': 108}
2026-06-19 18:16:35,070 - INFO - Produced Event: {'animal_id': 71, 'temperature': 41.25, 'heart_rate': 73}
2026-06-19 18:16:37,077 - INFO - Produced Event: {'animal_id': 40, 'temperature': 40.79, 'heart_rate': 106}
2026-06-19 18:16:39,082 - INFO - Produced Event: {'animal_id': 88, 'temperature': 40.59, 'heart_rate': 69}
2026-06-19 18:16:41,088 - INFO - Produced Event: {'animal_id': 22, 'temperature': 38.58, 'heart_rate': 64}
2026-06-19 18:16:43,095 - INFO - Produced Event: {'animal_id': 57, 'temperature': 37.96, 'heart_rate': 89}
2026-06-19 18:16:45,106 - INFO - Produced Event: {'animal_id': 75, 'temperature': 37.35, 'heart_rate': 68}
2026-06-19 18:16:47,109 - INFO - Produced Event: {'animal_id': 24, 'temperature': 39.4, 'heart_rate': 98}
2026-06-19 18:16:49,114 - INFO - Produced Event: {'animal_id': 20, 'temperature': 38.0, 'heart_rate': 82}
2026-06-19 18:16:51,120 - INFO - Produced Event: {'animal_id': 34, 'temperature': 39.83, 'heart_rate': 122}
2026-06-19 18:16:53,125 - INFO - Produced Event: {'animal_id': 79, 'temperature': 40.14, 'heart_rate': 98}
2026-06-19 18:16:55,129 - INFO - Produced Event: {'animal_id': 87, 'temperature': 40.1, 'heart_rate': 60}
2026-06-19 18:16:57,137 - INFO - Produced Event: {'animal_id': 75, 'temperature': 41.28, 'heart_rate': 138}
2026-06-19 18:16:59,148 - INFO - Produced Event: {'animal_id': 8, 'temperature': 41.34, 'heart_rate': 124}
2026-06-19 18:17:01,156 - INFO - Produced Event: {'animal_id': 25, 'temperature': 37.96, 'heart_rate': 84}
2026-06-19 18:17:03,160 - INFO - Produced Event: {'animal_id': 27, 'temperature': 37.64, 'heart_rate': 89}
2026-06-19 18:17:05,165 - INFO - Produced Event: {'animal_id': 77, 'temperature': 41.4, 'heart_rate': 119}
2026-06-19 18:17:06,178 - ERROR - <KafkaTCPTransport [::1:9092<-60680]>: socket disconnected
2026-06-19 18:17:06,179 - ERROR - <KafkaTCPTransport [::1:9092<-60680]>: Abort (KafkaConnectionError: socket disconnected)
2026-06-19 18:17:06,180 - INFO - Metadata refresh (node_id=1)
2026-06-19 18:17:06,185 - ERROR - <KafkaTCPTransport [::1:9092<-55069]>: socket disconnected
2026-06-19 18:17:06,185 - ERROR - <KafkaTCPTransport [::1:9092<-55069]>: Abort (KafkaConnectionError: socket disconnected)
2026-06-19 18:17:06,186 - ERROR - Metadata refresh: failed KafkaConnectionError: socket disconnected
2026-06-19 18:17:06,186 - ERROR - KafkaConnectionError: socket disconnected
Traceback (most recent call last):
  File "C:\Users\monis\OneDrive\Documents\IntelliStream\venv\Lib\site-packages\kafka\cluster.py", line 127, in _refresh_loop
    await self.refresh_metadata()
  File "C:\Users\monis\OneDrive\Documents\IntelliStream\venv\Lib\site-packages\kafka\cluster.py", line 156, in refresh_metadata
    await self._do_refresh_metadata(node_id)
  File "C:\Users\monis\OneDrive\Documents\IntelliStream\venv\Lib\site-packages\kafka\cluster.py", line 175, in _do_refresh_metadata
    response = await self._manager.send(request, node_id)
               ^^^^^^^^^^^^^^^^^^^^^^^^^^^^^^^^^^^^^^^^^^
  File "C:\Users\monis\OneDrive\Documents\IntelliStream\venv\Lib\site-packages\kafka\future.py", line 165, in __await__
    raise self.exception
kafka.errors.KafkaConnectionError: KafkaConnectionError: socket disconnected
2026-06-19 18:17:06,290 - INFO - Metadata refresh (node_id=1)
2026-06-19 18:17:06,306 - ERROR - <KafkaTCPTransport [::1:9092<-63864]>: Error receiving network data closing socket
Traceback (most recent call last):
  File "C:\Users\monis\OneDrive\Documents\IntelliStream\venv\Lib\site-packages\kafka\net\transport.py", line 107, in _sock_recv
    data = self._sock.recv(4096)
ConnectionAbortedError: [WinError 10053] An established connection was aborted by the software in your host machine
2026-06-19 18:17:06,307 - ERROR - <KafkaTCPTransport [::1:9092<-63864]>: Abort (KafkaConnectionError: [WinError 10053] An established connection was aborted by the software in your host machine)
2026-06-19 18:17:06,307 - ERROR - Metadata refresh: failed KafkaConnectionError: [WinError 10053] An established connection was aborted by the software in your host machine
2026-06-19 18:17:06,308 - ERROR - KafkaConnectionError: [WinError 10053] An established connection was aborted by the software in your host machine
Traceback (most recent call last):
  File "C:\Users\monis\OneDrive\Documents\IntelliStream\venv\Lib\site-packages\kafka\cluster.py", line 127, in _refresh_loop
    await self.refresh_metadata()
  File "C:\Users\monis\OneDrive\Documents\IntelliStream\venv\Lib\site-packages\kafka\cluster.py", line 156, in refresh_metadata
    await self._do_refresh_metadata(node_id)
  File "C:\Users\monis\OneDrive\Documents\IntelliStream\venv\Lib\site-packages\kafka\cluster.py", line 175, in _do_refresh_metadata
    response = await self._manager.send(request, node_id)
               ^^^^^^^^^^^^^^^^^^^^^^^^^^^^^^^^^^^^^^^^^^
  File "C:\Users\monis\OneDrive\Documents\IntelliStream\venv\Lib\site-packages\kafka\future.py", line 165, in __await__
    raise self.exception
kafka.errors.KafkaConnectionError: KafkaConnectionError: [WinError 10053] An established connection was aborted by the software in your host machine
2026-06-19 18:17:06,414 - INFO - Metadata refresh (node_id=1)
2026-06-19 18:17:06,418 - ERROR - <KafkaTCPTransport [::1:9092<-63886]>: socket disconnected
2026-06-19 18:17:06,418 - ERROR - <KafkaTCPTransport [::1:9092<-63886]>: Abort (KafkaConnectionError: socket disconnected)
2026-06-19 18:17:06,418 - ERROR - Metadata refresh: failed KafkaConnectionError: socket disconnected
2026-06-19 18:17:06,418 - ERROR - KafkaConnectionError: socket disconnected
Traceback (most recent call last):
  File "C:\Users\monis\OneDrive\Documents\IntelliStream\venv\Lib\site-packages\kafka\cluster.py", line 127, in _refresh_loop
    await self.refresh_metadata()
  File "C:\Users\monis\OneDrive\Documents\IntelliStream\venv\Lib\site-packages\kafka\cluster.py", line 156, in refresh_metadata
    await self._do_refresh_metadata(node_id)
  File "C:\Users\monis\OneDrive\Documents\IntelliStream\venv\Lib\site-packages\kafka\cluster.py", line 175, in _do_refresh_metadata
    response = await self._manager.send(request, node_id)
               ^^^^^^^^^^^^^^^^^^^^^^^^^^^^^^^^^^^^^^^^^^
  File "C:\Users\monis\OneDrive\Documents\IntelliStream\venv\Lib\site-packages\kafka\future.py", line 165, in __await__
    raise self.exception
kafka.errors.KafkaConnectionError: KafkaConnectionError: socket disconnected
2026-06-19 18:17:06,523 - INFO - Metadata refresh (node_id=1)
2026-06-19 18:17:06,527 - ERROR - <KafkaTCPTransport [::1:9092<-63907]>: socket disconnected
2026-06-19 18:17:06,527 - ERROR - <KafkaTCPTransport [::1:9092<-63907]>: Abort (KafkaConnectionError: socket disconnected)
2026-06-19 18:17:06,528 - ERROR - Metadata refresh: failed KafkaConnectionError: socket disconnected
2026-06-19 18:17:06,528 - ERROR - KafkaConnectionError: socket disconnected
Traceback (most recent call last):
  File "C:\Users\monis\OneDrive\Documents\IntelliStream\venv\Lib\site-packages\kafka\cluster.py", line 127, in _refresh_loop
    await self.refresh_metadata()
  File "C:\Users\monis\OneDrive\Documents\IntelliStream\venv\Lib\site-packages\kafka\cluster.py", line 156, in refresh_metadata
    await self._do_refresh_metadata(node_id)
  File "C:\Users\monis\OneDrive\Documents\IntelliStream\venv\Lib\site-packages\kafka\cluster.py", line 175, in _do_refresh_metadata
    response = await self._manager.send(request, node_id)
               ^^^^^^^^^^^^^^^^^^^^^^^^^^^^^^^^^^^^^^^^^^
  File "C:\Users\monis\OneDrive\Documents\IntelliStream\venv\Lib\site-packages\kafka\future.py", line 165, in __await__
    raise self.exception
kafka.errors.KafkaConnectionError: KafkaConnectionError: socket disconnected
2026-06-19 18:17:06,631 - INFO - Metadata refresh (node_id=1)
2026-06-19 18:17:06,640 - ERROR - <KafkaTCPTransport [::1:9092<-63919]>: socket disconnected
2026-06-19 18:17:06,641 - ERROR - <KafkaTCPTransport [::1:9092<-63919]>: Abort (KafkaConnectionError: socket disconnected)
2026-06-19 18:17:06,641 - ERROR - Metadata refresh: failed KafkaConnectionError: socket disconnected
2026-06-19 18:17:06,641 - ERROR - KafkaConnectionError: socket disconnected
Traceback (most recent call last):
  File "C:\Users\monis\OneDrive\Documents\IntelliStream\venv\Lib\site-packages\kafka\cluster.py", line 127, in _refresh_loop
    await self.refresh_metadata()
  File "C:\Users\monis\OneDrive\Documents\IntelliStream\venv\Lib\site-packages\kafka\cluster.py", line 156, in refresh_metadata
    await self._do_refresh_metadata(node_id)
  File "C:\Users\monis\OneDrive\Documents\IntelliStream\venv\Lib\site-packages\kafka\cluster.py", line 175, in _do_refresh_metadata
    response = await self._manager.send(request, node_id)
               ^^^^^^^^^^^^^^^^^^^^^^^^^^^^^^^^^^^^^^^^^^
  File "C:\Users\monis\OneDrive\Documents\IntelliStream\venv\Lib\site-packages\kafka\future.py", line 165, in __await__
    raise self.exception
kafka.errors.KafkaConnectionError: KafkaConnectionError: socket disconnected
2026-06-19 18:17:06,755 - INFO - Metadata refresh (node_id=1)
2026-06-19 18:17:06,758 - ERROR - <KafkaTCPTransport [::1:9092<-63945]>: socket disconnected
2026-06-19 18:17:06,758 - ERROR - <KafkaTCPTransport [::1:9092<-63945]>: Abort (KafkaConnectionError: socket disconnected)
2026-06-19 18:17:06,758 - ERROR - Metadata refresh: failed KafkaConnectionError: socket disconnected
2026-06-19 18:17:06,758 - ERROR - KafkaConnectionError: socket disconnected
Traceback (most recent call last):
  File "C:\Users\monis\OneDrive\Documents\IntelliStream\venv\Lib\site-packages\kafka\cluster.py", line 127, in _refresh_loop
    await self.refresh_metadata()
  File "C:\Users\monis\OneDrive\Documents\IntelliStream\venv\Lib\site-packages\kafka\cluster.py", line 156, in refresh_metadata
    await self._do_refresh_metadata(node_id)
  File "C:\Users\monis\OneDrive\Documents\IntelliStream\venv\Lib\site-packages\kafka\cluster.py", line 175, in _do_refresh_metadata
    response = await self._manager.send(request, node_id)
               ^^^^^^^^^^^^^^^^^^^^^^^^^^^^^^^^^^^^^^^^^^
  File "C:\Users\monis\OneDrive\Documents\IntelliStream\venv\Lib\site-packages\kafka\future.py", line 165, in __await__
    raise self.exception
kafka.errors.KafkaConnectionError: KafkaConnectionError: socket disconnected
2026-06-19 18:17:06,862 - INFO - Metadata refresh (node_id=1)
2026-06-19 18:17:06,879 - ERROR - <KafkaTCPTransport [::1:9092<-63960]>: Error receiving network data closing socket
Traceback (most recent call last):
  File "C:\Users\monis\OneDrive\Documents\IntelliStream\venv\Lib\site-packages\kafka\net\transport.py", line 107, in _sock_recv
    data = self._sock.recv(4096)
ConnectionAbortedError: [WinError 10053] An established connection was aborted by the software in your host machine
2026-06-19 18:17:06,880 - ERROR - <KafkaTCPTransport [::1:9092<-63960]>: Abort (KafkaConnectionError: [WinError 10053] An established connection was aborted by the software in your host machine)
2026-06-19 18:17:06,880 - ERROR - Metadata refresh: failed KafkaConnectionError: [WinError 10053] An established connection was aborted by the software in your host machine
2026-06-19 18:17:06,880 - ERROR - KafkaConnectionError: [WinError 10053] An established connection was aborted by the software in your host machine
Traceback (most recent call last):
  File "C:\Users\monis\OneDrive\Documents\IntelliStream\venv\Lib\site-packages\kafka\cluster.py", line 127, in _refresh_loop
    await self.refresh_metadata()
  File "C:\Users\monis\OneDrive\Documents\IntelliStream\venv\Lib\site-packages\kafka\cluster.py", line 156, in refresh_metadata
    await self._do_refresh_metadata(node_id)
  File "C:\Users\monis\OneDrive\Documents\IntelliStream\venv\Lib\site-packages\kafka\cluster.py", line 175, in _do_refresh_metadata
    response = await self._manager.send(request, node_id)
               ^^^^^^^^^^^^^^^^^^^^^^^^^^^^^^^^^^^^^^^^^^
  File "C:\Users\monis\OneDrive\Documents\IntelliStream\venv\Lib\site-packages\kafka\future.py", line 165, in __await__
    raise self.exception
kafka.errors.KafkaConnectionError: KafkaConnectionError: [WinError 10053] An established connection was aborted by the software in your host machine
2026-06-19 18:17:06,985 - INFO - Metadata refresh (node_id=1)
2026-06-19 18:17:06,990 - ERROR - <KafkaTCPTransport [::1:9092<-63969]>: socket disconnected
2026-06-19 18:17:06,990 - ERROR - <KafkaTCPTransport [::1:9092<-63969]>: Abort (KafkaConnectionError: socket disconnected)
2026-06-19 18:17:06,991 - ERROR - Metadata refresh: failed KafkaConnectionError: socket disconnected
2026-06-19 18:17:06,991 - ERROR - KafkaConnectionError: socket disconnected
Traceback (most recent call last):
  File "C:\Users\monis\OneDrive\Documents\IntelliStream\venv\Lib\site-packages\kafka\cluster.py", line 127, in _refresh_loop
    await self.refresh_metadata()
  File "C:\Users\monis\OneDrive\Documents\IntelliStream\venv\Lib\site-packages\kafka\cluster.py", line 156, in refresh_metadata
    await self._do_refresh_metadata(node_id)
  File "C:\Users\monis\OneDrive\Documents\IntelliStream\venv\Lib\site-packages\kafka\cluster.py", line 175, in _do_refresh_metadata
    response = await self._manager.send(request, node_id)
               ^^^^^^^^^^^^^^^^^^^^^^^^^^^^^^^^^^^^^^^^^^
  File "C:\Users\monis\OneDrive\Documents\IntelliStream\venv\Lib\site-packages\kafka\future.py", line 165, in __await__
    raise self.exception
kafka.errors.KafkaConnectionError: KafkaConnectionError: socket disconnected
2026-06-19 18:17:07,096 - INFO - Metadata refresh (node_id=1)
2026-06-19 18:17:07,100 - ERROR - <KafkaTCPTransport [::1:9092<-63970]>: socket disconnected
2026-06-19 18:17:07,101 - ERROR - <KafkaTCPTransport [::1:9092<-63970]>: Abort (KafkaConnectionError: socket disconnected)
2026-06-19 18:17:07,102 - ERROR - Metadata refresh: failed KafkaConnectionError: socket disconnected
2026-06-19 18:17:07,102 - ERROR - KafkaConnectionError: socket disconnected
Traceback (most recent call last):
  File "C:\Users\monis\OneDrive\Documents\IntelliStream\venv\Lib\site-packages\kafka\cluster.py", line 127, in _refresh_loop
    await self.refresh_metadata()
  File "C:\Users\monis\OneDrive\Documents\IntelliStream\venv\Lib\site-packages\kafka\cluster.py", line 156, in refresh_metadata
    await self._do_refresh_metadata(node_id)
  File "C:\Users\monis\OneDrive\Documents\IntelliStream\venv\Lib\site-packages\kafka\cluster.py", line 175, in _do_refresh_metadata
    response = await self._manager.send(request, node_id)
               ^^^^^^^^^^^^^^^^^^^^^^^^^^^^^^^^^^^^^^^^^^
  File "C:\Users\monis\OneDrive\Documents\IntelliStream\venv\Lib\site-packages\kafka\future.py", line 165, in __await__
    raise self.exception
kafka.errors.KafkaConnectionError: KafkaConnectionError: socket disconnected
2026-06-19 18:17:07,170 - ERROR - <KafkaTCPTransport [::1:9092<-63971]>: socket disconnected
2026-06-19 18:17:07,170 - ERROR - <KafkaTCPTransport [::1:9092<-63971]>: Abort (KafkaConnectionError: socket disconnected)
2026-06-19 18:17:07,178 - ERROR - <KafkaTCPTransport [::1:9092<-63972]>: socket disconnected
2026-06-19 18:17:07,179 - ERROR - <KafkaTCPTransport [::1:9092<-63972]>: Abort (KafkaConnectionError: socket disconnected)
2026-06-19 18:17:07,183 - ERROR - <KafkaTCPTransport [::1:9092<-63973]>: socket disconnected
2026-06-19 18:17:07,183 - ERROR - <KafkaTCPTransport [::1:9092<-63973]>: Abort (KafkaConnectionError: socket disconnected)
2026-06-19 18:17:07,189 - ERROR - <KafkaTCPTransport [::1:9092<-63974]>: socket disconnected
2026-06-19 18:17:07,189 - ERROR - <KafkaTCPTransport [::1:9092<-63974]>: Abort (KafkaConnectionError: socket disconnected)
2026-06-19 18:17:07,193 - ERROR - <KafkaTCPTransport [::1:9092<-63975]>: socket disconnected
2026-06-19 18:17:07,193 - ERROR - <KafkaTCPTransport [::1:9092<-63975]>: Abort (KafkaConnectionError: socket disconnected)
2026-06-19 18:17:07,197 - ERROR - <KafkaTCPTransport [::1:9092<-63976]>: socket disconnected
2026-06-19 18:17:07,198 - ERROR - <KafkaTCPTransport [::1:9092<-63976]>: Abort (KafkaConnectionError: socket disconnected)
2026-06-19 18:17:07,202 - INFO - Metadata refresh (node_id=1)
2026-06-19 18:17:07,202 - ERROR - <KafkaTCPTransport [::1:9092<-63977]>: socket disconnected
2026-06-19 18:17:07,202 - ERROR - <KafkaTCPTransport [::1:9092<-63977]>: Abort (KafkaConnectionError: socket disconnected)
2026-06-19 18:17:07,203 - ERROR - Metadata refresh: failed KafkaConnectionError: socket disconnected
2026-06-19 18:17:07,203 - ERROR - KafkaConnectionError: socket disconnected
Traceback (most recent call last):
  File "C:\Users\monis\OneDrive\Documents\IntelliStream\venv\Lib\site-packages\kafka\cluster.py", line 127, in _refresh_loop
    await self.refresh_metadata()
  File "C:\Users\monis\OneDrive\Documents\IntelliStream\venv\Lib\site-packages\kafka\cluster.py", line 156, in refresh_metadata
    await self._do_refresh_metadata(node_id)
  File "C:\Users\monis\OneDrive\Documents\IntelliStream\venv\Lib\site-packages\kafka\cluster.py", line 175, in _do_refresh_metadata
    response = await self._manager.send(request, node_id)
               ^^^^^^^^^^^^^^^^^^^^^^^^^^^^^^^^^^^^^^^^^^
  File "C:\Users\monis\OneDrive\Documents\IntelliStream\venv\Lib\site-packages\kafka\future.py", line 165, in __await__
    raise self.exception
kafka.errors.KafkaConnectionError: KafkaConnectionError: socket disconnected
2026-06-19 18:17:07,208 - ERROR - <KafkaTCPTransport [::1:9092<-63978]>: socket disconnected
2026-06-19 18:17:07,209 - ERROR - <KafkaTCPTransport [::1:9092<-63978]>: Abort (KafkaConnectionError: socket disconnected)
2026-06-19 18:17:07,213 - ERROR - <KafkaTCPTransport [::1:9092<-63979]>: socket disconnected
2026-06-19 18:17:07,213 - ERROR - <KafkaTCPTransport [::1:9092<-63979]>: Abort (KafkaConnectionError: socket disconnected)
2026-06-19 18:17:07,218 - ERROR - <KafkaTCPTransport [::1:9092<-63980]>: socket disconnected
2026-06-19 18:17:07,218 - ERROR - <KafkaTCPTransport [::1:9092<-63980]>: Abort (KafkaConnectionError: socket disconnected)
2026-06-19 18:17:07,222 - ERROR - <KafkaTCPTransport [::1:9092<-63981]>: socket disconnected
2026-06-19 18:17:07,222 - ERROR - <KafkaTCPTransport [::1:9092<-63981]>: Abort (KafkaConnectionError: socket disconnected)
2026-06-19 18:17:07,226 - ERROR - <KafkaTCPTransport [::1:9092<-63982]>: socket disconnected
2026-06-19 18:17:07,227 - ERROR - <KafkaTCPTransport [::1:9092<-63982]>: Abort (KafkaConnectionError: socket disconnected)
2026-06-19 18:17:07,232 - ERROR - <KafkaTCPTransport [::1:9092<-63983]>: socket disconnected
2026-06-19 18:17:07,232 - ERROR - <KafkaTCPTransport [::1:9092<-63983]>: Abort (KafkaConnectionError: socket disconnected)
2026-06-19 18:17:07,237 - ERROR - <KafkaTCPTransport [::1:9092<-63984]>: socket disconnected
2026-06-19 18:17:07,237 - ERROR - <KafkaTCPTransport [::1:9092<-63984]>: Abort (KafkaConnectionError: socket disconnected)
2026-06-19 18:17:07,242 - ERROR - <KafkaTCPTransport [::1:9092<-63691]>: socket disconnected
2026-06-19 18:17:07,242 - ERROR - <KafkaTCPTransport [::1:9092<-63691]>: Abort (KafkaConnectionError: socket disconnected)
2026-06-19 18:17:07,247 - ERROR - <KafkaTCPTransport [::1:9092<-57491]>: socket disconnected
2026-06-19 18:17:07,247 - ERROR - <KafkaTCPTransport [::1:9092<-57491]>: Abort (KafkaConnectionError: socket disconnected)
2026-06-19 18:17:07,252 - ERROR - <KafkaTCPTransport [::1:9092<-64401]>: socket disconnected
2026-06-19 18:17:07,253 - ERROR - <KafkaTCPTransport [::1:9092<-64401]>: Abort (KafkaConnectionError: socket disconnected)
2026-06-19 18:17:07,258 - ERROR - <KafkaTCPTransport [::1:9092<-63166]>: socket disconnected
2026-06-19 18:17:07,258 - ERROR - <KafkaTCPTransport [::1:9092<-63166]>: Abort (KafkaConnectionError: socket disconnected)
2026-06-19 18:17:07,263 - ERROR - <KafkaTCPTransport [::1:9092<-63167]>: socket disconnected
2026-06-19 18:17:07,263 - ERROR - <KafkaTCPTransport [::1:9092<-63167]>: Abort (KafkaConnectionError: socket disconnected)
2026-06-19 18:17:07,268 - ERROR - <KafkaTCPTransport [::1:9092<-63168]>: socket disconnected
2026-06-19 18:17:07,268 - ERROR - <KafkaTCPTransport [::1:9092<-63168]>: Abort (KafkaConnectionError: socket disconnected)
2026-06-19 18:17:07,273 - ERROR - <KafkaTCPTransport [::1:9092<-63169]>: socket disconnected
2026-06-19 18:17:07,273 - ERROR - <KafkaTCPTransport [::1:9092<-63169]>: Abort (KafkaConnectionError: socket disconnected)
2026-06-19 18:17:07,278 - ERROR - <KafkaTCPTransport [::1:9092<-63170]>: socket disconnected
2026-06-19 18:17:07,278 - ERROR - <KafkaTCPTransport [::1:9092<-63170]>: Abort (KafkaConnectionError: socket disconnected)
2026-06-19 18:17:07,283 - ERROR - <KafkaTCPTransport [::1:9092<-63171]>: socket disconnected
2026-06-19 18:17:07,283 - ERROR - <KafkaTCPTransport [::1:9092<-63171]>: Abort (KafkaConnectionError: socket disconnected)
2026-06-19 18:17:07,288 - ERROR - <KafkaTCPTransport [::1:9092<-63172]>: socket disconnected
2026-06-19 18:17:07,288 - ERROR - <KafkaTCPTransport [::1:9092<-63172]>: Abort (KafkaConnectionError: socket disconnected)
2026-06-19 18:17:07,294 - ERROR - <KafkaTCPTransport [::1:9092<-63173]>: socket disconnected
2026-06-19 18:17:07,294 - ERROR - <KafkaTCPTransport [::1:9092<-63173]>: Abort (KafkaConnectionError: socket disconnected)
2026-06-19 18:17:07,298 - ERROR - <KafkaTCPTransport [::1:9092<-63174]>: socket disconnected
2026-06-19 18:17:07,299 - ERROR - <KafkaTCPTransport [::1:9092<-63174]>: Abort (KafkaConnectionError: socket disconnected)
2026-06-19 18:17:07,304 - INFO - Metadata refresh (node_id=1)
2026-06-19 18:17:07,304 - ERROR - <KafkaTCPTransport [::1:9092<-63175]>: socket disconnected
2026-06-19 18:17:07,304 - ERROR - <KafkaTCPTransport [::1:9092<-63175]>: Abort (KafkaConnectionError: socket disconnected)
2026-06-19 18:17:07,305 - ERROR - Metadata refresh: failed KafkaConnectionError: socket disconnected
2026-06-19 18:17:07,305 - ERROR - KafkaConnectionError: socket disconnected
Traceback (most recent call last):
  File "C:\Users\monis\OneDrive\Documents\IntelliStream\venv\Lib\site-packages\kafka\cluster.py", line 127, in _refresh_loop
    await self.refresh_metadata()
  File "C:\Users\monis\OneDrive\Documents\IntelliStream\venv\Lib\site-packages\kafka\cluster.py", line 156, in refresh_metadata
    await self._do_refresh_metadata(node_id)
  File "C:\Users\monis\OneDrive\Documents\IntelliStream\venv\Lib\site-packages\kafka\cluster.py", line 175, in _do_refresh_metadata
    response = await self._manager.send(request, node_id)
               ^^^^^^^^^^^^^^^^^^^^^^^^^^^^^^^^^^^^^^^^^^
  File "C:\Users\monis\OneDrive\Documents\IntelliStream\venv\Lib\site-packages\kafka\future.py", line 165, in __await__
    raise self.exception
kafka.errors.KafkaConnectionError: KafkaConnectionError: socket disconnected
2026-06-19 18:17:07,311 - ERROR - <KafkaTCPTransport [::1:9092<-63176]>: socket disconnected
2026-06-19 18:17:07,311 - ERROR - <KafkaTCPTransport [::1:9092<-63176]>: Abort (KafkaConnectionError: socket disconnected)
2026-06-19 18:17:07,318 - ERROR - <KafkaTCPTransport [::1:9092<-63177]>: socket disconnected
2026-06-19 18:17:07,318 - ERROR - <KafkaTCPTransport [::1:9092<-63177]>: Abort (KafkaConnectionError: socket disconnected)
2026-06-19 18:17:07,323 - ERROR - <KafkaTCPTransport [::1:9092<-63178]>: socket disconnected
2026-06-19 18:17:07,323 - ERROR - <KafkaTCPTransport [::1:9092<-63178]>: Abort (KafkaConnectionError: socket disconnected)
2026-06-19 18:17:07,328 - ERROR - <KafkaTCPTransport [::1:9092<-63179]>: socket disconnected
2026-06-19 18:17:07,328 - ERROR - <KafkaTCPTransport [::1:9092<-63179]>: Abort (KafkaConnectionError: socket disconnected)
2026-06-19 18:17:07,332 - ERROR - <KafkaTCPTransport [::1:9092<-63180]>: socket disconnected
2026-06-19 18:17:07,332 - ERROR - <KafkaTCPTransport [::1:9092<-63180]>: Abort (KafkaConnectionError: socket disconnected)
2026-06-19 18:17:07,405 - INFO - Metadata refresh (node_id=1)
2026-06-19 18:17:17,333 - WARNING - <KafkaConnection node_id=1 host=[::1:9092<-63181] broker_version=(3, 5) (initializing)>: Request timed out after 9998 ms. Closing connection.
2026-06-19 18:17:17,333 - ERROR - <KafkaTCPTransport [::1:9092<-63181]>: Abort ([Error 7] RequestTimedOutError: Request timed out after 9998 ms)
2026-06-19 18:17:17,335 - ERROR - Metadata refresh: failed [Error 7] RequestTimedOutError: Request timed out after 9998 ms
2026-06-19 18:17:17,335 - ERROR - [Error 7] RequestTimedOutError: Request timed out after 9998 ms
Traceback (most recent call last):
  File "C:\Users\monis\OneDrive\Documents\IntelliStream\venv\Lib\site-packages\kafka\cluster.py", line 127, in _refresh_loop
    await self.refresh_metadata()
  File "C:\Users\monis\OneDrive\Documents\IntelliStream\venv\Lib\site-packages\kafka\cluster.py", line 156, in refresh_metadata
    await self._do_refresh_metadata(node_id)
  File "C:\Users\monis\OneDrive\Documents\IntelliStream\venv\Lib\site-packages\kafka\cluster.py", line 175, in _do_refresh_metadata
    response = await self._manager.send(request, node_id)
               ^^^^^^^^^^^^^^^^^^^^^^^^^^^^^^^^^^^^^^^^^^
  File "C:\Users\monis\OneDrive\Documents\IntelliStream\venv\Lib\site-packages\kafka\future.py", line 165, in __await__
    raise self.exception
kafka.errors.RequestTimedOutError: [Error 7] RequestTimedOutError: Request timed out after 9998 ms
2026-06-19 18:17:17,436 - INFO - Metadata refresh (node_id=1)
2026-06-19 18:17:27,335 - ERROR - Connection failed: KafkaConnectionError: Connection timed out
2026-06-19 18:17:27,335 - ERROR - Metadata refresh: failed KafkaConnectionError: Connection timed out
2026-06-19 18:17:27,336 - ERROR - KafkaConnectionError: Connection timed out
Traceback (most recent call last):
  File "C:\Users\monis\OneDrive\Documents\IntelliStream\venv\Lib\site-packages\kafka\net\inet.py", line 21, in create_connection
    sock = await socket_factory.connect(net, res, socket_options, timeout_at=timeout_at)
           ^^^^^^^^^^^^^^^^^^^^^^^^^^^^^^^^^^^^^^^^^^^^^^^^^^^^^^^^^^^^^^^^^^^^^^^^^^^^^
  File "C:\Users\monis\OneDrive\Documents\IntelliStream\venv\Lib\site-packages\kafka\net\inet.py", line 92, in connect
    return await self.sock_connect(net, sock, sockaddr, timeout_at=timeout_at)
           ^^^^^^^^^^^^^^^^^^^^^^^^^^^^^^^^^^^^^^^^^^^^^^^^^^^^^^^^^^^^^^^^^^^
  File "C:\Users\monis\OneDrive\Documents\IntelliStream\venv\Lib\site-packages\kafka\net\inet.py", line 119, in sock_connect
    raise Errors.KafkaTimeoutError('Connection timed out')
kafka.errors.KafkaTimeoutError: KafkaTimeoutError: Connection timed out

During handling of the above exception, another exception occurred:

Traceback (most recent call last):
  File "C:\Users\monis\OneDrive\Documents\IntelliStream\venv\Lib\site-packages\kafka\cluster.py", line 127, in _refresh_loop
    await self.refresh_metadata()
  File "C:\Users\monis\OneDrive\Documents\IntelliStream\venv\Lib\site-packages\kafka\cluster.py", line 156, in refresh_metadata
    await self._do_refresh_metadata(node_id)
  File "C:\Users\monis\OneDrive\Documents\IntelliStream\venv\Lib\site-packages\kafka\cluster.py", line 175, in _do_refresh_metadata
    response = await self._manager.send(request, node_id)
               ^^^^^^^^^^^^^^^^^^^^^^^^^^^^^^^^^^^^^^^^^^
  File "C:\Users\monis\OneDrive\Documents\IntelliStream\venv\Lib\site-packages\kafka\future.py", line 165, in __await__
    raise self.exception
  File "C:\Users\monis\OneDrive\Documents\IntelliStream\venv\Lib\site-packages\kafka\net\manager.py", line 243, in _connect
    transport = await self._build_transport(node, timeout_at=timeout_at)
                ^^^^^^^^^^^^^^^^^^^^^^^^^^^^^^^^^^^^^^^^^^^^^^^^^^^^^^^^
  File "C:\Users\monis\OneDrive\Documents\IntelliStream\venv\Lib\site-packages\kafka\net\manager.py", line 224, in _build_transport
    sock = await create_connection(self._net, node.host, node.port,
           ^^^^^^^^^^^^^^^^^^^^^^^^^^^^^^^^^^^^^^^^^^^^^^^^^^^^^^^^
    ...<2 lines>...
                                   timeout_at=timeout_at)
                                   ^^^^^^^^^^^^^^^^^^^^^^
  File "C:\Users\monis\OneDrive\Documents\IntelliStream\venv\Lib\site-packages\kafka\net\inet.py", line 26, in create_connection
    raise Errors.KafkaConnectionError('Connection timed out')
kafka.errors.KafkaConnectionError: KafkaConnectionError: Connection timed out
2026-06-19 18:17:27,436 - INFO - Metadata refresh (node_id=1)
2026-06-19 18:17:37,830 - ERROR - Connection failed: KafkaConnectionError: Connection timed out
2026-06-19 18:17:37,831 - ERROR - Metadata refresh: failed KafkaConnectionError: Connection timed out
2026-06-19 18:17:37,831 - ERROR - KafkaConnectionError: Connection timed out
Traceback (most recent call last):
  File "C:\Users\monis\OneDrive\Documents\IntelliStream\venv\Lib\site-packages\kafka\net\inet.py", line 21, in create_connection
    sock = await socket_factory.connect(net, res, socket_options, timeout_at=timeout_at)
           ^^^^^^^^^^^^^^^^^^^^^^^^^^^^^^^^^^^^^^^^^^^^^^^^^^^^^^^^^^^^^^^^^^^^^^^^^^^^^
  File "C:\Users\monis\OneDrive\Documents\IntelliStream\venv\Lib\site-packages\kafka\net\inet.py", line 92, in connect
    return await self.sock_connect(net, sock, sockaddr, timeout_at=timeout_at)
           ^^^^^^^^^^^^^^^^^^^^^^^^^^^^^^^^^^^^^^^^^^^^^^^^^^^^^^^^^^^^^^^^^^^
  File "C:\Users\monis\OneDrive\Documents\IntelliStream\venv\Lib\site-packages\kafka\net\inet.py", line 119, in sock_connect
    raise Errors.KafkaTimeoutError('Connection timed out')
kafka.errors.KafkaTimeoutError: KafkaTimeoutError: Connection timed out

During handling of the above exception, another exception occurred:

Traceback (most recent call last):
  File "C:\Users\monis\OneDrive\Documents\IntelliStream\venv\Lib\site-packages\kafka\cluster.py", line 127, in _refresh_loop
    await self.refresh_metadata()
  File "C:\Users\monis\OneDrive\Documents\IntelliStream\venv\Lib\site-packages\kafka\cluster.py", line 156, in refresh_metadata
    await self._do_refresh_metadata(node_id)
  File "C:\Users\monis\OneDrive\Documents\IntelliStream\venv\Lib\site-packages\kafka\cluster.py", line 175, in _do_refresh_metadata
    response = await self._manager.send(request, node_id)
               ^^^^^^^^^^^^^^^^^^^^^^^^^^^^^^^^^^^^^^^^^^
  File "C:\Users\monis\OneDrive\Documents\IntelliStream\venv\Lib\site-packages\kafka\future.py", line 165, in __await__
    raise self.exception
  File "C:\Users\monis\OneDrive\Documents\IntelliStream\venv\Lib\site-packages\kafka\net\manager.py", line 243, in _connect
    transport = await self._build_transport(node, timeout_at=timeout_at)
                ^^^^^^^^^^^^^^^^^^^^^^^^^^^^^^^^^^^^^^^^^^^^^^^^^^^^^^^^
  File "C:\Users\monis\OneDrive\Documents\IntelliStream\venv\Lib\site-packages\kafka\net\manager.py", line 224, in _build_transport
    sock = await create_connection(self._net, node.host, node.port,
           ^^^^^^^^^^^^^^^^^^^^^^^^^^^^^^^^^^^^^^^^^^^^^^^^^^^^^^^^
    ...<2 lines>...
                                   timeout_at=timeout_at)
                                   ^^^^^^^^^^^^^^^^^^^^^^
  File "C:\Users\monis\OneDrive\Documents\IntelliStream\venv\Lib\site-packages\kafka\net\inet.py", line 26, in create_connection
    raise Errors.KafkaConnectionError('Connection timed out')
kafka.errors.KafkaConnectionError: KafkaConnectionError: Connection timed out
2026-06-19 18:17:37,941 - WARNING - No node available for metadata refresh - backoff/retry
2026-06-19 18:17:37,941 - ERROR - NodeNotReadyError: metadata
Traceback (most recent call last):
  File "C:\Users\monis\OneDrive\Documents\IntelliStream\venv\Lib\site-packages\kafka\cluster.py", line 127, in _refresh_loop
    await self.refresh_metadata()
  File "C:\Users\monis\OneDrive\Documents\IntelliStream\venv\Lib\site-packages\kafka\cluster.py", line 156, in refresh_metadata
    await self._do_refresh_metadata(node_id)
  File "C:\Users\monis\OneDrive\Documents\IntelliStream\venv\Lib\site-packages\kafka\cluster.py", line 168, in _do_refresh_metadata
    raise Errors.NodeNotReadyError('metadata')
kafka.errors.NodeNotReadyError: NodeNotReadyError: metadata
2026-06-19 18:17:37,989 - INFO - Metadata refresh (node_id=1)
2026-06-19 18:17:56,334 - ERROR - Connection failed: KafkaConnectionError: Connection timed out
2026-06-19 18:17:56,334 - ERROR - Metadata refresh: failed KafkaConnectionError: Connection timed out
2026-06-19 18:17:56,335 - ERROR - KafkaConnectionError: Connection timed out
Traceback (most recent call last):
  File "C:\Users\monis\OneDrive\Documents\IntelliStream\venv\Lib\site-packages\kafka\net\inet.py", line 21, in create_connection
    sock = await socket_factory.connect(net, res, socket_options, timeout_at=timeout_at)
           ^^^^^^^^^^^^^^^^^^^^^^^^^^^^^^^^^^^^^^^^^^^^^^^^^^^^^^^^^^^^^^^^^^^^^^^^^^^^^
  File "C:\Users\monis\OneDrive\Documents\IntelliStream\venv\Lib\site-packages\kafka\net\inet.py", line 92, in connect
    return await self.sock_connect(net, sock, sockaddr, timeout_at=timeout_at)
           ^^^^^^^^^^^^^^^^^^^^^^^^^^^^^^^^^^^^^^^^^^^^^^^^^^^^^^^^^^^^^^^^^^^
  File "C:\Users\monis\OneDrive\Documents\IntelliStream\venv\Lib\site-packages\kafka\net\inet.py", line 119, in sock_connect
    raise Errors.KafkaTimeoutError('Connection timed out')
kafka.errors.KafkaTimeoutError: KafkaTimeoutError: Connection timed out

During handling of the above exception, another exception occurred:

Traceback (most recent call last):
  File "C:\Users\monis\OneDrive\Documents\IntelliStream\venv\Lib\site-packages\kafka\cluster.py", line 127, in _refresh_loop
    await self.refresh_metadata()
  File "C:\Users\monis\OneDrive\Documents\IntelliStream\venv\Lib\site-packages\kafka\cluster.py", line 156, in refresh_metadata
    await self._do_refresh_metadata(node_id)
  File "C:\Users\monis\OneDrive\Documents\IntelliStream\venv\Lib\site-packages\kafka\cluster.py", line 175, in _do_refresh_metadata
    response = await self._manager.send(request, node_id)
               ^^^^^^^^^^^^^^^^^^^^^^^^^^^^^^^^^^^^^^^^^^
  File "C:\Users\monis\OneDrive\Documents\IntelliStream\venv\Lib\site-packages\kafka\future.py", line 165, in __await__
    raise self.exception
  File "C:\Users\monis\OneDrive\Documents\IntelliStream\venv\Lib\site-packages\kafka\net\manager.py", line 243, in _connect
    transport = await self._build_transport(node, timeout_at=timeout_at)
                ^^^^^^^^^^^^^^^^^^^^^^^^^^^^^^^^^^^^^^^^^^^^^^^^^^^^^^^^
  File "C:\Users\monis\OneDrive\Documents\IntelliStream\venv\Lib\site-packages\kafka\net\manager.py", line 224, in _build_transport
    sock = await create_connection(self._net, node.host, node.port,
           ^^^^^^^^^^^^^^^^^^^^^^^^^^^^^^^^^^^^^^^^^^^^^^^^^^^^^^^^
    ...<2 lines>...
                                   timeout_at=timeout_at)
                                   ^^^^^^^^^^^^^^^^^^^^^^
  File "C:\Users\monis\OneDrive\Documents\IntelliStream\venv\Lib\site-packages\kafka\net\inet.py", line 26, in create_connection
    raise Errors.KafkaConnectionError('Connection timed out')
kafka.errors.KafkaConnectionError: KafkaConnectionError: Connection timed out
2026-06-19 18:17:56,440 - WARNING - No node available for metadata refresh - backoff/retry
2026-06-19 18:17:56,454 - ERROR - NodeNotReadyError: metadata
Traceback (most recent call last):
  File "C:\Users\monis\OneDrive\Documents\IntelliStream\venv\Lib\site-packages\kafka\cluster.py", line 127, in _refresh_loop
    await self.refresh_metadata()
  File "C:\Users\monis\OneDrive\Documents\IntelliStream\venv\Lib\site-packages\kafka\cluster.py", line 156, in refresh_metadata
    await self._do_refresh_metadata(node_id)
  File "C:\Users\monis\OneDrive\Documents\IntelliStream\venv\Lib\site-packages\kafka\cluster.py", line 168, in _do_refresh_metadata
    raise Errors.NodeNotReadyError('metadata')
kafka.errors.NodeNotReadyError: NodeNotReadyError: metadata
2026-06-19 18:17:56,501 - WARNING - No node available for metadata refresh - backoff/retry
2026-06-19 18:17:56,501 - ERROR - NodeNotReadyError: metadata
Traceback (most recent call last):
  File "C:\Users\monis\OneDrive\Documents\IntelliStream\venv\Lib\site-packages\kafka\cluster.py", line 127, in _refresh_loop
    await self.refresh_metadata()
  File "C:\Users\monis\OneDrive\Documents\IntelliStream\venv\Lib\site-packages\kafka\cluster.py", line 156, in refresh_metadata
    await self._do_refresh_metadata(node_id)
  File "C:\Users\monis\OneDrive\Documents\IntelliStream\venv\Lib\site-packages\kafka\cluster.py", line 168, in _do_refresh_metadata
    raise Errors.NodeNotReadyError('metadata')
kafka.errors.NodeNotReadyError: NodeNotReadyError: metadata
2026-06-19 18:17:56,597 - INFO - Metadata refresh (node_id=1)
2026-06-19 18:18:24,150 - ERROR - Connection failed: KafkaConnectionError: Connection timed out
2026-06-19 18:18:24,151 - ERROR - Metadata refresh: failed KafkaConnectionError: Connection timed out
2026-06-19 18:18:24,151 - ERROR - KafkaConnectionError: Connection timed out
Traceback (most recent call last):
  File "C:\Users\monis\OneDrive\Documents\IntelliStream\venv\Lib\site-packages\kafka\net\inet.py", line 21, in create_connection
    sock = await socket_factory.connect(net, res, socket_options, timeout_at=timeout_at)
           ^^^^^^^^^^^^^^^^^^^^^^^^^^^^^^^^^^^^^^^^^^^^^^^^^^^^^^^^^^^^^^^^^^^^^^^^^^^^^
  File "C:\Users\monis\OneDrive\Documents\IntelliStream\venv\Lib\site-packages\kafka\net\inet.py", line 92, in connect
    return await self.sock_connect(net, sock, sockaddr, timeout_at=timeout_at)
           ^^^^^^^^^^^^^^^^^^^^^^^^^^^^^^^^^^^^^^^^^^^^^^^^^^^^^^^^^^^^^^^^^^^
  File "C:\Users\monis\OneDrive\Documents\IntelliStream\venv\Lib\site-packages\kafka\net\inet.py", line 119, in sock_connect
    raise Errors.KafkaTimeoutError('Connection timed out')
kafka.errors.KafkaTimeoutError: KafkaTimeoutError: Connection timed out

During handling of the above exception, another exception occurred:

Traceback (most recent call last):
  File "C:\Users\monis\OneDrive\Documents\IntelliStream\venv\Lib\site-packages\kafka\cluster.py", line 127, in _refresh_loop
    await self.refresh_metadata()
  File "C:\Users\monis\OneDrive\Documents\IntelliStream\venv\Lib\site-packages\kafka\cluster.py", line 156, in refresh_metadata
    await self._do_refresh_metadata(node_id)
  File "C:\Users\monis\OneDrive\Documents\IntelliStream\venv\Lib\site-packages\kafka\cluster.py", line 175, in _do_refresh_metadata
    response = await self._manager.send(request, node_id)
               ^^^^^^^^^^^^^^^^^^^^^^^^^^^^^^^^^^^^^^^^^^
  File "C:\Users\monis\OneDrive\Documents\IntelliStream\venv\Lib\site-packages\kafka\future.py", line 165, in __await__
    raise self.exception
  File "C:\Users\monis\OneDrive\Documents\IntelliStream\venv\Lib\site-packages\kafka\net\manager.py", line 243, in _connect
    transport = await self._build_transport(node, timeout_at=timeout_at)
                ^^^^^^^^^^^^^^^^^^^^^^^^^^^^^^^^^^^^^^^^^^^^^^^^^^^^^^^^
  File "C:\Users\monis\OneDrive\Documents\IntelliStream\venv\Lib\site-packages\kafka\net\manager.py", line 224, in _build_transport
    sock = await create_connection(self._net, node.host, node.port,
           ^^^^^^^^^^^^^^^^^^^^^^^^^^^^^^^^^^^^^^^^^^^^^^^^^^^^^^^^
    ...<2 lines>...
                                   timeout_at=timeout_at)
                                   ^^^^^^^^^^^^^^^^^^^^^^
  File "C:\Users\monis\OneDrive\Documents\IntelliStream\venv\Lib\site-packages\kafka\net\inet.py", line 26, in create_connection
    raise Errors.KafkaConnectionError('Connection timed out')
kafka.errors.KafkaConnectionError: KafkaConnectionError: Connection timed out
2026-06-19 18:18:24,253 - WARNING - No node available for metadata refresh - backoff/retry
2026-06-19 18:18:24,253 - ERROR - NodeNotReadyError: metadata
Traceback (most recent call last):
  File "C:\Users\monis\OneDrive\Documents\IntelliStream\venv\Lib\site-packages\kafka\cluster.py", line 127, in _refresh_loop
    await self.refresh_metadata()
  File "C:\Users\monis\OneDrive\Documents\IntelliStream\venv\Lib\site-packages\kafka\cluster.py", line 156, in refresh_metadata
    await self._do_refresh_metadata(node_id)
  File "C:\Users\monis\OneDrive\Documents\IntelliStream\venv\Lib\site-packages\kafka\cluster.py", line 168, in _do_refresh_metadata
    raise Errors.NodeNotReadyError('metadata')
kafka.errors.NodeNotReadyError: NodeNotReadyError: metadata
2026-06-19 18:18:24,314 - WARNING - No node available for metadata refresh - backoff/retry
2026-06-19 18:18:24,314 - ERROR - NodeNotReadyError: metadata
Traceback (most recent call last):
  File "C:\Users\monis\OneDrive\Documents\IntelliStream\venv\Lib\site-packages\kafka\cluster.py", line 127, in _refresh_loop
    await self.refresh_metadata()
  File "C:\Users\monis\OneDrive\Documents\IntelliStream\venv\Lib\site-packages\kafka\cluster.py", line 156, in refresh_metadata
    await self._do_refresh_metadata(node_id)
  File "C:\Users\monis\OneDrive\Documents\IntelliStream\venv\Lib\site-packages\kafka\cluster.py", line 168, in _do_refresh_metadata
    raise Errors.NodeNotReadyError('metadata')
kafka.errors.NodeNotReadyError: NodeNotReadyError: metadata
2026-06-19 18:18:24,420 - WARNING - No node available for metadata refresh - backoff/retry
2026-06-19 18:18:24,421 - ERROR - NodeNotReadyError: metadata
Traceback (most recent call last):
  File "C:\Users\monis\OneDrive\Documents\IntelliStream\venv\Lib\site-packages\kafka\cluster.py", line 127, in _refresh_loop
    await self.refresh_metadata()
  File "C:\Users\monis\OneDrive\Documents\IntelliStream\venv\Lib\site-packages\kafka\cluster.py", line 156, in refresh_metadata
    await self._do_refresh_metadata(node_id)
  File "C:\Users\monis\OneDrive\Documents\IntelliStream\venv\Lib\site-packages\kafka\cluster.py", line 168, in _do_refresh_metadata
    raise Errors.NodeNotReadyError('metadata')
kafka.errors.NodeNotReadyError: NodeNotReadyError: metadata
2026-06-19 18:18:24,599 - INFO - Metadata refresh (node_id=1)
2026-06-19 18:18:55,748 - ERROR - Connection failed: KafkaConnectionError: Connection timed out
2026-06-19 18:18:55,748 - ERROR - Metadata refresh: failed KafkaConnectionError: Connection timed out
2026-06-19 18:18:55,748 - ERROR - KafkaConnectionError: Connection timed out
Traceback (most recent call last):
  File "C:\Users\monis\OneDrive\Documents\IntelliStream\venv\Lib\site-packages\kafka\net\inet.py", line 21, in create_connection
    sock = await socket_factory.connect(net, res, socket_options, timeout_at=timeout_at)
           ^^^^^^^^^^^^^^^^^^^^^^^^^^^^^^^^^^^^^^^^^^^^^^^^^^^^^^^^^^^^^^^^^^^^^^^^^^^^^
  File "C:\Users\monis\OneDrive\Documents\IntelliStream\venv\Lib\site-packages\kafka\net\inet.py", line 92, in connect
    return await self.sock_connect(net, sock, sockaddr, timeout_at=timeout_at)
           ^^^^^^^^^^^^^^^^^^^^^^^^^^^^^^^^^^^^^^^^^^^^^^^^^^^^^^^^^^^^^^^^^^^
  File "C:\Users\monis\OneDrive\Documents\IntelliStream\venv\Lib\site-packages\kafka\net\inet.py", line 119, in sock_connect
    raise Errors.KafkaTimeoutError('Connection timed out')
kafka.errors.KafkaTimeoutError: KafkaTimeoutError: Connection timed out

During handling of the above exception, another exception occurred:

Traceback (most recent call last):
  File "C:\Users\monis\OneDrive\Documents\IntelliStream\venv\Lib\site-packages\kafka\cluster.py", line 127, in _refresh_loop
    await self.refresh_metadata()
  File "C:\Users\monis\OneDrive\Documents\IntelliStream\venv\Lib\site-packages\kafka\cluster.py", line 156, in refresh_metadata
    await self._do_refresh_metadata(node_id)
  File "C:\Users\monis\OneDrive\Documents\IntelliStream\venv\Lib\site-packages\kafka\cluster.py", line 175, in _do_refresh_metadata
    response = await self._manager.send(request, node_id)
               ^^^^^^^^^^^^^^^^^^^^^^^^^^^^^^^^^^^^^^^^^^
  File "C:\Users\monis\OneDrive\Documents\IntelliStream\venv\Lib\site-packages\kafka\future.py", line 165, in __await__
    raise self.exception
  File "C:\Users\monis\OneDrive\Documents\IntelliStream\venv\Lib\site-packages\kafka\net\manager.py", line 243, in _connect
    transport = await self._build_transport(node, timeout_at=timeout_at)
                ^^^^^^^^^^^^^^^^^^^^^^^^^^^^^^^^^^^^^^^^^^^^^^^^^^^^^^^^
  File "C:\Users\monis\OneDrive\Documents\IntelliStream\venv\Lib\site-packages\kafka\net\manager.py", line 224, in _build_transport
    sock = await create_connection(self._net, node.host, node.port,
           ^^^^^^^^^^^^^^^^^^^^^^^^^^^^^^^^^^^^^^^^^^^^^^^^^^^^^^^^
    ...<2 lines>...
                                   timeout_at=timeout_at)
                                   ^^^^^^^^^^^^^^^^^^^^^^
  File "C:\Users\monis\OneDrive\Documents\IntelliStream\venv\Lib\site-packages\kafka\net\inet.py", line 26, in create_connection
    raise Errors.KafkaConnectionError('Connection timed out')
kafka.errors.KafkaConnectionError: KafkaConnectionError: Connection timed out
2026-06-19 18:18:55,855 - WARNING - No node available for metadata refresh - backoff/retry
2026-06-19 18:18:55,855 - ERROR - NodeNotReadyError: metadata
Traceback (most recent call last):
  File "C:\Users\monis\OneDrive\Documents\IntelliStream\venv\Lib\site-packages\kafka\cluster.py", line 127, in _refresh_loop
    await self.refresh_metadata()
  File "C:\Users\monis\OneDrive\Documents\IntelliStream\venv\Lib\site-packages\kafka\cluster.py", line 156, in refresh_metadata
    await self._do_refresh_metadata(node_id)
  File "C:\Users\monis\OneDrive\Documents\IntelliStream\venv\Lib\site-packages\kafka\cluster.py", line 168, in _do_refresh_metadata
    raise Errors.NodeNotReadyError('metadata')
kafka.errors.NodeNotReadyError: NodeNotReadyError: metadata
2026-06-19 18:18:55,902 - WARNING - No node available for metadata refresh - backoff/retry
2026-06-19 18:18:55,903 - ERROR - NodeNotReadyError: metadata
Traceback (most recent call last):
  File "C:\Users\monis\OneDrive\Documents\IntelliStream\venv\Lib\site-packages\kafka\cluster.py", line 127, in _refresh_loop
    await self.refresh_metadata()
  File "C:\Users\monis\OneDrive\Documents\IntelliStream\venv\Lib\site-packages\kafka\cluster.py", line 156, in refresh_metadata
    await self._do_refresh_metadata(node_id)
  File "C:\Users\monis\OneDrive\Documents\IntelliStream\venv\Lib\site-packages\kafka\cluster.py", line 168, in _do_refresh_metadata
    raise Errors.NodeNotReadyError('metadata')
kafka.errors.NodeNotReadyError: NodeNotReadyError: metadata
2026-06-19 18:18:56,010 - WARNING - No node available for metadata refresh - backoff/retry
2026-06-19 18:18:56,010 - ERROR - NodeNotReadyError: metadata
Traceback (most recent call last):
  File "C:\Users\monis\OneDrive\Documents\IntelliStream\venv\Lib\site-packages\kafka\cluster.py", line 127, in _refresh_loop
    await self.refresh_metadata()
  File "C:\Users\monis\OneDrive\Documents\IntelliStream\venv\Lib\site-packages\kafka\cluster.py", line 156, in refresh_metadata
    await self._do_refresh_metadata(node_id)
  File "C:\Users\monis\OneDrive\Documents\IntelliStream\venv\Lib\site-packages\kafka\cluster.py", line 168, in _do_refresh_metadata
    raise Errors.NodeNotReadyError('metadata')
kafka.errors.NodeNotReadyError: NodeNotReadyError: metadata
2026-06-19 18:18:56,257 - WARNING - No node available for metadata refresh - backoff/retry
2026-06-19 18:18:56,257 - ERROR - NodeNotReadyError: metadata
Traceback (most recent call last):
  File "C:\Users\monis\OneDrive\Documents\IntelliStream\venv\Lib\site-packages\kafka\cluster.py", line 127, in _refresh_loop
    await self.refresh_metadata()
  File "C:\Users\monis\OneDrive\Documents\IntelliStream\venv\Lib\site-packages\kafka\cluster.py", line 156, in refresh_metadata
    await self._do_refresh_metadata(node_id)
  File "C:\Users\monis\OneDrive\Documents\IntelliStream\venv\Lib\site-packages\kafka\cluster.py", line 168, in _do_refresh_metadata
    raise Errors.NodeNotReadyError('metadata')
kafka.errors.NodeNotReadyError: NodeNotReadyError: metadata
2026-06-19 18:18:56,669 - INFO - Metadata refresh (node_id=1)
2026-06-19 18:19:07,165 - WARNING - Failed to produce messages to topic-partition TopicPartition(topic='sensor-events', partition=0) with base offset None: KafkaTimeoutError: Expiring 1 record(s) for TopicPartition(topic='sensor-events', partition=0): 120000 ms has passed since batch creation
2026-06-19 18:19:07,166 - ERROR - <Sender client_id=kafka-python-producer-1 transactional_id=None>: Uncaught error in kafka producer I/O thread
Traceback (most recent call last):
  File "C:\Users\monis\OneDrive\Documents\IntelliStream\venv\Lib\site-packages\kafka\producer\sender.py", line 113, in run
    self.run_once()
    ~~~~~~~~~~~~~^^
  File "C:\Users\monis\OneDrive\Documents\IntelliStream\venv\Lib\site-packages\kafka\producer\sender.py", line 187, in run_once
    poll_timeout_ms = self._send_producer_data()
  File "C:\Users\monis\OneDrive\Documents\IntelliStream\venv\Lib\site-packages\kafka\producer\sender.py", line 247, in _send_producer_data
    self._complete_batch_with_exception(expired_batch, Errors.KafkaTimeoutError(error_message))
    ~~~~~~~~~~~~~~~~~~~~~~~~~~~~~~~~~~~^^^^^^^^^^^^^^^^^^^^^^^^^^^^^^^^^^^^^^^^^^^^^^^^^^^^^^^^
  File "C:\Users\monis\OneDrive\Documents\IntelliStream\venv\Lib\site-packages\kafka\producer\sender.py", line 487, in _complete_batch_with_exception
    self._dispatch_error(batch, exception, partition_response=None)
    ~~~~~~~~~~~~~~~~~~~~^^^^^^^^^^^^^^^^^^^^^^^^^^^^^^^^^^^^^^^^^^^
  File "C:\Users\monis\OneDrive\Documents\IntelliStream\venv\Lib\site-packages\kafka\producer\sender.py", line 587, in _dispatch_error
    self._accumulator.muted.remove(batch.topic_partition)
    ~~~~~~~~~~~~~~~~~~~~~~~~~~~~~~^^^^^^^^^^^^^^^^^^^^^^^
KeyError: TopicPartition(topic='sensor-events', partition=0)
2026-06-19 18:19:07,166 - INFO - Produced Event: {'animal_id': 16, 'temperature': 37.27, 'heart_rate': 68}
2026-06-19 18:19:28,801 - ERROR - Connection failed: KafkaConnectionError: Connection timed out
2026-06-19 18:19:28,801 - ERROR - Metadata refresh: failed KafkaConnectionError: Connection timed out
2026-06-19 18:19:28,801 - ERROR - KafkaConnectionError: Connection timed out
Traceback (most recent call last):
  File "C:\Users\monis\OneDrive\Documents\IntelliStream\venv\Lib\site-packages\kafka\net\inet.py", line 21, in create_connection
    sock = await socket_factory.connect(net, res, socket_options, timeout_at=timeout_at)
           ^^^^^^^^^^^^^^^^^^^^^^^^^^^^^^^^^^^^^^^^^^^^^^^^^^^^^^^^^^^^^^^^^^^^^^^^^^^^^
  File "C:\Users\monis\OneDrive\Documents\IntelliStream\venv\Lib\site-packages\kafka\net\inet.py", line 92, in connect
    return await self.sock_connect(net, sock, sockaddr, timeout_at=timeout_at)
           ^^^^^^^^^^^^^^^^^^^^^^^^^^^^^^^^^^^^^^^^^^^^^^^^^^^^^^^^^^^^^^^^^^^
  File "C:\Users\monis\OneDrive\Documents\IntelliStream\venv\Lib\site-packages\kafka\net\inet.py", line 119, in sock_connect
    raise Errors.KafkaTimeoutError('Connection timed out')
kafka.errors.KafkaTimeoutError: KafkaTimeoutError: Connection timed out

During handling of the above exception, another exception occurred:

Traceback (most recent call last):
  File "C:\Users\monis\OneDrive\Documents\IntelliStream\venv\Lib\site-packages\kafka\cluster.py", line 127, in _refresh_loop
    await self.refresh_metadata()
  File "C:\Users\monis\OneDrive\Documents\IntelliStream\venv\Lib\site-packages\kafka\cluster.py", line 156, in refresh_metadata
    await self._do_refresh_metadata(node_id)
  File "C:\Users\monis\OneDrive\Documents\IntelliStream\venv\Lib\site-packages\kafka\cluster.py", line 175, in _do_refresh_metadata
    response = await self._manager.send(request, node_id)
               ^^^^^^^^^^^^^^^^^^^^^^^^^^^^^^^^^^^^^^^^^^
  File "C:\Users\monis\OneDrive\Documents\IntelliStream\venv\Lib\site-packages\kafka\future.py", line 165, in __await__
    raise self.exception
  File "C:\Users\monis\OneDrive\Documents\IntelliStream\venv\Lib\site-packages\kafka\net\manager.py", line 243, in _connect
    transport = await self._build_transport(node, timeout_at=timeout_at)
                ^^^^^^^^^^^^^^^^^^^^^^^^^^^^^^^^^^^^^^^^^^^^^^^^^^^^^^^^
  File "C:\Users\monis\OneDrive\Documents\IntelliStream\venv\Lib\site-packages\kafka\net\manager.py", line 224, in _build_transport
    sock = await create_connection(self._net, node.host, node.port,
           ^^^^^^^^^^^^^^^^^^^^^^^^^^^^^^^^^^^^^^^^^^^^^^^^^^^^^^^^
    ...<2 lines>...
                                   timeout_at=timeout_at)
                                   ^^^^^^^^^^^^^^^^^^^^^^
  File "C:\Users\monis\OneDrive\Documents\IntelliStream\venv\Lib\site-packages\kafka\net\inet.py", line 26, in create_connection
    raise Errors.KafkaConnectionError('Connection timed out')
kafka.errors.KafkaConnectionError: KafkaConnectionError: Connection timed out
2026-06-19 18:19:28,913 - WARNING - No node available for metadata refresh - backoff/retry
2026-06-19 18:19:28,913 - ERROR - NodeNotReadyError: metadata
Traceback (most recent call last):
  File "C:\Users\monis\OneDrive\Documents\IntelliStream\venv\Lib\site-packages\kafka\cluster.py", line 127, in _refresh_loop
    await self.refresh_metadata()
  File "C:\Users\monis\OneDrive\Documents\IntelliStream\venv\Lib\site-packages\kafka\cluster.py", line 156, in refresh_metadata
    await self._do_refresh_metadata(node_id)
  File "C:\Users\monis\OneDrive\Documents\IntelliStream\venv\Lib\site-packages\kafka\cluster.py", line 168, in _do_refresh_metadata
    raise Errors.NodeNotReadyError('metadata')
kafka.errors.NodeNotReadyError: NodeNotReadyError: metadata
2026-06-19 18:19:28,975 - WARNING - No node available for metadata refresh - backoff/retry
2026-06-19 18:19:28,976 - ERROR - NodeNotReadyError: metadata
Traceback (most recent call last):
  File "C:\Users\monis\OneDrive\Documents\IntelliStream\venv\Lib\site-packages\kafka\cluster.py", line 127, in _refresh_loop
    await self.refresh_metadata()
  File "C:\Users\monis\OneDrive\Documents\IntelliStream\venv\Lib\site-packages\kafka\cluster.py", line 156, in refresh_metadata
    await self._do_refresh_metadata(node_id)
  File "C:\Users\monis\OneDrive\Documents\IntelliStream\venv\Lib\site-packages\kafka\cluster.py", line 168, in _do_refresh_metadata
    raise Errors.NodeNotReadyError('metadata')
kafka.errors.NodeNotReadyError: NodeNotReadyError: metadata
2026-06-19 18:19:29,100 - WARNING - No node available for metadata refresh - backoff/retry
2026-06-19 18:19:29,100 - ERROR - NodeNotReadyError: metadata
Traceback (most recent call last):
  File "C:\Users\monis\OneDrive\Documents\IntelliStream\venv\Lib\site-packages\kafka\cluster.py", line 127, in _refresh_loop
    await self.refresh_metadata()
  File "C:\Users\monis\OneDrive\Documents\IntelliStream\venv\Lib\site-packages\kafka\cluster.py", line 156, in refresh_metadata
    await self._do_refresh_metadata(node_id)
  File "C:\Users\monis\OneDrive\Documents\IntelliStream\venv\Lib\site-packages\kafka\cluster.py", line 168, in _do_refresh_metadata
    raise Errors.NodeNotReadyError('metadata')
kafka.errors.NodeNotReadyError: NodeNotReadyError: metadata
2026-06-19 18:19:29,348 - WARNING - No node available for metadata refresh - backoff/retry
2026-06-19 18:19:29,348 - ERROR - NodeNotReadyError: metadata
Traceback (most recent call last):
  File "C:\Users\monis\OneDrive\Documents\IntelliStream\venv\Lib\site-packages\kafka\cluster.py", line 127, in _refresh_loop
    await self.refresh_metadata()
  File "C:\Users\monis\OneDrive\Documents\IntelliStream\venv\Lib\site-packages\kafka\cluster.py", line 156, in refresh_metadata
    await self._do_refresh_metadata(node_id)
  File "C:\Users\monis\OneDrive\Documents\IntelliStream\venv\Lib\site-packages\kafka\cluster.py", line 168, in _do_refresh_metadata
    raise Errors.NodeNotReadyError('metadata')
kafka.errors.NodeNotReadyError: NodeNotReadyError: metadata
2026-06-19 18:19:29,830 - WARNING - No node available for metadata refresh - backoff/retry
2026-06-19 18:19:29,830 - ERROR - NodeNotReadyError: metadata
Traceback (most recent call last):
  File "C:\Users\monis\OneDrive\Documents\IntelliStream\venv\Lib\site-packages\kafka\cluster.py", line 127, in _refresh_loop
    await self.refresh_metadata()
  File "C:\Users\monis\OneDrive\Documents\IntelliStream\venv\Lib\site-packages\kafka\cluster.py", line 156, in refresh_metadata
    await self._do_refresh_metadata(node_id)
  File "C:\Users\monis\OneDrive\Documents\IntelliStream\venv\Lib\site-packages\kafka\cluster.py", line 168, in _do_refresh_metadata
    raise Errors.NodeNotReadyError('metadata')
kafka.errors.NodeNotReadyError: NodeNotReadyError: metadata
2026-06-19 18:19:30,719 - INFO - Metadata refresh (node_id=1)
2026-06-19 18:19:59,146 - ERROR - Connection failed: KafkaConnectionError: Connection timed out
2026-06-19 18:19:59,147 - ERROR - Metadata refresh: failed KafkaConnectionError: Connection timed out
2026-06-19 18:19:59,147 - ERROR - KafkaConnectionError: Connection timed out
Traceback (most recent call last):
  File "C:\Users\monis\OneDrive\Documents\IntelliStream\venv\Lib\site-packages\kafka\net\inet.py", line 21, in create_connection
    sock = await socket_factory.connect(net, res, socket_options, timeout_at=timeout_at)
           ^^^^^^^^^^^^^^^^^^^^^^^^^^^^^^^^^^^^^^^^^^^^^^^^^^^^^^^^^^^^^^^^^^^^^^^^^^^^^
  File "C:\Users\monis\OneDrive\Documents\IntelliStream\venv\Lib\site-packages\kafka\net\inet.py", line 92, in connect
    return await self.sock_connect(net, sock, sockaddr, timeout_at=timeout_at)
           ^^^^^^^^^^^^^^^^^^^^^^^^^^^^^^^^^^^^^^^^^^^^^^^^^^^^^^^^^^^^^^^^^^^
  File "C:\Users\monis\OneDrive\Documents\IntelliStream\venv\Lib\site-packages\kafka\net\inet.py", line 119, in sock_connect
    raise Errors.KafkaTimeoutError('Connection timed out')
kafka.errors.KafkaTimeoutError: KafkaTimeoutError: Connection timed out

During handling of the above exception, another exception occurred:

Traceback (most recent call last):
  File "C:\Users\monis\OneDrive\Documents\IntelliStream\venv\Lib\site-packages\kafka\cluster.py", line 127, in _refresh_loop
    await self.refresh_metadata()
  File "C:\Users\monis\OneDrive\Documents\IntelliStream\venv\Lib\site-packages\kafka\cluster.py", line 156, in refresh_metadata
    await self._do_refresh_metadata(node_id)
  File "C:\Users\monis\OneDrive\Documents\IntelliStream\venv\Lib\site-packages\kafka\cluster.py", line 175, in _do_refresh_metadata
    response = await self._manager.send(request, node_id)
               ^^^^^^^^^^^^^^^^^^^^^^^^^^^^^^^^^^^^^^^^^^
  File "C:\Users\monis\OneDrive\Documents\IntelliStream\venv\Lib\site-packages\kafka\future.py", line 165, in __await__
    raise self.exception
  File "C:\Users\monis\OneDrive\Documents\IntelliStream\venv\Lib\site-packages\kafka\net\manager.py", line 243, in _connect
    transport = await self._build_transport(node, timeout_at=timeout_at)
                ^^^^^^^^^^^^^^^^^^^^^^^^^^^^^^^^^^^^^^^^^^^^^^^^^^^^^^^^
  File "C:\Users\monis\OneDrive\Documents\IntelliStream\venv\Lib\site-packages\kafka\net\manager.py", line 224, in _build_transport
    sock = await create_connection(self._net, node.host, node.port,
           ^^^^^^^^^^^^^^^^^^^^^^^^^^^^^^^^^^^^^^^^^^^^^^^^^^^^^^^^
    ...<2 lines>...
                                   timeout_at=timeout_at)
                                   ^^^^^^^^^^^^^^^^^^^^^^
  File "C:\Users\monis\OneDrive\Documents\IntelliStream\venv\Lib\site-packages\kafka\net\inet.py", line 26, in create_connection
    raise Errors.KafkaConnectionError('Connection timed out')
kafka.errors.KafkaConnectionError: KafkaConnectionError: Connection timed out
2026-06-19 18:19:59,255 - WARNING - No node available for metadata refresh - backoff/retry
2026-06-19 18:19:59,255 - ERROR - NodeNotReadyError: metadata
Traceback (most recent call last):
  File "C:\Users\monis\OneDrive\Documents\IntelliStream\venv\Lib\site-packages\kafka\cluster.py", line 127, in _refresh_loop
    await self.refresh_metadata()
  File "C:\Users\monis\OneDrive\Documents\IntelliStream\venv\Lib\site-packages\kafka\cluster.py", line 156, in refresh_metadata
    await self._do_refresh_metadata(node_id)
  File "C:\Users\monis\OneDrive\Documents\IntelliStream\venv\Lib\site-packages\kafka\cluster.py", line 168, in _do_refresh_metadata
    raise Errors.NodeNotReadyError('metadata')
kafka.errors.NodeNotReadyError: NodeNotReadyError: metadata
2026-06-19 18:19:59,316 - WARNING - No node available for metadata refresh - backoff/retry
2026-06-19 18:19:59,316 - ERROR - NodeNotReadyError: metadata
Traceback (most recent call last):
  File "C:\Users\monis\OneDrive\Documents\IntelliStream\venv\Lib\site-packages\kafka\cluster.py", line 127, in _refresh_loop
    await self.refresh_metadata()
  File "C:\Users\monis\OneDrive\Documents\IntelliStream\venv\Lib\site-packages\kafka\cluster.py", line 156, in refresh_metadata
    await self._do_refresh_metadata(node_id)
  File "C:\Users\monis\OneDrive\Documents\IntelliStream\venv\Lib\site-packages\kafka\cluster.py", line 168, in _do_refresh_metadata
    raise Errors.NodeNotReadyError('metadata')
kafka.errors.NodeNotReadyError: NodeNotReadyError: metadata
2026-06-19 18:19:59,410 - WARNING - No node available for metadata refresh - backoff/retry
2026-06-19 18:19:59,410 - ERROR - NodeNotReadyError: metadata
Traceback (most recent call last):
  File "C:\Users\monis\OneDrive\Documents\IntelliStream\venv\Lib\site-packages\kafka\cluster.py", line 127, in _refresh_loop
    await self.refresh_metadata()
  File "C:\Users\monis\OneDrive\Documents\IntelliStream\venv\Lib\site-packages\kafka\cluster.py", line 156, in refresh_metadata
    await self._do_refresh_metadata(node_id)
  File "C:\Users\monis\OneDrive\Documents\IntelliStream\venv\Lib\site-packages\kafka\cluster.py", line 168, in _do_refresh_metadata
    raise Errors.NodeNotReadyError('metadata')
kafka.errors.NodeNotReadyError: NodeNotReadyError: metadata
2026-06-19 18:19:59,611 - WARNING - No node available for metadata refresh - backoff/retry
2026-06-19 18:19:59,611 - ERROR - NodeNotReadyError: metadata
Traceback (most recent call last):
  File "C:\Users\monis\OneDrive\Documents\IntelliStream\venv\Lib\site-packages\kafka\cluster.py", line 127, in _refresh_loop
    await self.refresh_metadata()
  File "C:\Users\monis\OneDrive\Documents\IntelliStream\venv\Lib\site-packages\kafka\cluster.py", line 156, in refresh_metadata
    await self._do_refresh_metadata(node_id)
  File "C:\Users\monis\OneDrive\Documents\IntelliStream\venv\Lib\site-packages\kafka\cluster.py", line 168, in _do_refresh_metadata
    raise Errors.NodeNotReadyError('metadata')
kafka.errors.NodeNotReadyError: NodeNotReadyError: metadata
2026-06-19 18:19:59,996 - WARNING - No node available for metadata refresh - backoff/retry
2026-06-19 18:19:59,996 - ERROR - NodeNotReadyError: metadata
Traceback (most recent call last):
  File "C:\Users\monis\OneDrive\Documents\IntelliStream\venv\Lib\site-packages\kafka\cluster.py", line 127, in _refresh_loop
    await self.refresh_metadata()
  File "C:\Users\monis\OneDrive\Documents\IntelliStream\venv\Lib\site-packages\kafka\cluster.py", line 156, in refresh_metadata
    await self._do_refresh_metadata(node_id)
  File "C:\Users\monis\OneDrive\Documents\IntelliStream\venv\Lib\site-packages\kafka\cluster.py", line 168, in _do_refresh_metadata
    raise Errors.NodeNotReadyError('metadata')
kafka.errors.NodeNotReadyError: NodeNotReadyError: metadata
2026-06-19 18:20:00,941 - WARNING - No node available for metadata refresh - backoff/retry
2026-06-19 18:20:00,941 - ERROR - NodeNotReadyError: metadata
Traceback (most recent call last):
  File "C:\Users\monis\OneDrive\Documents\IntelliStream\venv\Lib\site-packages\kafka\cluster.py", line 127, in _refresh_loop
    await self.refresh_metadata()
  File "C:\Users\monis\OneDrive\Documents\IntelliStream\venv\Lib\site-packages\kafka\cluster.py", line 156, in refresh_metadata
    await self._do_refresh_metadata(node_id)
  File "C:\Users\monis\OneDrive\Documents\IntelliStream\venv\Lib\site-packages\kafka\cluster.py", line 168, in _do_refresh_metadata
    raise Errors.NodeNotReadyError('metadata')
kafka.errors.NodeNotReadyError: NodeNotReadyError: metadata
2026-06-19 18:20:02,775 - INFO - Metadata refresh (node_id=1)
2026-06-19 18:20:37,411 - ERROR - Connection failed: KafkaConnectionError: Connection timed out
2026-06-19 18:20:37,411 - ERROR - Metadata refresh: failed KafkaConnectionError: Connection timed out
2026-06-19 18:20:37,411 - ERROR - KafkaConnectionError: Connection timed out
Traceback (most recent call last):
  File "C:\Users\monis\OneDrive\Documents\IntelliStream\venv\Lib\site-packages\kafka\net\inet.py", line 21, in create_connection
    sock = await socket_factory.connect(net, res, socket_options, timeout_at=timeout_at)
           ^^^^^^^^^^^^^^^^^^^^^^^^^^^^^^^^^^^^^^^^^^^^^^^^^^^^^^^^^^^^^^^^^^^^^^^^^^^^^
  File "C:\Users\monis\OneDrive\Documents\IntelliStream\venv\Lib\site-packages\kafka\net\inet.py", line 92, in connect
    return await self.sock_connect(net, sock, sockaddr, timeout_at=timeout_at)
           ^^^^^^^^^^^^^^^^^^^^^^^^^^^^^^^^^^^^^^^^^^^^^^^^^^^^^^^^^^^^^^^^^^^
  File "C:\Users\monis\OneDrive\Documents\IntelliStream\venv\Lib\site-packages\kafka\net\inet.py", line 119, in sock_connect
    raise Errors.KafkaTimeoutError('Connection timed out')
kafka.errors.KafkaTimeoutError: KafkaTimeoutError: Connection timed out

During handling of the above exception, another exception occurred:

Traceback (most recent call last):
  File "C:\Users\monis\OneDrive\Documents\IntelliStream\venv\Lib\site-packages\kafka\cluster.py", line 127, in _refresh_loop
    await self.refresh_metadata()
  File "C:\Users\monis\OneDrive\Documents\IntelliStream\venv\Lib\site-packages\kafka\cluster.py", line 156, in refresh_metadata
    await self._do_refresh_metadata(node_id)
  File "C:\Users\monis\OneDrive\Documents\IntelliStream\venv\Lib\site-packages\kafka\cluster.py", line 175, in _do_refresh_metadata
    response = await self._manager.send(request, node_id)
               ^^^^^^^^^^^^^^^^^^^^^^^^^^^^^^^^^^^^^^^^^^
  File "C:\Users\monis\OneDrive\Documents\IntelliStream\venv\Lib\site-packages\kafka\future.py", line 165, in __await__
    raise self.exception
  File "C:\Users\monis\OneDrive\Documents\IntelliStream\venv\Lib\site-packages\kafka\net\manager.py", line 243, in _connect
    transport = await self._build_transport(node, timeout_at=timeout_at)
                ^^^^^^^^^^^^^^^^^^^^^^^^^^^^^^^^^^^^^^^^^^^^^^^^^^^^^^^^
  File "C:\Users\monis\OneDrive\Documents\IntelliStream\venv\Lib\site-packages\kafka\net\manager.py", line 224, in _build_transport
    sock = await create_connection(self._net, node.host, node.port,
           ^^^^^^^^^^^^^^^^^^^^^^^^^^^^^^^^^^^^^^^^^^^^^^^^^^^^^^^^
    ...<2 lines>...
                                   timeout_at=timeout_at)
                                   ^^^^^^^^^^^^^^^^^^^^^^
  File "C:\Users\monis\OneDrive\Documents\IntelliStream\venv\Lib\site-packages\kafka\net\inet.py", line 26, in create_connection
    raise Errors.KafkaConnectionError('Connection timed out')
kafka.errors.KafkaConnectionError: KafkaConnectionError: Connection timed out
2026-06-19 18:20:37,512 - WARNING - No node available for metadata refresh - backoff/retry
2026-06-19 18:20:37,512 - ERROR - NodeNotReadyError: metadata
Traceback (most recent call last):
  File "C:\Users\monis\OneDrive\Documents\IntelliStream\venv\Lib\site-packages\kafka\cluster.py", line 127, in _refresh_loop
    await self.refresh_metadata()
  File "C:\Users\monis\OneDrive\Documents\IntelliStream\venv\Lib\site-packages\kafka\cluster.py", line 156, in refresh_metadata
    await self._do_refresh_metadata(node_id)
  File "C:\Users\monis\OneDrive\Documents\IntelliStream\venv\Lib\site-packages\kafka\cluster.py", line 168, in _do_refresh_metadata
    raise Errors.NodeNotReadyError('metadata')
kafka.errors.NodeNotReadyError: NodeNotReadyError: metadata
2026-06-19 18:20:37,575 - WARNING - No node available for metadata refresh - backoff/retry
2026-06-19 18:20:37,575 - ERROR - NodeNotReadyError: metadata
Traceback (most recent call last):
  File "C:\Users\monis\OneDrive\Documents\IntelliStream\venv\Lib\site-packages\kafka\cluster.py", line 127, in _refresh_loop
    await self.refresh_metadata()
  File "C:\Users\monis\OneDrive\Documents\IntelliStream\venv\Lib\site-packages\kafka\cluster.py", line 156, in refresh_metadata
    await self._do_refresh_metadata(node_id)
  File "C:\Users\monis\OneDrive\Documents\IntelliStream\venv\Lib\site-packages\kafka\cluster.py", line 168, in _do_refresh_metadata
    raise Errors.NodeNotReadyError('metadata')
kafka.errors.NodeNotReadyError: NodeNotReadyError: metadata
2026-06-19 18:20:37,683 - WARNING - No node available for metadata refresh - backoff/retry
2026-06-19 18:20:37,684 - ERROR - NodeNotReadyError: metadata
Traceback (most recent call last):
  File "C:\Users\monis\OneDrive\Documents\IntelliStream\venv\Lib\site-packages\kafka\cluster.py", line 127, in _refresh_loop
    await self.refresh_metadata()
  File "C:\Users\monis\OneDrive\Documents\IntelliStream\venv\Lib\site-packages\kafka\cluster.py", line 156, in refresh_metadata
    await self._do_refresh_metadata(node_id)
  File "C:\Users\monis\OneDrive\Documents\IntelliStream\venv\Lib\site-packages\kafka\cluster.py", line 168, in _do_refresh_metadata
    raise Errors.NodeNotReadyError('metadata')
kafka.errors.NodeNotReadyError: NodeNotReadyError: metadata
2026-06-19 18:20:37,872 - WARNING - No node available for metadata refresh - backoff/retry
2026-06-19 18:20:37,872 - ERROR - NodeNotReadyError: metadata
Traceback (most recent call last):
  File "C:\Users\monis\OneDrive\Documents\IntelliStream\venv\Lib\site-packages\kafka\cluster.py", line 127, in _refresh_loop
    await self.refresh_metadata()
  File "C:\Users\monis\OneDrive\Documents\IntelliStream\venv\Lib\site-packages\kafka\cluster.py", line 156, in refresh_metadata
    await self._do_refresh_metadata(node_id)
  File "C:\Users\monis\OneDrive\Documents\IntelliStream\venv\Lib\site-packages\kafka\cluster.py", line 168, in _do_refresh_metadata
    raise Errors.NodeNotReadyError('metadata')
kafka.errors.NodeNotReadyError: NodeNotReadyError: metadata
2026-06-19 18:20:38,337 - WARNING - No node available for metadata refresh - backoff/retry
2026-06-19 18:20:38,338 - ERROR - NodeNotReadyError: metadata
Traceback (most recent call last):
  File "C:\Users\monis\OneDrive\Documents\IntelliStream\venv\Lib\site-packages\kafka\cluster.py", line 127, in _refresh_loop
    await self.refresh_metadata()
  File "C:\Users\monis\OneDrive\Documents\IntelliStream\venv\Lib\site-packages\kafka\cluster.py", line 156, in refresh_metadata
    await self._do_refresh_metadata(node_id)
  File "C:\Users\monis\OneDrive\Documents\IntelliStream\venv\Lib\site-packages\kafka\cluster.py", line 168, in _do_refresh_metadata
    raise Errors.NodeNotReadyError('metadata')
kafka.errors.NodeNotReadyError: NodeNotReadyError: metadata
2026-06-19 18:20:39,162 - WARNING - No node available for metadata refresh - backoff/retry
2026-06-19 18:20:39,162 - ERROR - NodeNotReadyError: metadata
Traceback (most recent call last):
  File "C:\Users\monis\OneDrive\Documents\IntelliStream\venv\Lib\site-packages\kafka\cluster.py", line 127, in _refresh_loop
    await self.refresh_metadata()
  File "C:\Users\monis\OneDrive\Documents\IntelliStream\venv\Lib\site-packages\kafka\cluster.py", line 156, in refresh_metadata
    await self._do_refresh_metadata(node_id)
  File "C:\Users\monis\OneDrive\Documents\IntelliStream\venv\Lib\site-packages\kafka\cluster.py", line 168, in _do_refresh_metadata
    raise Errors.NodeNotReadyError('metadata')
kafka.errors.NodeNotReadyError: NodeNotReadyError: metadata
2026-06-19 18:20:40,617 - WARNING - No node available for metadata refresh - backoff/retry
2026-06-19 18:20:40,617 - ERROR - NodeNotReadyError: metadata
Traceback (most recent call last):
  File "C:\Users\monis\OneDrive\Documents\IntelliStream\venv\Lib\site-packages\kafka\cluster.py", line 127, in _refresh_loop
    await self.refresh_metadata()
  File "C:\Users\monis\OneDrive\Documents\IntelliStream\venv\Lib\site-packages\kafka\cluster.py", line 156, in refresh_metadata
    await self._do_refresh_metadata(node_id)
  File "C:\Users\monis\OneDrive\Documents\IntelliStream\venv\Lib\site-packages\kafka\cluster.py", line 168, in _do_refresh_metadata
    raise Errors.NodeNotReadyError('metadata')
kafka.errors.NodeNotReadyError: NodeNotReadyError: metadata
2026-06-19 18:20:43,315 - WARNING - No node available for metadata refresh - backoff/retry
2026-06-19 18:20:43,315 - ERROR - NodeNotReadyError: metadata
Traceback (most recent call last):
  File "C:\Users\monis\OneDrive\Documents\IntelliStream\venv\Lib\site-packages\kafka\cluster.py", line 127, in _refresh_loop
    await self.refresh_metadata()
  File "C:\Users\monis\OneDrive\Documents\IntelliStream\venv\Lib\site-packages\kafka\cluster.py", line 156, in refresh_metadata
    await self._do_refresh_metadata(node_id)
  File "C:\Users\monis\OneDrive\Documents\IntelliStream\venv\Lib\site-packages\kafka\cluster.py", line 168, in _do_refresh_metadata
    raise Errors.NodeNotReadyError('metadata')
kafka.errors.NodeNotReadyError: NodeNotReadyError: metadata
2026-06-19 18:20:50,097 - INFO - Metadata refresh (node_id=1)
2026-06-19 18:21:09,221 - WARNING - Failed to produce messages to topic-partition TopicPartition(topic='sensor-events', partition=0) with base offset None: KafkaTimeoutError: Expiring 1 record(s) for TopicPartition(topic='sensor-events', partition=0): 120000 ms has passed since batch creation
2026-06-19 18:21:09,222 - ERROR - <Sender client_id=kafka-python-producer-1 transactional_id=None>: Uncaught error in kafka producer I/O thread
Traceback (most recent call last):
  File "C:\Users\monis\OneDrive\Documents\IntelliStream\venv\Lib\site-packages\kafka\producer\sender.py", line 113, in run
    self.run_once()
    ~~~~~~~~~~~~~^^
  File "C:\Users\monis\OneDrive\Documents\IntelliStream\venv\Lib\site-packages\kafka\producer\sender.py", line 187, in run_once
    poll_timeout_ms = self._send_producer_data()
  File "C:\Users\monis\OneDrive\Documents\IntelliStream\venv\Lib\site-packages\kafka\producer\sender.py", line 247, in _send_producer_data
    self._complete_batch_with_exception(expired_batch, Errors.KafkaTimeoutError(error_message))
    ~~~~~~~~~~~~~~~~~~~~~~~~~~~~~~~~~~~^^^^^^^^^^^^^^^^^^^^^^^^^^^^^^^^^^^^^^^^^^^^^^^^^^^^^^^^
  File "C:\Users\monis\OneDrive\Documents\IntelliStream\venv\Lib\site-packages\kafka\producer\sender.py", line 487, in _complete_batch_with_exception
    self._dispatch_error(batch, exception, partition_response=None)
    ~~~~~~~~~~~~~~~~~~~~^^^^^^^^^^^^^^^^^^^^^^^^^^^^^^^^^^^^^^^^^^^
  File "C:\Users\monis\OneDrive\Documents\IntelliStream\venv\Lib\site-packages\kafka\producer\sender.py", line 587, in _dispatch_error
    self._accumulator.muted.remove(batch.topic_partition)
    ~~~~~~~~~~~~~~~~~~~~~~~~~~~~~~^^^^^^^^^^^^^^^^^^^^^^^
KeyError: TopicPartition(topic='sensor-events', partition=0)
2026-06-19 18:21:09,223 - INFO - Produced Event: {'animal_id': 93, 'temperature': 37.82, 'heart_rate': 69}
2026-06-19 18:21:17,334 - ERROR - Connection failed: KafkaConnectionError: Connection timed out
2026-06-19 18:21:17,335 - ERROR - Metadata refresh: failed KafkaConnectionError: Connection timed out
2026-06-19 18:21:17,335 - ERROR - KafkaConnectionError: Connection timed out
Traceback (most recent call last):
  File "C:\Users\monis\OneDrive\Documents\IntelliStream\venv\Lib\site-packages\kafka\net\inet.py", line 21, in create_connection
    sock = await socket_factory.connect(net, res, socket_options, timeout_at=timeout_at)
           ^^^^^^^^^^^^^^^^^^^^^^^^^^^^^^^^^^^^^^^^^^^^^^^^^^^^^^^^^^^^^^^^^^^^^^^^^^^^^
  File "C:\Users\monis\OneDrive\Documents\IntelliStream\venv\Lib\site-packages\kafka\net\inet.py", line 92, in connect
    return await self.sock_connect(net, sock, sockaddr, timeout_at=timeout_at)
           ^^^^^^^^^^^^^^^^^^^^^^^^^^^^^^^^^^^^^^^^^^^^^^^^^^^^^^^^^^^^^^^^^^^
  File "C:\Users\monis\OneDrive\Documents\IntelliStream\venv\Lib\site-packages\kafka\net\inet.py", line 119, in sock_connect
    raise Errors.KafkaTimeoutError('Connection timed out')
kafka.errors.KafkaTimeoutError: KafkaTimeoutError: Connection timed out

During handling of the above exception, another exception occurred:

Traceback (most recent call last):
  File "C:\Users\monis\OneDrive\Documents\IntelliStream\venv\Lib\site-packages\kafka\cluster.py", line 127, in _refresh_loop
    await self.refresh_metadata()
  File "C:\Users\monis\OneDrive\Documents\IntelliStream\venv\Lib\site-packages\kafka\cluster.py", line 156, in refresh_metadata
    await self._do_refresh_metadata(node_id)
  File "C:\Users\monis\OneDrive\Documents\IntelliStream\venv\Lib\site-packages\kafka\cluster.py", line 175, in _do_refresh_metadata
    response = await self._manager.send(request, node_id)
               ^^^^^^^^^^^^^^^^^^^^^^^^^^^^^^^^^^^^^^^^^^
  File "C:\Users\monis\OneDrive\Documents\IntelliStream\venv\Lib\site-packages\kafka\future.py", line 165, in __await__
    raise self.exception
  File "C:\Users\monis\OneDrive\Documents\IntelliStream\venv\Lib\site-packages\kafka\net\manager.py", line 243, in _connect
    transport = await self._build_transport(node, timeout_at=timeout_at)
                ^^^^^^^^^^^^^^^^^^^^^^^^^^^^^^^^^^^^^^^^^^^^^^^^^^^^^^^^
  File "C:\Users\monis\OneDrive\Documents\IntelliStream\venv\Lib\site-packages\kafka\net\manager.py", line 224, in _build_transport
    sock = await create_connection(self._net, node.host, node.port,
           ^^^^^^^^^^^^^^^^^^^^^^^^^^^^^^^^^^^^^^^^^^^^^^^^^^^^^^^^
    ...<2 lines>...
                                   timeout_at=timeout_at)
                                   ^^^^^^^^^^^^^^^^^^^^^^
  File "C:\Users\monis\OneDrive\Documents\IntelliStream\venv\Lib\site-packages\kafka\net\inet.py", line 26, in create_connection
    raise Errors.KafkaConnectionError('Connection timed out')
kafka.errors.KafkaConnectionError: KafkaConnectionError: Connection timed out
2026-06-19 18:21:17,449 - WARNING - No node available for metadata refresh - backoff/retry
2026-06-19 18:21:17,449 - ERROR - NodeNotReadyError: metadata
Traceback (most recent call last):
  File "C:\Users\monis\OneDrive\Documents\IntelliStream\venv\Lib\site-packages\kafka\cluster.py", line 127, in _refresh_loop
    await self.refresh_metadata()
  File "C:\Users\monis\OneDrive\Documents\IntelliStream\venv\Lib\site-packages\kafka\cluster.py", line 156, in refresh_metadata
    await self._do_refresh_metadata(node_id)
  File "C:\Users\monis\OneDrive\Documents\IntelliStream\venv\Lib\site-packages\kafka\cluster.py", line 168, in _do_refresh_metadata
    raise Errors.NodeNotReadyError('metadata')
kafka.errors.NodeNotReadyError: NodeNotReadyError: metadata
2026-06-19 18:21:17,495 - WARNING - No node available for metadata refresh - backoff/retry
2026-06-19 18:21:17,496 - ERROR - NodeNotReadyError: metadata
Traceback (most recent call last):
  File "C:\Users\monis\OneDrive\Documents\IntelliStream\venv\Lib\site-packages\kafka\cluster.py", line 127, in _refresh_loop
    await self.refresh_metadata()
  File "C:\Users\monis\OneDrive\Documents\IntelliStream\venv\Lib\site-packages\kafka\cluster.py", line 156, in refresh_metadata
    await self._do_refresh_metadata(node_id)
  File "C:\Users\monis\OneDrive\Documents\IntelliStream\venv\Lib\site-packages\kafka\cluster.py", line 168, in _do_refresh_metadata
    raise Errors.NodeNotReadyError('metadata')
kafka.errors.NodeNotReadyError: NodeNotReadyError: metadata
2026-06-19 18:21:17,620 - WARNING - No node available for metadata refresh - backoff/retry
2026-06-19 18:21:17,620 - ERROR - NodeNotReadyError: metadata
Traceback (most recent call last):
  File "C:\Users\monis\OneDrive\Documents\IntelliStream\venv\Lib\site-packages\kafka\cluster.py", line 127, in _refresh_loop
    await self.refresh_metadata()
  File "C:\Users\monis\OneDrive\Documents\IntelliStream\venv\Lib\site-packages\kafka\cluster.py", line 156, in refresh_metadata
    await self._do_refresh_metadata(node_id)
  File "C:\Users\monis\OneDrive\Documents\IntelliStream\venv\Lib\site-packages\kafka\cluster.py", line 168, in _do_refresh_metadata
    raise Errors.NodeNotReadyError('metadata')
kafka.errors.NodeNotReadyError: NodeNotReadyError: metadata
2026-06-19 18:21:17,823 - WARNING - No node available for metadata refresh - backoff/retry
2026-06-19 18:21:17,824 - ERROR - NodeNotReadyError: metadata
Traceback (most recent call last):
  File "C:\Users\monis\OneDrive\Documents\IntelliStream\venv\Lib\site-packages\kafka\cluster.py", line 127, in _refresh_loop
    await self.refresh_metadata()
  File "C:\Users\monis\OneDrive\Documents\IntelliStream\venv\Lib\site-packages\kafka\cluster.py", line 156, in refresh_metadata
    await self._do_refresh_metadata(node_id)
  File "C:\Users\monis\OneDrive\Documents\IntelliStream\venv\Lib\site-packages\kafka\cluster.py", line 168, in _do_refresh_metadata
    raise Errors.NodeNotReadyError('metadata')
kafka.errors.NodeNotReadyError: NodeNotReadyError: metadata
2026-06-19 18:21:18,274 - WARNING - No node available for metadata refresh - backoff/retry
2026-06-19 18:21:18,275 - ERROR - NodeNotReadyError: metadata
Traceback (most recent call last):
  File "C:\Users\monis\OneDrive\Documents\IntelliStream\venv\Lib\site-packages\kafka\cluster.py", line 127, in _refresh_loop
    await self.refresh_metadata()
  File "C:\Users\monis\OneDrive\Documents\IntelliStream\venv\Lib\site-packages\kafka\cluster.py", line 156, in refresh_metadata
    await self._do_refresh_metadata(node_id)
  File "C:\Users\monis\OneDrive\Documents\IntelliStream\venv\Lib\site-packages\kafka\cluster.py", line 168, in _do_refresh_metadata
    raise Errors.NodeNotReadyError('metadata')
kafka.errors.NodeNotReadyError: NodeNotReadyError: metadata
2026-06-19 18:21:19,213 - WARNING - No node available for metadata refresh - backoff/retry
2026-06-19 18:21:19,213 - ERROR - NodeNotReadyError: metadata
Traceback (most recent call last):
  File "C:\Users\monis\OneDrive\Documents\IntelliStream\venv\Lib\site-packages\kafka\cluster.py", line 127, in _refresh_loop
    await self.refresh_metadata()
  File "C:\Users\monis\OneDrive\Documents\IntelliStream\venv\Lib\site-packages\kafka\cluster.py", line 156, in refresh_metadata
    await self._do_refresh_metadata(node_id)
  File "C:\Users\monis\OneDrive\Documents\IntelliStream\venv\Lib\site-packages\kafka\cluster.py", line 168, in _do_refresh_metadata
    raise Errors.NodeNotReadyError('metadata')
kafka.errors.NodeNotReadyError: NodeNotReadyError: metadata
2026-06-19 18:21:21,022 - WARNING - No node available for metadata refresh - backoff/retry
2026-06-19 18:21:21,022 - ERROR - NodeNotReadyError: metadata
Traceback (most recent call last):
  File "C:\Users\monis\OneDrive\Documents\IntelliStream\venv\Lib\site-packages\kafka\cluster.py", line 127, in _refresh_loop
    await self.refresh_metadata()
  File "C:\Users\monis\OneDrive\Documents\IntelliStream\venv\Lib\site-packages\kafka\cluster.py", line 156, in refresh_metadata
    await self._do_refresh_metadata(node_id)
  File "C:\Users\monis\OneDrive\Documents\IntelliStream\venv\Lib\site-packages\kafka\cluster.py", line 168, in _do_refresh_metadata
    raise Errors.NodeNotReadyError('metadata')
kafka.errors.NodeNotReadyError: NodeNotReadyError: metadata
2026-06-19 18:21:24,638 - WARNING - No node available for metadata refresh - backoff/retry
2026-06-19 18:21:24,638 - ERROR - NodeNotReadyError: metadata
Traceback (most recent call last):
  File "C:\Users\monis\OneDrive\Documents\IntelliStream\venv\Lib\site-packages\kafka\cluster.py", line 127, in _refresh_loop
    await self.refresh_metadata()
  File "C:\Users\monis\OneDrive\Documents\IntelliStream\venv\Lib\site-packages\kafka\cluster.py", line 156, in refresh_metadata
    await self._do_refresh_metadata(node_id)
  File "C:\Users\monis\OneDrive\Documents\IntelliStream\venv\Lib\site-packages\kafka\cluster.py", line 168, in _do_refresh_metadata
    raise Errors.NodeNotReadyError('metadata')
kafka.errors.NodeNotReadyError: NodeNotReadyError: metadata
2026-06-19 18:21:30,408 - INFO - Metadata refresh (node_id=1)
2026-06-19 18:21:54,615 - ERROR - Connection failed: KafkaConnectionError: Connection timed out
2026-06-19 18:21:54,616 - ERROR - Metadata refresh: failed KafkaConnectionError: Connection timed out
2026-06-19 18:21:54,616 - ERROR - KafkaConnectionError: Connection timed out
Traceback (most recent call last):
  File "C:\Users\monis\OneDrive\Documents\IntelliStream\venv\Lib\site-packages\kafka\net\inet.py", line 21, in create_connection
    sock = await socket_factory.connect(net, res, socket_options, timeout_at=timeout_at)
           ^^^^^^^^^^^^^^^^^^^^^^^^^^^^^^^^^^^^^^^^^^^^^^^^^^^^^^^^^^^^^^^^^^^^^^^^^^^^^
  File "C:\Users\monis\OneDrive\Documents\IntelliStream\venv\Lib\site-packages\kafka\net\inet.py", line 92, in connect
    return await self.sock_connect(net, sock, sockaddr, timeout_at=timeout_at)
           ^^^^^^^^^^^^^^^^^^^^^^^^^^^^^^^^^^^^^^^^^^^^^^^^^^^^^^^^^^^^^^^^^^^
  File "C:\Users\monis\OneDrive\Documents\IntelliStream\venv\Lib\site-packages\kafka\net\inet.py", line 119, in sock_connect
    raise Errors.KafkaTimeoutError('Connection timed out')
kafka.errors.KafkaTimeoutError: KafkaTimeoutError: Connection timed out

During handling of the above exception, another exception occurred:

Traceback (most recent call last):
  File "C:\Users\monis\OneDrive\Documents\IntelliStream\venv\Lib\site-packages\kafka\cluster.py", line 127, in _refresh_loop
    await self.refresh_metadata()
  File "C:\Users\monis\OneDrive\Documents\IntelliStream\venv\Lib\site-packages\kafka\cluster.py", line 156, in refresh_metadata
    await self._do_refresh_metadata(node_id)
  File "C:\Users\monis\OneDrive\Documents\IntelliStream\venv\Lib\site-packages\kafka\cluster.py", line 175, in _do_refresh_metadata
    response = await self._manager.send(request, node_id)
               ^^^^^^^^^^^^^^^^^^^^^^^^^^^^^^^^^^^^^^^^^^
  File "C:\Users\monis\OneDrive\Documents\IntelliStream\venv\Lib\site-packages\kafka\future.py", line 165, in __await__
    raise self.exception
  File "C:\Users\monis\OneDrive\Documents\IntelliStream\venv\Lib\site-packages\kafka\net\manager.py", line 243, in _connect
    transport = await self._build_transport(node, timeout_at=timeout_at)
                ^^^^^^^^^^^^^^^^^^^^^^^^^^^^^^^^^^^^^^^^^^^^^^^^^^^^^^^^
  File "C:\Users\monis\OneDrive\Documents\IntelliStream\venv\Lib\site-packages\kafka\net\manager.py", line 224, in _build_transport
    sock = await create_connection(self._net, node.host, node.port,
           ^^^^^^^^^^^^^^^^^^^^^^^^^^^^^^^^^^^^^^^^^^^^^^^^^^^^^^^^
    ...<2 lines>...
                                   timeout_at=timeout_at)
                                   ^^^^^^^^^^^^^^^^^^^^^^
  File "C:\Users\monis\OneDrive\Documents\IntelliStream\venv\Lib\site-packages\kafka\net\inet.py", line 26, in create_connection
    raise Errors.KafkaConnectionError('Connection timed out')
kafka.errors.KafkaConnectionError: KafkaConnectionError: Connection timed out
2026-06-19 18:21:54,716 - WARNING - No node available for metadata refresh - backoff/retry
2026-06-19 18:21:54,716 - ERROR - NodeNotReadyError: metadata
Traceback (most recent call last):
  File "C:\Users\monis\OneDrive\Documents\IntelliStream\venv\Lib\site-packages\kafka\cluster.py", line 127, in _refresh_loop
    await self.refresh_metadata()
  File "C:\Users\monis\OneDrive\Documents\IntelliStream\venv\Lib\site-packages\kafka\cluster.py", line 156, in refresh_metadata
    await self._do_refresh_metadata(node_id)
  File "C:\Users\monis\OneDrive\Documents\IntelliStream\venv\Lib\site-packages\kafka\cluster.py", line 168, in _do_refresh_metadata
    raise Errors.NodeNotReadyError('metadata')
kafka.errors.NodeNotReadyError: NodeNotReadyError: metadata
2026-06-19 18:21:54,779 - WARNING - No node available for metadata refresh - backoff/retry
2026-06-19 18:21:54,779 - ERROR - NodeNotReadyError: metadata
Traceback (most recent call last):
  File "C:\Users\monis\OneDrive\Documents\IntelliStream\venv\Lib\site-packages\kafka\cluster.py", line 127, in _refresh_loop
    await self.refresh_metadata()
  File "C:\Users\monis\OneDrive\Documents\IntelliStream\venv\Lib\site-packages\kafka\cluster.py", line 156, in refresh_metadata
    await self._do_refresh_metadata(node_id)
  File "C:\Users\monis\OneDrive\Documents\IntelliStream\venv\Lib\site-packages\kafka\cluster.py", line 168, in _do_refresh_metadata
    raise Errors.NodeNotReadyError('metadata')
kafka.errors.NodeNotReadyError: NodeNotReadyError: metadata
2026-06-19 18:21:54,904 - WARNING - No node available for metadata refresh - backoff/retry
2026-06-19 18:21:54,904 - ERROR - NodeNotReadyError: metadata
Traceback (most recent call last):
  File "C:\Users\monis\OneDrive\Documents\IntelliStream\venv\Lib\site-packages\kafka\cluster.py", line 127, in _refresh_loop
    await self.refresh_metadata()
  File "C:\Users\monis\OneDrive\Documents\IntelliStream\venv\Lib\site-packages\kafka\cluster.py", line 156, in refresh_metadata
    await self._do_refresh_metadata(node_id)
  File "C:\Users\monis\OneDrive\Documents\IntelliStream\venv\Lib\site-packages\kafka\cluster.py", line 168, in _do_refresh_metadata
    raise Errors.NodeNotReadyError('metadata')
kafka.errors.NodeNotReadyError: NodeNotReadyError: metadata
2026-06-19 18:21:55,077 - WARNING - No node available for metadata refresh - backoff/retry
2026-06-19 18:21:55,077 - ERROR - NodeNotReadyError: metadata
Traceback (most recent call last):
  File "C:\Users\monis\OneDrive\Documents\IntelliStream\venv\Lib\site-packages\kafka\cluster.py", line 127, in _refresh_loop
    await self.refresh_metadata()
  File "C:\Users\monis\OneDrive\Documents\IntelliStream\venv\Lib\site-packages\kafka\cluster.py", line 156, in refresh_metadata
    await self._do_refresh_metadata(node_id)
  File "C:\Users\monis\OneDrive\Documents\IntelliStream\venv\Lib\site-packages\kafka\cluster.py", line 168, in _do_refresh_metadata
    raise Errors.NodeNotReadyError('metadata')
kafka.errors.NodeNotReadyError: NodeNotReadyError: metadata
2026-06-19 18:21:55,546 - WARNING - No node available for metadata refresh - backoff/retry
2026-06-19 18:21:55,546 - ERROR - NodeNotReadyError: metadata
Traceback (most recent call last):
  File "C:\Users\monis\OneDrive\Documents\IntelliStream\venv\Lib\site-packages\kafka\cluster.py", line 127, in _refresh_loop
    await self.refresh_metadata()
  File "C:\Users\monis\OneDrive\Documents\IntelliStream\venv\Lib\site-packages\kafka\cluster.py", line 156, in refresh_metadata
    await self._do_refresh_metadata(node_id)
  File "C:\Users\monis\OneDrive\Documents\IntelliStream\venv\Lib\site-packages\kafka\cluster.py", line 168, in _do_refresh_metadata
    raise Errors.NodeNotReadyError('metadata')
kafka.errors.NodeNotReadyError: NodeNotReadyError: metadata
2026-06-19 18:21:56,390 - WARNING - No node available for metadata refresh - backoff/retry
2026-06-19 18:21:56,391 - ERROR - NodeNotReadyError: metadata
Traceback (most recent call last):
  File "C:\Users\monis\OneDrive\Documents\IntelliStream\venv\Lib\site-packages\kafka\cluster.py", line 127, in _refresh_loop
    await self.refresh_metadata()
  File "C:\Users\monis\OneDrive\Documents\IntelliStream\venv\Lib\site-packages\kafka\cluster.py", line 156, in refresh_metadata
    await self._do_refresh_metadata(node_id)
  File "C:\Users\monis\OneDrive\Documents\IntelliStream\venv\Lib\site-packages\kafka\cluster.py", line 168, in _do_refresh_metadata
    raise Errors.NodeNotReadyError('metadata')
kafka.errors.NodeNotReadyError: NodeNotReadyError: metadata
2026-06-19 18:21:57,701 - WARNING - No node available for metadata refresh - backoff/retry
2026-06-19 18:21:57,701 - ERROR - NodeNotReadyError: metadata
Traceback (most recent call last):
  File "C:\Users\monis\OneDrive\Documents\IntelliStream\venv\Lib\site-packages\kafka\cluster.py", line 127, in _refresh_loop
    await self.refresh_metadata()
  File "C:\Users\monis\OneDrive\Documents\IntelliStream\venv\Lib\site-packages\kafka\cluster.py", line 156, in refresh_metadata
    await self._do_refresh_metadata(node_id)
  File "C:\Users\monis\OneDrive\Documents\IntelliStream\venv\Lib\site-packages\kafka\cluster.py", line 168, in _do_refresh_metadata
    raise Errors.NodeNotReadyError('metadata')
kafka.errors.NodeNotReadyError: NodeNotReadyError: metadata
2026-06-19 18:22:00,340 - WARNING - No node available for metadata refresh - backoff/retry
2026-06-19 18:22:00,340 - ERROR - NodeNotReadyError: metadata
Traceback (most recent call last):
  File "C:\Users\monis\OneDrive\Documents\IntelliStream\venv\Lib\site-packages\kafka\cluster.py", line 127, in _refresh_loop
    await self.refresh_metadata()
  File "C:\Users\monis\OneDrive\Documents\IntelliStream\venv\Lib\site-packages\kafka\cluster.py", line 156, in refresh_metadata
    await self._do_refresh_metadata(node_id)
  File "C:\Users\monis\OneDrive\Documents\IntelliStream\venv\Lib\site-packages\kafka\cluster.py", line 168, in _do_refresh_metadata
    raise Errors.NodeNotReadyError('metadata')
kafka.errors.NodeNotReadyError: NodeNotReadyError: metadata
2026-06-19 18:22:06,061 - WARNING - No node available for metadata refresh - backoff/retry
2026-06-19 18:22:06,061 - ERROR - NodeNotReadyError: metadata
Traceback (most recent call last):
  File "C:\Users\monis\OneDrive\Documents\IntelliStream\venv\Lib\site-packages\kafka\cluster.py", line 127, in _refresh_loop
    await self.refresh_metadata()
  File "C:\Users\monis\OneDrive\Documents\IntelliStream\venv\Lib\site-packages\kafka\cluster.py", line 156, in refresh_metadata
    await self._do_refresh_metadata(node_id)
  File "C:\Users\monis\OneDrive\Documents\IntelliStream\venv\Lib\site-packages\kafka\cluster.py", line 168, in _do_refresh_metadata
    raise Errors.NodeNotReadyError('metadata')
kafka.errors.NodeNotReadyError: NodeNotReadyError: metadata
2026-06-19 18:22:16,457 - WARNING - No node available for metadata refresh - backoff/retry
2026-06-19 18:22:16,457 - ERROR - NodeNotReadyError: metadata
Traceback (most recent call last):
  File "C:\Users\monis\OneDrive\Documents\IntelliStream\venv\Lib\site-packages\kafka\cluster.py", line 127, in _refresh_loop
    await self.refresh_metadata()
  File "C:\Users\monis\OneDrive\Documents\IntelliStream\venv\Lib\site-packages\kafka\cluster.py", line 156, in refresh_metadata
    await self._do_refresh_metadata(node_id)
  File "C:\Users\monis\OneDrive\Documents\IntelliStream\venv\Lib\site-packages\kafka\cluster.py", line 168, in _do_refresh_metadata
    raise Errors.NodeNotReadyError('metadata')
kafka.errors.NodeNotReadyError: NodeNotReadyError: metadata
2026-06-19 18:22:40,402 - ERROR - <KafkaTCPTransport [::1:9092<-50317]>: socket disconnected
2026-06-19 18:22:40,402 - ERROR - <KafkaTCPTransport [::1:9092<-50317]>: Abort (KafkaConnectionError: socket disconnected)
2026-06-19 18:22:40,408 - ERROR - <KafkaTCPTransport [::1:9092<-50327]>: socket disconnected
2026-06-19 18:22:40,408 - ERROR - <KafkaTCPTransport [::1:9092<-50327]>: Abort (KafkaConnectionError: socket disconnected)
2026-06-19 18:22:40,414 - ERROR - <KafkaTCPTransport [::1:9092<-50328]>: socket disconnected
2026-06-19 18:22:40,414 - ERROR - <KafkaTCPTransport [::1:9092<-50328]>: Abort (KafkaConnectionError: socket disconnected)
2026-06-19 18:22:40,419 - ERROR - <KafkaTCPTransport [::1:9092<-50329]>: socket disconnected
2026-06-19 18:22:40,419 - ERROR - <KafkaTCPTransport [::1:9092<-50329]>: Abort (KafkaConnectionError: socket disconnected)
2026-06-19 18:22:40,424 - ERROR - <KafkaTCPTransport [::1:9092<-50330]>: socket disconnected
2026-06-19 18:22:40,424 - ERROR - <KafkaTCPTransport [::1:9092<-50330]>: Abort (KafkaConnectionError: socket disconnected)
2026-06-19 18:22:40,430 - ERROR - <KafkaTCPTransport [::1:9092<-50331]>: socket disconnected
2026-06-19 18:22:40,430 - ERROR - <KafkaTCPTransport [::1:9092<-50331]>: Abort (KafkaConnectionError: socket disconnected)
2026-06-19 18:22:40,436 - ERROR - <KafkaTCPTransport [::1:9092<-50332]>: socket disconnected
2026-06-19 18:22:40,436 - ERROR - <KafkaTCPTransport [::1:9092<-50332]>: Abort (KafkaConnectionError: socket disconnected)
2026-06-19 18:22:40,443 - ERROR - <KafkaTCPTransport [::1:9092<-50333]>: socket disconnected
2026-06-19 18:22:40,443 - ERROR - <KafkaTCPTransport [::1:9092<-50333]>: Abort (KafkaConnectionError: socket disconnected)
2026-06-19 18:22:40,448 - ERROR - <KafkaTCPTransport [::1:9092<-50334]>: socket disconnected
2026-06-19 18:22:40,448 - ERROR - <KafkaTCPTransport [::1:9092<-50334]>: Abort (KafkaConnectionError: socket disconnected)
2026-06-19 18:22:40,454 - ERROR - <KafkaTCPTransport [::1:9092<-50335]>: socket disconnected
2026-06-19 18:22:40,454 - ERROR - <KafkaTCPTransport [::1:9092<-50335]>: Abort (KafkaConnectionError: socket disconnected)
2026-06-19 18:22:40,460 - ERROR - <KafkaTCPTransport [::1:9092<-50336]>: socket disconnected
2026-06-19 18:22:40,460 - ERROR - <KafkaTCPTransport [::1:9092<-50336]>: Abort (KafkaConnectionError: socket disconnected)
2026-06-19 18:22:40,466 - ERROR - <KafkaTCPTransport [::1:9092<-50337]>: socket disconnected
2026-06-19 18:22:40,466 - ERROR - <KafkaTCPTransport [::1:9092<-50337]>: Abort (KafkaConnectionError: socket disconnected)
2026-06-19 18:22:40,472 - ERROR - <KafkaTCPTransport [::1:9092<-50338]>: socket disconnected
2026-06-19 18:22:40,472 - ERROR - <KafkaTCPTransport [::1:9092<-50338]>: Abort (KafkaConnectionError: socket disconnected)
2026-06-19 18:22:40,479 - ERROR - <KafkaTCPTransport [::1:9092<-50339]>: socket disconnected
2026-06-19 18:22:40,480 - ERROR - <KafkaTCPTransport [::1:9092<-50339]>: Abort (KafkaConnectionError: socket disconnected)
2026-06-19 18:22:40,485 - ERROR - <KafkaTCPTransport [::1:9092<-50340]>: socket disconnected
2026-06-19 18:22:40,485 - ERROR - <KafkaTCPTransport [::1:9092<-50340]>: Abort (KafkaConnectionError: socket disconnected)
2026-06-19 18:22:40,490 - ERROR - <KafkaTCPTransport [::1:9092<-50341]>: socket disconnected
2026-06-19 18:22:40,491 - ERROR - <KafkaTCPTransport [::1:9092<-50341]>: Abort (KafkaConnectionError: socket disconnected)
2026-06-19 18:22:40,497 - ERROR - <KafkaTCPTransport [::1:9092<-50342]>: socket disconnected
2026-06-19 18:22:40,497 - ERROR - <KafkaTCPTransport [::1:9092<-50342]>: Abort (KafkaConnectionError: socket disconnected)
2026-06-19 18:22:40,503 - ERROR - <KafkaTCPTransport [::1:9092<-50345]>: socket disconnected
2026-06-19 18:22:40,503 - ERROR - <KafkaTCPTransport [::1:9092<-50345]>: Abort (KafkaConnectionError: socket disconnected)
2026-06-19 18:22:40,509 - ERROR - <KafkaTCPTransport [::1:9092<-50346]>: socket disconnected
2026-06-19 18:22:40,510 - ERROR - <KafkaTCPTransport [::1:9092<-50346]>: Abort (KafkaConnectionError: socket disconnected)
2026-06-19 18:22:40,515 - ERROR - <KafkaTCPTransport [::1:9092<-50347]>: socket disconnected
2026-06-19 18:22:40,515 - ERROR - <KafkaTCPTransport [::1:9092<-50347]>: Abort (KafkaConnectionError: socket disconnected)
2026-06-19 18:22:40,520 - ERROR - <KafkaTCPTransport [::1:9092<-50348]>: socket disconnected
2026-06-19 18:22:40,520 - ERROR - <KafkaTCPTransport [::1:9092<-50348]>: Abort (KafkaConnectionError: socket disconnected)
2026-06-19 18:22:40,525 - ERROR - <KafkaTCPTransport [::1:9092<-50349]>: socket disconnected
2026-06-19 18:22:40,525 - ERROR - <KafkaTCPTransport [::1:9092<-50349]>: Abort (KafkaConnectionError: socket disconnected)
2026-06-19 18:22:40,531 - ERROR - <KafkaTCPTransport [::1:9092<-50350]>: socket disconnected
2026-06-19 18:22:40,532 - ERROR - <KafkaTCPTransport [::1:9092<-50350]>: Abort (KafkaConnectionError: socket disconnected)
2026-06-19 18:22:40,537 - ERROR - <KafkaTCPTransport [::1:9092<-50351]>: socket disconnected
2026-06-19 18:22:40,537 - ERROR - <KafkaTCPTransport [::1:9092<-50351]>: Abort (KafkaConnectionError: socket disconnected)
2026-06-19 18:22:40,543 - ERROR - <KafkaTCPTransport [::1:9092<-50352]>: socket disconnected
2026-06-19 18:22:40,543 - ERROR - <KafkaTCPTransport [::1:9092<-50352]>: Abort (KafkaConnectionError: socket disconnected)
2026-06-19 18:22:40,549 - ERROR - <KafkaTCPTransport [::1:9092<-50353]>: socket disconnected
2026-06-19 18:22:40,549 - ERROR - <KafkaTCPTransport [::1:9092<-50353]>: Abort (KafkaConnectionError: socket disconnected)
2026-06-19 18:22:40,554 - ERROR - <KafkaTCPTransport [::1:9092<-50354]>: socket disconnected
2026-06-19 18:22:40,555 - ERROR - <KafkaTCPTransport [::1:9092<-50354]>: Abort (KafkaConnectionError: socket disconnected)
2026-06-19 18:22:40,561 - ERROR - <KafkaTCPTransport [::1:9092<-50355]>: socket disconnected
2026-06-19 18:22:40,562 - ERROR - <KafkaTCPTransport [::1:9092<-50355]>: Abort (KafkaConnectionError: socket disconnected)
2026-06-19 18:22:40,567 - ERROR - <KafkaTCPTransport [::1:9092<-50356]>: socket disconnected
2026-06-19 18:22:40,568 - ERROR - <KafkaTCPTransport [::1:9092<-50356]>: Abort (KafkaConnectionError: socket disconnected)
2026-06-19 18:22:40,574 - ERROR - <KafkaTCPTransport [::1:9092<-50357]>: socket disconnected
2026-06-19 18:22:40,574 - ERROR - <KafkaTCPTransport [::1:9092<-50357]>: Abort (KafkaConnectionError: socket disconnected)
2026-06-19 18:22:40,580 - ERROR - <KafkaTCPTransport [::1:9092<-50358]>: socket disconnected
2026-06-19 18:22:40,581 - ERROR - <KafkaTCPTransport [::1:9092<-50358]>: Abort (KafkaConnectionError: socket disconnected)
2026-06-19 18:22:40,587 - ERROR - <KafkaTCPTransport [::1:9092<-50359]>: socket disconnected
2026-06-19 18:22:40,587 - ERROR - <KafkaTCPTransport [::1:9092<-50359]>: Abort (KafkaConnectionError: socket disconnected)
2026-06-19 18:22:40,593 - ERROR - <KafkaTCPTransport [::1:9092<-50360]>: socket disconnected
2026-06-19 18:22:40,593 - ERROR - <KafkaTCPTransport [::1:9092<-50360]>: Abort (KafkaConnectionError: socket disconnected)
2026-06-19 18:22:40,599 - ERROR - <KafkaTCPTransport [::1:9092<-50361]>: socket disconnected
2026-06-19 18:22:40,599 - ERROR - <KafkaTCPTransport [::1:9092<-50361]>: Abort (KafkaConnectionError: socket disconnected)
2026-06-19 18:22:40,608 - ERROR - <KafkaTCPTransport [::1:9092<-50362]>: socket disconnected
2026-06-19 18:22:40,608 - ERROR - <KafkaTCPTransport [::1:9092<-50362]>: Abort (KafkaConnectionError: socket disconnected)
2026-06-19 18:22:40,620 - ERROR - <KafkaTCPTransport [::1:9092<-50363]>: socket disconnected
2026-06-19 18:22:40,620 - ERROR - <KafkaTCPTransport [::1:9092<-50363]>: Abort (KafkaConnectionError: socket disconnected)
2026-06-19 18:22:40,630 - ERROR - <KafkaTCPTransport [::1:9092<-50364]>: socket disconnected
2026-06-19 18:22:40,631 - ERROR - <KafkaTCPTransport [::1:9092<-50364]>: Abort (KafkaConnectionError: socket disconnected)
2026-06-19 18:22:40,639 - ERROR - <KafkaTCPTransport [::1:9092<-50365]>: socket disconnected
2026-06-19 18:22:40,639 - ERROR - <KafkaTCPTransport [::1:9092<-50365]>: Abort (KafkaConnectionError: socket disconnected)
2026-06-19 18:22:40,646 - ERROR - <KafkaTCPTransport [::1:9092<-50366]>: socket disconnected
2026-06-19 18:22:40,647 - ERROR - <KafkaTCPTransport [::1:9092<-50366]>: Abort (KafkaConnectionError: socket disconnected)
2026-06-19 18:22:40,659 - ERROR - <KafkaTCPTransport [::1:9092<-50367]>: socket disconnected
2026-06-19 18:22:40,659 - ERROR - <KafkaTCPTransport [::1:9092<-50367]>: Abort (KafkaConnectionError: socket disconnected)
2026-06-19 18:22:40,667 - ERROR - <KafkaTCPTransport [::1:9092<-50368]>: socket disconnected
2026-06-19 18:22:40,668 - ERROR - <KafkaTCPTransport [::1:9092<-50368]>: Abort (KafkaConnectionError: socket disconnected)
2026-06-19 18:22:40,675 - ERROR - <KafkaTCPTransport [::1:9092<-50369]>: socket disconnected
2026-06-19 18:22:40,675 - ERROR - <KafkaTCPTransport [::1:9092<-50369]>: Abort (KafkaConnectionError: socket disconnected)
2026-06-19 18:22:40,684 - ERROR - <KafkaTCPTransport [::1:9092<-50370]>: socket disconnected
2026-06-19 18:22:40,684 - ERROR - <KafkaTCPTransport [::1:9092<-50370]>: Abort (KafkaConnectionError: socket disconnected)
2026-06-19 18:22:40,693 - ERROR - <KafkaTCPTransport [::1:9092<-50371]>: socket disconnected
2026-06-19 18:22:40,694 - ERROR - <KafkaTCPTransport [::1:9092<-50371]>: Abort (KafkaConnectionError: socket disconnected)
2026-06-19 18:22:40,704 - ERROR - <KafkaTCPTransport [::1:9092<-50372]>: socket disconnected
2026-06-19 18:22:40,705 - ERROR - <KafkaTCPTransport [::1:9092<-50372]>: Abort (KafkaConnectionError: socket disconnected)
2026-06-19 18:22:40,716 - ERROR - <KafkaTCPTransport [::1:9092<-50373]>: socket disconnected
2026-06-19 18:22:40,716 - ERROR - <KafkaTCPTransport [::1:9092<-50373]>: Abort (KafkaConnectionError: socket disconnected)
2026-06-19 18:22:40,736 - ERROR - <KafkaTCPTransport [::1:9092<-50374]>: socket disconnected
2026-06-19 18:22:40,737 - ERROR - <KafkaTCPTransport [::1:9092<-50374]>: Abort (KafkaConnectionError: socket disconnected)
2026-06-19 18:22:40,748 - ERROR - <KafkaTCPTransport [::1:9092<-50375]>: socket disconnected
2026-06-19 18:22:40,748 - ERROR - <KafkaTCPTransport [::1:9092<-50375]>: Abort (KafkaConnectionError: socket disconnected)
2026-06-19 18:22:40,758 - ERROR - <KafkaTCPTransport [::1:9092<-50376]>: socket disconnected
2026-06-19 18:22:40,759 - ERROR - <KafkaTCPTransport [::1:9092<-50376]>: Abort (KafkaConnectionError: socket disconnected)
2026-06-19 18:22:40,765 - ERROR - <KafkaTCPTransport [::1:9092<-50377]>: socket disconnected
2026-06-19 18:22:40,766 - ERROR - <KafkaTCPTransport [::1:9092<-50377]>: Abort (KafkaConnectionError: socket disconnected)
2026-06-19 18:22:40,773 - ERROR - <KafkaTCPTransport [::1:9092<-50378]>: socket disconnected
2026-06-19 18:22:40,773 - ERROR - <KafkaTCPTransport [::1:9092<-50378]>: Abort (KafkaConnectionError: socket disconnected)
2026-06-19 18:22:40,782 - ERROR - <KafkaTCPTransport [::1:9092<-50379]>: socket disconnected
2026-06-19 18:22:40,783 - ERROR - <KafkaTCPTransport [::1:9092<-50379]>: Abort (KafkaConnectionError: socket disconnected)
2026-06-19 18:22:40,796 - ERROR - <KafkaTCPTransport [::1:9092<-50380]>: socket disconnected
2026-06-19 18:22:40,796 - ERROR - <KafkaTCPTransport [::1:9092<-50380]>: Abort (KafkaConnectionError: socket disconnected)
2026-06-19 18:22:40,806 - ERROR - <KafkaTCPTransport [::1:9092<-50381]>: socket disconnected
2026-06-19 18:22:40,806 - ERROR - <KafkaTCPTransport [::1:9092<-50381]>: Abort (KafkaConnectionError: socket disconnected)
2026-06-19 18:22:40,814 - ERROR - <KafkaTCPTransport [::1:9092<-50382]>: socket disconnected
2026-06-19 18:22:40,814 - ERROR - <KafkaTCPTransport [::1:9092<-50382]>: Abort (KafkaConnectionError: socket disconnected)
2026-06-19 18:22:40,823 - ERROR - <KafkaTCPTransport [::1:9092<-50383]>: socket disconnected
2026-06-19 18:22:40,824 - ERROR - <KafkaTCPTransport [::1:9092<-50383]>: Abort (KafkaConnectionError: socket disconnected)
2026-06-19 18:22:40,835 - ERROR - <KafkaTCPTransport [::1:9092<-50384]>: socket disconnected
2026-06-19 18:22:40,835 - ERROR - <KafkaTCPTransport [::1:9092<-50384]>: Abort (KafkaConnectionError: socket disconnected)
2026-06-19 18:22:40,844 - ERROR - <KafkaTCPTransport [::1:9092<-50385]>: socket disconnected
2026-06-19 18:22:40,844 - ERROR - <KafkaTCPTransport [::1:9092<-50385]>: Abort (KafkaConnectionError: socket disconnected)
2026-06-19 18:22:40,853 - ERROR - <KafkaTCPTransport [::1:9092<-50386]>: socket disconnected
2026-06-19 18:22:40,854 - ERROR - <KafkaTCPTransport [::1:9092<-50386]>: Abort (KafkaConnectionError: socket disconnected)
2026-06-19 18:22:40,864 - ERROR - <KafkaTCPTransport [::1:9092<-50387]>: socket disconnected
2026-06-19 18:22:40,865 - ERROR - <KafkaTCPTransport [::1:9092<-50387]>: Abort (KafkaConnectionError: socket disconnected)
2026-06-19 18:22:40,873 - ERROR - <KafkaTCPTransport [::1:9092<-50388]>: socket disconnected
2026-06-19 18:22:40,873 - ERROR - <KafkaTCPTransport [::1:9092<-50388]>: Abort (KafkaConnectionError: socket disconnected)
2026-06-19 18:22:40,883 - ERROR - <KafkaTCPTransport [::1:9092<-50389]>: socket disconnected
2026-06-19 18:22:40,884 - ERROR - <KafkaTCPTransport [::1:9092<-50389]>: Abort (KafkaConnectionError: socket disconnected)
2026-06-19 18:22:40,894 - ERROR - <KafkaTCPTransport [::1:9092<-50390]>: socket disconnected
2026-06-19 18:22:40,895 - ERROR - <KafkaTCPTransport [::1:9092<-50390]>: Abort (KafkaConnectionError: socket disconnected)
2026-06-19 18:22:40,908 - ERROR - <KafkaTCPTransport [::1:9092<-50391]>: socket disconnected
2026-06-19 18:22:40,908 - ERROR - <KafkaTCPTransport [::1:9092<-50391]>: Abort (KafkaConnectionError: socket disconnected)
2026-06-19 18:22:40,916 - ERROR - <KafkaTCPTransport [::1:9092<-50392]>: socket disconnected
2026-06-19 18:22:40,916 - ERROR - <KafkaTCPTransport [::1:9092<-50392]>: Abort (KafkaConnectionError: socket disconnected)
2026-06-19 18:22:40,926 - ERROR - <KafkaTCPTransport [::1:9092<-50393]>: socket disconnected
2026-06-19 18:22:40,927 - ERROR - <KafkaTCPTransport [::1:9092<-50393]>: Abort (KafkaConnectionError: socket disconnected)
2026-06-19 18:22:40,934 - ERROR - <KafkaTCPTransport [::1:9092<-50394]>: socket disconnected
2026-06-19 18:22:40,934 - ERROR - <KafkaTCPTransport [::1:9092<-50394]>: Abort (KafkaConnectionError: socket disconnected)
2026-06-19 18:22:40,944 - ERROR - <KafkaTCPTransport [::1:9092<-50395]>: socket disconnected
2026-06-19 18:22:40,944 - ERROR - <KafkaTCPTransport [::1:9092<-50395]>: Abort (KafkaConnectionError: socket disconnected)
2026-06-19 18:22:40,954 - ERROR - <KafkaTCPTransport [::1:9092<-50396]>: socket disconnected
2026-06-19 18:22:40,955 - ERROR - <KafkaTCPTransport [::1:9092<-50396]>: Abort (KafkaConnectionError: socket disconnected)
2026-06-19 18:22:40,966 - ERROR - <KafkaTCPTransport [::1:9092<-50397]>: socket disconnected
2026-06-19 18:22:40,967 - ERROR - <KafkaTCPTransport [::1:9092<-50397]>: Abort (KafkaConnectionError: socket disconnected)
2026-06-19 18:22:40,974 - ERROR - <KafkaTCPTransport [::1:9092<-50398]>: socket disconnected
2026-06-19 18:22:40,975 - ERROR - <KafkaTCPTransport [::1:9092<-50398]>: Abort (KafkaConnectionError: socket disconnected)
2026-06-19 18:22:40,987 - ERROR - <KafkaTCPTransport [::1:9092<-50399]>: socket disconnected
2026-06-19 18:22:40,987 - ERROR - <KafkaTCPTransport [::1:9092<-50399]>: Abort (KafkaConnectionError: socket disconnected)
2026-06-19 18:22:40,995 - ERROR - <KafkaTCPTransport [::1:9092<-50400]>: socket disconnected
2026-06-19 18:22:40,996 - ERROR - <KafkaTCPTransport [::1:9092<-50400]>: Abort (KafkaConnectionError: socket disconnected)
2026-06-19 18:22:41,004 - ERROR - <KafkaTCPTransport [::1:9092<-50401]>: socket disconnected
2026-06-19 18:22:41,004 - ERROR - <KafkaTCPTransport [::1:9092<-50401]>: Abort (KafkaConnectionError: socket disconnected)
2026-06-19 18:22:41,021 - ERROR - <KafkaTCPTransport [::1:9092<-50402]>: socket disconnected
2026-06-19 18:22:41,021 - ERROR - <KafkaTCPTransport [::1:9092<-50402]>: Abort (KafkaConnectionError: socket disconnected)
2026-06-19 18:22:41,041 - ERROR - <KafkaTCPTransport [::1:9092<-50403]>: socket disconnected
2026-06-19 18:22:41,041 - ERROR - <KafkaTCPTransport [::1:9092<-50403]>: Abort (KafkaConnectionError: socket disconnected)
2026-06-19 18:22:41,049 - ERROR - <KafkaTCPTransport [::1:9092<-50404]>: socket disconnected
2026-06-19 18:22:41,050 - ERROR - <KafkaTCPTransport [::1:9092<-50404]>: Abort (KafkaConnectionError: socket disconnected)
2026-06-19 18:22:41,058 - ERROR - <KafkaTCPTransport [::1:9092<-50405]>: socket disconnected
2026-06-19 18:22:41,059 - ERROR - <KafkaTCPTransport [::1:9092<-50405]>: Abort (KafkaConnectionError: socket disconnected)
2026-06-19 18:22:41,075 - ERROR - <KafkaTCPTransport [::1:9092<-50406]>: socket disconnected
2026-06-19 18:22:41,075 - ERROR - <KafkaTCPTransport [::1:9092<-50406]>: Abort (KafkaConnectionError: socket disconnected)
2026-06-19 18:22:41,095 - ERROR - <KafkaTCPTransport [::1:9092<-50407]>: socket disconnected
2026-06-19 18:22:41,095 - ERROR - <KafkaTCPTransport [::1:9092<-50407]>: Abort (KafkaConnectionError: socket disconnected)
2026-06-19 18:22:41,117 - ERROR - <KafkaTCPTransport [::1:9092<-50408]>: socket disconnected
2026-06-19 18:22:41,117 - ERROR - <KafkaTCPTransport [::1:9092<-50408]>: Abort (KafkaConnectionError: socket disconnected)
2026-06-19 18:22:41,134 - ERROR - <KafkaTCPTransport [::1:9092<-50409]>: socket disconnected
2026-06-19 18:22:41,134 - ERROR - <KafkaTCPTransport [::1:9092<-50409]>: Abort (KafkaConnectionError: socket disconnected)
2026-06-19 18:22:41,144 - ERROR - <KafkaTCPTransport [::1:9092<-50410]>: socket disconnected
2026-06-19 18:22:41,144 - ERROR - <KafkaTCPTransport [::1:9092<-50410]>: Abort (KafkaConnectionError: socket disconnected)
2026-06-19 18:22:41,152 - ERROR - <KafkaTCPTransport [::1:9092<-50411]>: socket disconnected
2026-06-19 18:22:41,152 - ERROR - <KafkaTCPTransport [::1:9092<-50411]>: Abort (KafkaConnectionError: socket disconnected)
2026-06-19 18:22:41,162 - ERROR - <KafkaTCPTransport [::1:9092<-50412]>: socket disconnected
2026-06-19 18:22:41,163 - ERROR - <KafkaTCPTransport [::1:9092<-50412]>: Abort (KafkaConnectionError: socket disconnected)
2026-06-19 18:22:41,171 - ERROR - <KafkaTCPTransport [::1:9092<-50413]>: socket disconnected
2026-06-19 18:22:41,171 - ERROR - <KafkaTCPTransport [::1:9092<-50413]>: Abort (KafkaConnectionError: socket disconnected)
2026-06-19 18:22:41,192 - ERROR - <KafkaTCPTransport [::1:9092<-50414]>: socket disconnected
2026-06-19 18:22:41,192 - ERROR - <KafkaTCPTransport [::1:9092<-50414]>: Abort (KafkaConnectionError: socket disconnected)
2026-06-19 18:22:41,201 - ERROR - <KafkaTCPTransport [::1:9092<-50415]>: socket disconnected
2026-06-19 18:22:41,202 - ERROR - <KafkaTCPTransport [::1:9092<-50415]>: Abort (KafkaConnectionError: socket disconnected)
2026-06-19 18:22:41,215 - ERROR - <KafkaTCPTransport [::1:9092<-50416]>: socket disconnected
2026-06-19 18:22:41,215 - ERROR - <KafkaTCPTransport [::1:9092<-50416]>: Abort (KafkaConnectionError: socket disconnected)
2026-06-19 18:22:41,228 - ERROR - <KafkaTCPTransport [::1:9092<-50417]>: socket disconnected
2026-06-19 18:22:41,228 - ERROR - <KafkaTCPTransport [::1:9092<-50417]>: Abort (KafkaConnectionError: socket disconnected)
2026-06-19 18:22:41,242 - ERROR - <KafkaTCPTransport [::1:9092<-50418]>: socket disconnected
2026-06-19 18:22:41,242 - ERROR - <KafkaTCPTransport [::1:9092<-50418]>: Abort (KafkaConnectionError: socket disconnected)
2026-06-19 18:22:41,257 - ERROR - <KafkaTCPTransport [::1:9092<-50419]>: socket disconnected
2026-06-19 18:22:41,257 - ERROR - <KafkaTCPTransport [::1:9092<-50419]>: Abort (KafkaConnectionError: socket disconnected)
2026-06-19 18:22:41,266 - ERROR - <KafkaTCPTransport [::1:9092<-50420]>: socket disconnected
2026-06-19 18:22:41,267 - ERROR - <KafkaTCPTransport [::1:9092<-50420]>: Abort (KafkaConnectionError: socket disconnected)
2026-06-19 18:22:41,275 - ERROR - <KafkaTCPTransport [::1:9092<-50421]>: socket disconnected
2026-06-19 18:22:41,275 - ERROR - <KafkaTCPTransport [::1:9092<-50421]>: Abort (KafkaConnectionError: socket disconnected)
2026-06-19 18:22:41,282 - ERROR - <KafkaTCPTransport [::1:9092<-50422]>: socket disconnected
2026-06-19 18:22:41,283 - ERROR - <KafkaTCPTransport [::1:9092<-50422]>: Abort (KafkaConnectionError: socket disconnected)
2026-06-19 18:22:41,290 - ERROR - <KafkaTCPTransport [::1:9092<-50423]>: socket disconnected
2026-06-19 18:22:41,291 - ERROR - <KafkaTCPTransport [::1:9092<-50423]>: Abort (KafkaConnectionError: socket disconnected)
2026-06-19 18:22:41,299 - ERROR - <KafkaTCPTransport [::1:9092<-50424]>: socket disconnected
2026-06-19 18:22:41,299 - ERROR - <KafkaTCPTransport [::1:9092<-50424]>: Abort (KafkaConnectionError: socket disconnected)
2026-06-19 18:22:41,306 - ERROR - <KafkaTCPTransport [::1:9092<-50425]>: socket disconnected
2026-06-19 18:22:41,307 - ERROR - <KafkaTCPTransport [::1:9092<-50425]>: Abort (KafkaConnectionError: socket disconnected)
2026-06-19 18:22:41,314 - ERROR - <KafkaTCPTransport [::1:9092<-50426]>: socket disconnected
2026-06-19 18:22:41,315 - ERROR - <KafkaTCPTransport [::1:9092<-50426]>: Abort (KafkaConnectionError: socket disconnected)
2026-06-19 18:22:41,323 - ERROR - <KafkaTCPTransport [::1:9092<-50427]>: socket disconnected
2026-06-19 18:22:41,323 - ERROR - <KafkaTCPTransport [::1:9092<-50427]>: Abort (KafkaConnectionError: socket disconnected)
2026-06-19 18:22:41,340 - ERROR - <KafkaTCPTransport [::1:9092<-50428]>: socket disconnected
2026-06-19 18:22:41,340 - ERROR - <KafkaTCPTransport [::1:9092<-50428]>: Abort (KafkaConnectionError: socket disconnected)
2026-06-19 18:22:41,350 - ERROR - <KafkaTCPTransport [::1:9092<-50429]>: socket disconnected
2026-06-19 18:22:41,350 - ERROR - <KafkaTCPTransport [::1:9092<-50429]>: Abort (KafkaConnectionError: socket disconnected)
2026-06-19 18:22:41,358 - ERROR - <KafkaTCPTransport [::1:9092<-50430]>: socket disconnected
2026-06-19 18:22:41,358 - ERROR - <KafkaTCPTransport [::1:9092<-50430]>: Abort (KafkaConnectionError: socket disconnected)
2026-06-19 18:22:41,368 - ERROR - <KafkaTCPTransport [::1:9092<-50431]>: socket disconnected
2026-06-19 18:22:41,368 - ERROR - <KafkaTCPTransport [::1:9092<-50431]>: Abort (KafkaConnectionError: socket disconnected)
2026-06-19 18:22:41,377 - ERROR - <KafkaTCPTransport [::1:9092<-50432]>: socket disconnected
2026-06-19 18:22:41,378 - ERROR - <KafkaTCPTransport [::1:9092<-50432]>: Abort (KafkaConnectionError: socket disconnected)
2026-06-19 18:22:41,400 - ERROR - <KafkaTCPTransport [::1:9092<-50433]>: socket disconnected
2026-06-19 18:22:41,400 - ERROR - <KafkaTCPTransport [::1:9092<-50433]>: Abort (KafkaConnectionError: socket disconnected)
2026-06-19 18:22:41,408 - ERROR - <KafkaTCPTransport [::1:9092<-50434]>: socket disconnected
2026-06-19 18:22:41,408 - ERROR - <KafkaTCPTransport [::1:9092<-50434]>: Abort (KafkaConnectionError: socket disconnected)
2026-06-19 18:22:41,416 - ERROR - <KafkaTCPTransport [::1:9092<-50435]>: socket disconnected
2026-06-19 18:22:41,416 - ERROR - <KafkaTCPTransport [::1:9092<-50435]>: Abort (KafkaConnectionError: socket disconnected)
2026-06-19 18:22:41,427 - ERROR - <KafkaTCPTransport [::1:9092<-50436]>: socket disconnected
2026-06-19 18:22:41,428 - ERROR - <KafkaTCPTransport [::1:9092<-50436]>: Abort (KafkaConnectionError: socket disconnected)
2026-06-19 18:22:41,435 - ERROR - <KafkaTCPTransport [::1:9092<-50437]>: socket disconnected
2026-06-19 18:22:41,435 - ERROR - <KafkaTCPTransport [::1:9092<-50437]>: Abort (KafkaConnectionError: socket disconnected)
2026-06-19 18:22:41,442 - ERROR - <KafkaTCPTransport [::1:9092<-50438]>: socket disconnected
2026-06-19 18:22:41,442 - ERROR - <KafkaTCPTransport [::1:9092<-50438]>: Abort (KafkaConnectionError: socket disconnected)
2026-06-19 18:22:41,449 - ERROR - <KafkaTCPTransport [::1:9092<-50439]>: socket disconnected
2026-06-19 18:22:41,450 - ERROR - <KafkaTCPTransport [::1:9092<-50439]>: Abort (KafkaConnectionError: socket disconnected)
2026-06-19 18:22:41,466 - ERROR - <KafkaTCPTransport [::1:9092<-50440]>: socket disconnected
2026-06-19 18:22:41,466 - ERROR - <KafkaTCPTransport [::1:9092<-50440]>: Abort (KafkaConnectionError: socket disconnected)
2026-06-19 18:22:41,473 - ERROR - <KafkaTCPTransport [::1:9092<-50441]>: socket disconnected
2026-06-19 18:22:41,473 - ERROR - <KafkaTCPTransport [::1:9092<-50441]>: Abort (KafkaConnectionError: socket disconnected)
2026-06-19 18:22:41,487 - ERROR - <KafkaTCPTransport [::1:9092<-50442]>: socket disconnected
2026-06-19 18:22:41,488 - ERROR - <KafkaTCPTransport [::1:9092<-50442]>: Abort (KafkaConnectionError: socket disconnected)
2026-06-19 18:22:41,494 - ERROR - <KafkaTCPTransport [::1:9092<-50443]>: socket disconnected
2026-06-19 18:22:41,494 - ERROR - <KafkaTCPTransport [::1:9092<-50443]>: Abort (KafkaConnectionError: socket disconnected)
2026-06-19 18:22:41,505 - ERROR - <KafkaTCPTransport [::1:9092<-50444]>: socket disconnected
2026-06-19 18:22:41,505 - ERROR - <KafkaTCPTransport [::1:9092<-50444]>: Abort (KafkaConnectionError: socket disconnected)
2026-06-19 18:22:41,513 - ERROR - <KafkaTCPTransport [::1:9092<-50445]>: socket disconnected
2026-06-19 18:22:41,514 - ERROR - <KafkaTCPTransport [::1:9092<-50445]>: Abort (KafkaConnectionError: socket disconnected)
2026-06-19 18:22:41,533 - ERROR - <KafkaTCPTransport [::1:9092<-50446]>: socket disconnected
2026-06-19 18:22:41,533 - ERROR - <KafkaTCPTransport [::1:9092<-50446]>: Abort (KafkaConnectionError: socket disconnected)
2026-06-19 18:22:41,540 - ERROR - <KafkaTCPTransport [::1:9092<-50447]>: socket disconnected
2026-06-19 18:22:41,541 - ERROR - <KafkaTCPTransport [::1:9092<-50447]>: Abort (KafkaConnectionError: socket disconnected)
2026-06-19 18:22:41,548 - ERROR - <KafkaTCPTransport [::1:9092<-50448]>: socket disconnected
2026-06-19 18:22:41,548 - ERROR - <KafkaTCPTransport [::1:9092<-50448]>: Abort (KafkaConnectionError: socket disconnected)
2026-06-19 18:22:41,556 - ERROR - <KafkaTCPTransport [::1:9092<-50449]>: socket disconnected
2026-06-19 18:22:41,556 - ERROR - <KafkaTCPTransport [::1:9092<-50449]>: Abort (KafkaConnectionError: socket disconnected)
2026-06-19 18:22:41,563 - ERROR - <KafkaTCPTransport [::1:9092<-50450]>: socket disconnected
2026-06-19 18:22:41,564 - ERROR - <KafkaTCPTransport [::1:9092<-50450]>: Abort (KafkaConnectionError: socket disconnected)
2026-06-19 18:22:41,578 - ERROR - <KafkaTCPTransport [::1:9092<-50451]>: socket disconnected
2026-06-19 18:22:41,578 - ERROR - <KafkaTCPTransport [::1:9092<-50451]>: Abort (KafkaConnectionError: socket disconnected)
2026-06-19 18:22:41,586 - ERROR - <KafkaTCPTransport [::1:9092<-50452]>: socket disconnected
2026-06-19 18:22:41,587 - ERROR - <KafkaTCPTransport [::1:9092<-50452]>: Abort (KafkaConnectionError: socket disconnected)
2026-06-19 18:22:41,597 - ERROR - <KafkaTCPTransport [::1:9092<-50453]>: socket disconnected
2026-06-19 18:22:41,598 - ERROR - <KafkaTCPTransport [::1:9092<-50453]>: Abort (KafkaConnectionError: socket disconnected)
2026-06-19 18:22:41,608 - ERROR - <KafkaTCPTransport [::1:9092<-50454]>: socket disconnected
2026-06-19 18:22:41,608 - ERROR - <KafkaTCPTransport [::1:9092<-50454]>: Abort (KafkaConnectionError: socket disconnected)
2026-06-19 18:22:41,616 - ERROR - <KafkaTCPTransport [::1:9092<-50455]>: socket disconnected
2026-06-19 18:22:41,616 - ERROR - <KafkaTCPTransport [::1:9092<-50455]>: Abort (KafkaConnectionError: socket disconnected)
2026-06-19 18:22:41,624 - ERROR - <KafkaTCPTransport [::1:9092<-50456]>: socket disconnected
2026-06-19 18:22:41,624 - ERROR - <KafkaTCPTransport [::1:9092<-50456]>: Abort (KafkaConnectionError: socket disconnected)
2026-06-19 18:22:41,632 - ERROR - <KafkaTCPTransport [::1:9092<-50457]>: socket disconnected
2026-06-19 18:22:41,632 - ERROR - <KafkaTCPTransport [::1:9092<-50457]>: Abort (KafkaConnectionError: socket disconnected)
2026-06-19 18:22:41,640 - ERROR - <KafkaTCPTransport [::1:9092<-50458]>: socket disconnected
2026-06-19 18:22:41,641 - ERROR - <KafkaTCPTransport [::1:9092<-50458]>: Abort (KafkaConnectionError: socket disconnected)
2026-06-19 18:22:41,649 - ERROR - <KafkaTCPTransport [::1:9092<-50459]>: socket disconnected
2026-06-19 18:22:41,649 - ERROR - <KafkaTCPTransport [::1:9092<-50459]>: Abort (KafkaConnectionError: socket disconnected)
2026-06-19 18:22:41,657 - ERROR - <KafkaTCPTransport [::1:9092<-50460]>: socket disconnected
2026-06-19 18:22:41,657 - ERROR - <KafkaTCPTransport [::1:9092<-50460]>: Abort (KafkaConnectionError: socket disconnected)
2026-06-19 18:22:41,664 - ERROR - <KafkaTCPTransport [::1:9092<-50461]>: socket disconnected
2026-06-19 18:22:41,664 - ERROR - <KafkaTCPTransport [::1:9092<-50461]>: Abort (KafkaConnectionError: socket disconnected)
2026-06-19 18:22:41,672 - ERROR - <KafkaTCPTransport [::1:9092<-50462]>: socket disconnected
2026-06-19 18:22:41,672 - ERROR - <KafkaTCPTransport [::1:9092<-50462]>: Abort (KafkaConnectionError: socket disconnected)
2026-06-19 18:22:41,680 - ERROR - <KafkaTCPTransport [::1:9092<-50463]>: socket disconnected
2026-06-19 18:22:41,680 - ERROR - <KafkaTCPTransport [::1:9092<-50463]>: Abort (KafkaConnectionError: socket disconnected)
2026-06-19 18:22:41,693 - ERROR - <KafkaTCPTransport [::1:9092<-50464]>: socket disconnected
2026-06-19 18:22:41,693 - ERROR - <KafkaTCPTransport [::1:9092<-50464]>: Abort (KafkaConnectionError: socket disconnected)
2026-06-19 18:22:41,701 - ERROR - <KafkaTCPTransport [::1:9092<-50465]>: socket disconnected
2026-06-19 18:22:41,702 - ERROR - <KafkaTCPTransport [::1:9092<-50465]>: Abort (KafkaConnectionError: socket disconnected)
2026-06-19 18:22:41,711 - ERROR - <KafkaTCPTransport [::1:9092<-50466]>: socket disconnected
2026-06-19 18:22:41,712 - ERROR - <KafkaTCPTransport [::1:9092<-50466]>: Abort (KafkaConnectionError: socket disconnected)
2026-06-19 18:22:41,719 - ERROR - <KafkaTCPTransport [::1:9092<-50467]>: socket disconnected
2026-06-19 18:22:41,719 - ERROR - <KafkaTCPTransport [::1:9092<-50467]>: Abort (KafkaConnectionError: socket disconnected)
2026-06-19 18:22:41,728 - ERROR - <KafkaTCPTransport [::1:9092<-50468]>: socket disconnected
2026-06-19 18:22:41,729 - ERROR - <KafkaTCPTransport [::1:9092<-50468]>: Abort (KafkaConnectionError: socket disconnected)
2026-06-19 18:22:41,739 - ERROR - <KafkaTCPTransport [::1:9092<-50469]>: socket disconnected
2026-06-19 18:22:41,739 - ERROR - <KafkaTCPTransport [::1:9092<-50469]>: Abort (KafkaConnectionError: socket disconnected)
2026-06-19 18:22:41,747 - ERROR - <KafkaTCPTransport [::1:9092<-50470]>: socket disconnected
2026-06-19 18:22:41,747 - ERROR - <KafkaTCPTransport [::1:9092<-50470]>: Abort (KafkaConnectionError: socket disconnected)
2026-06-19 18:22:41,761 - ERROR - <KafkaTCPTransport [::1:9092<-50471]>: socket disconnected
2026-06-19 18:22:41,762 - ERROR - <KafkaTCPTransport [::1:9092<-50471]>: Abort (KafkaConnectionError: socket disconnected)
2026-06-19 18:22:41,769 - ERROR - <KafkaTCPTransport [::1:9092<-50472]>: socket disconnected
2026-06-19 18:22:41,770 - ERROR - <KafkaTCPTransport [::1:9092<-50472]>: Abort (KafkaConnectionError: socket disconnected)
2026-06-19 18:22:41,786 - ERROR - <KafkaTCPTransport [::1:9092<-50473]>: Error receiving network data closing socket
Traceback (most recent call last):
  File "C:\Users\monis\OneDrive\Documents\IntelliStream\venv\Lib\site-packages\kafka\net\transport.py", line 107, in _sock_recv
    data = self._sock.recv(4096)
ConnectionAbortedError: [WinError 10053] An established connection was aborted by the software in your host machine
2026-06-19 18:22:41,787 - ERROR - <KafkaTCPTransport [::1:9092<-50473]>: Abort (KafkaConnectionError: [WinError 10053] An established connection was aborted by the software in your host machine)
2026-06-19 18:22:41,797 - ERROR - <KafkaTCPTransport [::1:9092<-50474]>: socket disconnected
2026-06-19 18:22:41,797 - ERROR - <KafkaTCPTransport [::1:9092<-50474]>: Abort (KafkaConnectionError: socket disconnected)
2026-06-19 18:22:41,820 - ERROR - <KafkaTCPTransport [::1:9092<-50475]>: Error receiving network data closing socket
Traceback (most recent call last):
  File "C:\Users\monis\OneDrive\Documents\IntelliStream\venv\Lib\site-packages\kafka\net\transport.py", line 107, in _sock_recv
    data = self._sock.recv(4096)
ConnectionAbortedError: [WinError 10053] An established connection was aborted by the software in your host machine
2026-06-19 18:22:41,821 - ERROR - <KafkaTCPTransport [::1:9092<-50475]>: Abort (KafkaConnectionError: [WinError 10053] An established connection was aborted by the software in your host machine)
2026-06-19 18:22:41,829 - ERROR - <KafkaTCPTransport [::1:9092<-50476]>: socket disconnected
2026-06-19 18:22:41,829 - ERROR - <KafkaTCPTransport [::1:9092<-50476]>: Abort (KafkaConnectionError: socket disconnected)
2026-06-19 18:22:41,836 - ERROR - <KafkaTCPTransport [::1:9092<-50477]>: socket disconnected
2026-06-19 18:22:41,836 - ERROR - <KafkaTCPTransport [::1:9092<-50477]>: Abort (KafkaConnectionError: socket disconnected)
2026-06-19 18:22:41,844 - ERROR - <KafkaTCPTransport [::1:9092<-50478]>: socket disconnected
2026-06-19 18:22:41,844 - ERROR - <KafkaTCPTransport [::1:9092<-50478]>: Abort (KafkaConnectionError: socket disconnected)
2026-06-19 18:22:41,853 - ERROR - <KafkaTCPTransport [::1:9092<-50479]>: socket disconnected
2026-06-19 18:22:41,854 - ERROR - <KafkaTCPTransport [::1:9092<-50479]>: Abort (KafkaConnectionError: socket disconnected)
2026-06-19 18:22:41,861 - ERROR - <KafkaTCPTransport [::1:9092<-50482]>: socket disconnected
2026-06-19 18:22:41,862 - ERROR - <KafkaTCPTransport [::1:9092<-50482]>: Abort (KafkaConnectionError: socket disconnected)
2026-06-19 18:22:41,869 - ERROR - <KafkaTCPTransport [::1:9092<-50483]>: socket disconnected
2026-06-19 18:22:41,869 - ERROR - <KafkaTCPTransport [::1:9092<-50483]>: Abort (KafkaConnectionError: socket disconnected)
2026-06-19 18:22:41,878 - ERROR - <KafkaTCPTransport [::1:9092<-50484]>: socket disconnected
2026-06-19 18:22:41,878 - ERROR - <KafkaTCPTransport [::1:9092<-50484]>: Abort (KafkaConnectionError: socket disconnected)
2026-06-19 18:22:41,887 - ERROR - <KafkaTCPTransport [::1:9092<-50485]>: socket disconnected
2026-06-19 18:22:41,888 - ERROR - <KafkaTCPTransport [::1:9092<-50485]>: Abort (KafkaConnectionError: socket disconnected)
2026-06-19 18:22:41,896 - ERROR - <KafkaTCPTransport [::1:9092<-50486]>: socket disconnected
2026-06-19 18:22:41,896 - ERROR - <KafkaTCPTransport [::1:9092<-50486]>: Abort (KafkaConnectionError: socket disconnected)
2026-06-19 18:22:41,903 - ERROR - <KafkaTCPTransport [::1:9092<-50487]>: socket disconnected
2026-06-19 18:22:41,904 - ERROR - <KafkaTCPTransport [::1:9092<-50487]>: Abort (KafkaConnectionError: socket disconnected)
2026-06-19 18:22:41,911 - ERROR - <KafkaTCPTransport [::1:9092<-50488]>: socket disconnected
2026-06-19 18:22:41,911 - ERROR - <KafkaTCPTransport [::1:9092<-50488]>: Abort (KafkaConnectionError: socket disconnected)
2026-06-19 18:22:41,920 - ERROR - <KafkaTCPTransport [::1:9092<-50489]>: socket disconnected
2026-06-19 18:22:41,921 - ERROR - <KafkaTCPTransport [::1:9092<-50489]>: Abort (KafkaConnectionError: socket disconnected)
2026-06-19 18:22:41,935 - ERROR - <KafkaTCPTransport [::1:9092<-50490]>: socket disconnected
2026-06-19 18:22:41,935 - ERROR - <KafkaTCPTransport [::1:9092<-50490]>: Abort (KafkaConnectionError: socket disconnected)
2026-06-19 18:22:41,943 - ERROR - <KafkaTCPTransport [::1:9092<-50491]>: socket disconnected
2026-06-19 18:22:41,944 - ERROR - <KafkaTCPTransport [::1:9092<-50491]>: Abort (KafkaConnectionError: socket disconnected)
2026-06-19 18:22:41,952 - ERROR - <KafkaTCPTransport [::1:9092<-50492]>: socket disconnected
2026-06-19 18:22:41,952 - ERROR - <KafkaTCPTransport [::1:9092<-50492]>: Abort (KafkaConnectionError: socket disconnected)
2026-06-19 18:22:41,962 - ERROR - <KafkaTCPTransport [::1:9092<-50493]>: socket disconnected
2026-06-19 18:22:41,963 - ERROR - <KafkaTCPTransport [::1:9092<-50493]>: Abort (KafkaConnectionError: socket disconnected)
2026-06-19 18:22:41,970 - ERROR - <KafkaTCPTransport [::1:9092<-50494]>: socket disconnected
2026-06-19 18:22:41,971 - ERROR - <KafkaTCPTransport [::1:9092<-50494]>: Abort (KafkaConnectionError: socket disconnected)
2026-06-19 18:22:41,982 - ERROR - <KafkaTCPTransport [::1:9092<-50495]>: socket disconnected
2026-06-19 18:22:41,982 - ERROR - <KafkaTCPTransport [::1:9092<-50495]>: Abort (KafkaConnectionError: socket disconnected)
2026-06-19 18:22:41,990 - ERROR - <KafkaTCPTransport [::1:9092<-50496]>: socket disconnected
2026-06-19 18:22:41,990 - ERROR - <KafkaTCPTransport [::1:9092<-50496]>: Abort (KafkaConnectionError: socket disconnected)
2026-06-19 18:22:41,999 - ERROR - <KafkaTCPTransport [::1:9092<-50497]>: socket disconnected
2026-06-19 18:22:42,000 - ERROR - <KafkaTCPTransport [::1:9092<-50497]>: Abort (KafkaConnectionError: socket disconnected)
2026-06-19 18:22:42,016 - ERROR - <KafkaTCPTransport [::1:9092<-50498]>: Error receiving network data closing socket
Traceback (most recent call last):
  File "C:\Users\monis\OneDrive\Documents\IntelliStream\venv\Lib\site-packages\kafka\net\transport.py", line 107, in _sock_recv
    data = self._sock.recv(4096)
ConnectionAbortedError: [WinError 10053] An established connection was aborted by the software in your host machine
2026-06-19 18:22:42,018 - ERROR - <KafkaTCPTransport [::1:9092<-50498]>: Abort (KafkaConnectionError: [WinError 10053] An established connection was aborted by the software in your host machine)
2026-06-19 18:22:42,026 - ERROR - <KafkaTCPTransport [::1:9092<-50499]>: socket disconnected
2026-06-19 18:22:42,027 - ERROR - <KafkaTCPTransport [::1:9092<-50499]>: Abort (KafkaConnectionError: socket disconnected)
2026-06-19 18:22:42,036 - ERROR - <KafkaTCPTransport [::1:9092<-50500]>: socket disconnected
2026-06-19 18:22:42,037 - ERROR - <KafkaTCPTransport [::1:9092<-50500]>: Abort (KafkaConnectionError: socket disconnected)
2026-06-19 18:22:42,048 - ERROR - <KafkaTCPTransport [::1:9092<-50501]>: Error receiving network data closing socket
Traceback (most recent call last):
  File "C:\Users\monis\OneDrive\Documents\IntelliStream\venv\Lib\site-packages\kafka\net\transport.py", line 107, in _sock_recv
    data = self._sock.recv(4096)
ConnectionAbortedError: [WinError 10053] An established connection was aborted by the software in your host machine
2026-06-19 18:22:42,050 - ERROR - <KafkaTCPTransport [::1:9092<-50501]>: Abort (KafkaConnectionError: [WinError 10053] An established connection was aborted by the software in your host machine)
2026-06-19 18:22:42,060 - ERROR - <KafkaTCPTransport [::1:9092<-50502]>: socket disconnected
2026-06-19 18:22:42,060 - ERROR - <KafkaTCPTransport [::1:9092<-50502]>: Abort (KafkaConnectionError: socket disconnected)
2026-06-19 18:22:42,067 - ERROR - <KafkaTCPTransport [::1:9092<-50503]>: socket disconnected
2026-06-19 18:22:42,068 - ERROR - <KafkaTCPTransport [::1:9092<-50503]>: Abort (KafkaConnectionError: socket disconnected)
2026-06-19 18:22:42,084 - ERROR - <KafkaTCPTransport [::1:9092<-50504]>: socket disconnected
2026-06-19 18:22:42,084 - ERROR - <KafkaTCPTransport [::1:9092<-50504]>: Abort (KafkaConnectionError: socket disconnected)
2026-06-19 18:22:42,095 - ERROR - <KafkaTCPTransport [::1:9092<-50505]>: socket disconnected
2026-06-19 18:22:42,095 - ERROR - <KafkaTCPTransport [::1:9092<-50505]>: Abort (KafkaConnectionError: socket disconnected)
2026-06-19 18:22:42,104 - ERROR - <KafkaTCPTransport [::1:9092<-50506]>: socket disconnected
2026-06-19 18:22:42,104 - ERROR - <KafkaTCPTransport [::1:9092<-50506]>: Abort (KafkaConnectionError: socket disconnected)
2026-06-19 18:22:42,113 - ERROR - <KafkaTCPTransport [::1:9092<-50507]>: socket disconnected
2026-06-19 18:22:42,113 - ERROR - <KafkaTCPTransport [::1:9092<-50507]>: Abort (KafkaConnectionError: socket disconnected)
2026-06-19 18:22:42,121 - ERROR - <KafkaTCPTransport [::1:9092<-50508]>: socket disconnected
2026-06-19 18:22:42,121 - ERROR - <KafkaTCPTransport [::1:9092<-50508]>: Abort (KafkaConnectionError: socket disconnected)
2026-06-19 18:22:42,132 - ERROR - <KafkaTCPTransport [::1:9092<-50509]>: socket disconnected
2026-06-19 18:22:42,132 - ERROR - <KafkaTCPTransport [::1:9092<-50509]>: Abort (KafkaConnectionError: socket disconnected)
2026-06-19 18:22:42,141 - ERROR - <KafkaTCPTransport [::1:9092<-50510]>: socket disconnected
2026-06-19 18:22:42,142 - ERROR - <KafkaTCPTransport [::1:9092<-50510]>: Abort (KafkaConnectionError: socket disconnected)
2026-06-19 18:22:42,152 - ERROR - <KafkaTCPTransport [::1:9092<-50511]>: socket disconnected
2026-06-19 18:22:42,153 - ERROR - <KafkaTCPTransport [::1:9092<-50511]>: Abort (KafkaConnectionError: socket disconnected)
2026-06-19 18:22:42,162 - ERROR - <KafkaTCPTransport [::1:9092<-50512]>: socket disconnected
2026-06-19 18:22:42,162 - ERROR - <KafkaTCPTransport [::1:9092<-50512]>: Abort (KafkaConnectionError: socket disconnected)
2026-06-19 18:22:42,172 - ERROR - <KafkaTCPTransport [::1:9092<-50513]>: socket disconnected
2026-06-19 18:22:42,173 - ERROR - <KafkaTCPTransport [::1:9092<-50513]>: Abort (KafkaConnectionError: socket disconnected)
2026-06-19 18:22:42,180 - ERROR - <KafkaTCPTransport [::1:9092<-50514]>: socket disconnected
2026-06-19 18:22:42,180 - ERROR - <KafkaTCPTransport [::1:9092<-50514]>: Abort (KafkaConnectionError: socket disconnected)
2026-06-19 18:22:42,189 - ERROR - <KafkaTCPTransport [::1:9092<-50515]>: socket disconnected
2026-06-19 18:22:42,189 - ERROR - <KafkaTCPTransport [::1:9092<-50515]>: Abort (KafkaConnectionError: socket disconnected)
2026-06-19 18:22:42,196 - ERROR - <KafkaTCPTransport [::1:9092<-50517]>: socket disconnected
2026-06-19 18:22:42,196 - ERROR - <KafkaTCPTransport [::1:9092<-50517]>: Abort (KafkaConnectionError: socket disconnected)
2026-06-19 18:22:42,203 - ERROR - <KafkaTCPTransport [::1:9092<-50518]>: socket disconnected
2026-06-19 18:22:42,204 - ERROR - <KafkaTCPTransport [::1:9092<-50518]>: Abort (KafkaConnectionError: socket disconnected)
2026-06-19 18:22:42,215 - ERROR - <KafkaTCPTransport [::1:9092<-50519]>: socket disconnected
2026-06-19 18:22:42,216 - ERROR - <KafkaTCPTransport [::1:9092<-50519]>: Abort (KafkaConnectionError: socket disconnected)
2026-06-19 18:22:42,223 - ERROR - <KafkaTCPTransport [::1:9092<-50520]>: socket disconnected
2026-06-19 18:22:42,224 - ERROR - <KafkaTCPTransport [::1:9092<-50520]>: Abort (KafkaConnectionError: socket disconnected)
2026-06-19 18:22:42,231 - ERROR - <KafkaTCPTransport [::1:9092<-50521]>: socket disconnected
2026-06-19 18:22:42,232 - ERROR - <KafkaTCPTransport [::1:9092<-50521]>: Abort (KafkaConnectionError: socket disconnected)
2026-06-19 18:22:42,239 - ERROR - <KafkaTCPTransport [::1:9092<-50522]>: socket disconnected
2026-06-19 18:22:42,240 - ERROR - <KafkaTCPTransport [::1:9092<-50522]>: Abort (KafkaConnectionError: socket disconnected)
2026-06-19 18:22:42,253 - ERROR - <KafkaTCPTransport [::1:9092<-50523]>: socket disconnected
2026-06-19 18:22:42,253 - ERROR - <KafkaTCPTransport [::1:9092<-50523]>: Abort (KafkaConnectionError: socket disconnected)
2026-06-19 18:22:42,263 - ERROR - <KafkaTCPTransport [::1:9092<-50524]>: socket disconnected
2026-06-19 18:22:42,264 - ERROR - <KafkaTCPTransport [::1:9092<-50524]>: Abort (KafkaConnectionError: socket disconnected)
2026-06-19 18:22:42,271 - ERROR - <KafkaTCPTransport [::1:9092<-50525]>: socket disconnected
2026-06-19 18:22:42,271 - ERROR - <KafkaTCPTransport [::1:9092<-50525]>: Abort (KafkaConnectionError: socket disconnected)
2026-06-19 18:22:42,279 - ERROR - <KafkaTCPTransport [::1:9092<-50526]>: socket disconnected
2026-06-19 18:22:42,280 - ERROR - <KafkaTCPTransport [::1:9092<-50526]>: Abort (KafkaConnectionError: socket disconnected)
2026-06-19 18:22:42,298 - ERROR - <KafkaTCPTransport [::1:9092<-50527]>: socket disconnected
2026-06-19 18:22:42,298 - ERROR - <KafkaTCPTransport [::1:9092<-50527]>: Abort (KafkaConnectionError: socket disconnected)
2026-06-19 18:22:42,304 - ERROR - <KafkaTCPTransport [::1:9092<-50528]>: socket disconnected
2026-06-19 18:22:42,305 - ERROR - <KafkaTCPTransport [::1:9092<-50528]>: Abort (KafkaConnectionError: socket disconnected)
2026-06-19 18:22:42,313 - ERROR - <KafkaTCPTransport [::1:9092<-50529]>: socket disconnected
2026-06-19 18:22:42,313 - ERROR - <KafkaTCPTransport [::1:9092<-50529]>: Abort (KafkaConnectionError: socket disconnected)
2026-06-19 18:22:42,320 - ERROR - <KafkaTCPTransport [::1:9092<-50530]>: socket disconnected
2026-06-19 18:22:42,321 - ERROR - <KafkaTCPTransport [::1:9092<-50530]>: Abort (KafkaConnectionError: socket disconnected)
2026-06-19 18:22:42,328 - ERROR - <KafkaTCPTransport [::1:9092<-50531]>: socket disconnected
2026-06-19 18:22:42,329 - ERROR - <KafkaTCPTransport [::1:9092<-50531]>: Abort (KafkaConnectionError: socket disconnected)
2026-06-19 18:22:42,336 - ERROR - <KafkaTCPTransport [::1:9092<-50532]>: socket disconnected
2026-06-19 18:22:42,337 - ERROR - <KafkaTCPTransport [::1:9092<-50532]>: Abort (KafkaConnectionError: socket disconnected)
2026-06-19 18:22:42,345 - ERROR - <KafkaTCPTransport [::1:9092<-50533]>: socket disconnected
2026-06-19 18:22:42,345 - ERROR - <KafkaTCPTransport [::1:9092<-50533]>: Abort (KafkaConnectionError: socket disconnected)
2026-06-19 18:22:42,360 - ERROR - <KafkaTCPTransport [::1:9092<-50534]>: socket disconnected
2026-06-19 18:22:42,361 - ERROR - <KafkaTCPTransport [::1:9092<-50534]>: Abort (KafkaConnectionError: socket disconnected)
2026-06-19 18:22:42,369 - ERROR - <KafkaTCPTransport [::1:9092<-50535]>: socket disconnected
2026-06-19 18:22:42,369 - ERROR - <KafkaTCPTransport [::1:9092<-50535]>: Abort (KafkaConnectionError: socket disconnected)
2026-06-19 18:22:42,377 - ERROR - <KafkaTCPTransport [::1:9092<-50536]>: socket disconnected
2026-06-19 18:22:42,377 - ERROR - <KafkaTCPTransport [::1:9092<-50536]>: Abort (KafkaConnectionError: socket disconnected)
2026-06-19 18:22:42,385 - ERROR - <KafkaTCPTransport [::1:9092<-50537]>: socket disconnected
2026-06-19 18:22:42,386 - ERROR - <KafkaTCPTransport [::1:9092<-50537]>: Abort (KafkaConnectionError: socket disconnected)
2026-06-19 18:22:42,393 - ERROR - <KafkaTCPTransport [::1:9092<-50538]>: socket disconnected
2026-06-19 18:22:42,393 - ERROR - <KafkaTCPTransport [::1:9092<-50538]>: Abort (KafkaConnectionError: socket disconnected)
2026-06-19 18:22:42,401 - ERROR - <KafkaTCPTransport [::1:9092<-50539]>: socket disconnected
2026-06-19 18:22:42,401 - ERROR - <KafkaTCPTransport [::1:9092<-50539]>: Abort (KafkaConnectionError: socket disconnected)
2026-06-19 18:22:42,408 - ERROR - <KafkaTCPTransport [::1:9092<-50540]>: socket disconnected
2026-06-19 18:22:42,408 - ERROR - <KafkaTCPTransport [::1:9092<-50540]>: Abort (KafkaConnectionError: socket disconnected)
2026-06-19 18:22:42,416 - ERROR - <KafkaTCPTransport [::1:9092<-50541]>: socket disconnected
2026-06-19 18:22:42,416 - ERROR - <KafkaTCPTransport [::1:9092<-50541]>: Abort (KafkaConnectionError: socket disconnected)
2026-06-19 18:22:42,425 - ERROR - <KafkaTCPTransport [::1:9092<-50542]>: socket disconnected
2026-06-19 18:22:42,426 - ERROR - <KafkaTCPTransport [::1:9092<-50542]>: Abort (KafkaConnectionError: socket disconnected)
2026-06-19 18:22:42,436 - ERROR - <KafkaTCPTransport [::1:9092<-50543]>: socket disconnected
2026-06-19 18:22:42,436 - ERROR - <KafkaTCPTransport [::1:9092<-50543]>: Abort (KafkaConnectionError: socket disconnected)
2026-06-19 18:22:42,453 - ERROR - <KafkaTCPTransport [::1:9092<-50544]>: socket disconnected
2026-06-19 18:22:42,453 - ERROR - <KafkaTCPTransport [::1:9092<-50544]>: Abort (KafkaConnectionError: socket disconnected)
2026-06-19 18:22:42,461 - ERROR - <KafkaTCPTransport [::1:9092<-50545]>: socket disconnected
2026-06-19 18:22:42,461 - ERROR - <KafkaTCPTransport [::1:9092<-50545]>: Abort (KafkaConnectionError: socket disconnected)
2026-06-19 18:22:42,472 - ERROR - <KafkaTCPTransport [::1:9092<-50546]>: socket disconnected
2026-06-19 18:22:42,473 - ERROR - <KafkaTCPTransport [::1:9092<-50546]>: Abort (KafkaConnectionError: socket disconnected)
2026-06-19 18:22:42,480 - ERROR - <KafkaTCPTransport [::1:9092<-50547]>: socket disconnected
2026-06-19 18:22:42,480 - ERROR - <KafkaTCPTransport [::1:9092<-50547]>: Abort (KafkaConnectionError: socket disconnected)
2026-06-19 18:22:42,493 - ERROR - <KafkaTCPTransport [::1:9092<-50548]>: socket disconnected
2026-06-19 18:22:42,493 - ERROR - <KafkaTCPTransport [::1:9092<-50548]>: Abort (KafkaConnectionError: socket disconnected)
2026-06-19 18:22:42,500 - ERROR - <KafkaTCPTransport [::1:9092<-50549]>: socket disconnected
2026-06-19 18:22:42,500 - ERROR - <KafkaTCPTransport [::1:9092<-50549]>: Abort (KafkaConnectionError: socket disconnected)
2026-06-19 18:22:42,508 - ERROR - <KafkaTCPTransport [::1:9092<-50550]>: socket disconnected
2026-06-19 18:22:42,508 - ERROR - <KafkaTCPTransport [::1:9092<-50550]>: Abort (KafkaConnectionError: socket disconnected)
2026-06-19 18:22:42,515 - ERROR - <KafkaTCPTransport [::1:9092<-50551]>: socket disconnected
2026-06-19 18:22:42,516 - ERROR - <KafkaTCPTransport [::1:9092<-50551]>: Abort (KafkaConnectionError: socket disconnected)
2026-06-19 18:22:42,524 - ERROR - <KafkaTCPTransport [::1:9092<-50552]>: socket disconnected
2026-06-19 18:22:42,524 - ERROR - <KafkaTCPTransport [::1:9092<-50552]>: Abort (KafkaConnectionError: socket disconnected)
2026-06-19 18:22:42,532 - ERROR - <KafkaTCPTransport [::1:9092<-50553]>: socket disconnected
2026-06-19 18:22:42,532 - ERROR - <KafkaTCPTransport [::1:9092<-50553]>: Abort (KafkaConnectionError: socket disconnected)
2026-06-19 18:22:42,540 - ERROR - <KafkaTCPTransport [::1:9092<-50554]>: socket disconnected
2026-06-19 18:22:42,540 - ERROR - <KafkaTCPTransport [::1:9092<-50554]>: Abort (KafkaConnectionError: socket disconnected)
2026-06-19 18:22:42,547 - ERROR - <KafkaTCPTransport [::1:9092<-50555]>: socket disconnected
2026-06-19 18:22:42,548 - ERROR - <KafkaTCPTransport [::1:9092<-50555]>: Abort (KafkaConnectionError: socket disconnected)
2026-06-19 18:22:42,560 - ERROR - <KafkaTCPTransport [::1:9092<-50556]>: socket disconnected
2026-06-19 18:22:42,560 - ERROR - <KafkaTCPTransport [::1:9092<-50556]>: Abort (KafkaConnectionError: socket disconnected)
2026-06-19 18:22:42,567 - ERROR - <KafkaTCPTransport [::1:9092<-50557]>: socket disconnected
2026-06-19 18:22:42,568 - ERROR - <KafkaTCPTransport [::1:9092<-50557]>: Abort (KafkaConnectionError: socket disconnected)
2026-06-19 18:22:42,575 - ERROR - <KafkaTCPTransport [::1:9092<-50558]>: socket disconnected
2026-06-19 18:22:42,575 - ERROR - <KafkaTCPTransport [::1:9092<-50558]>: Abort (KafkaConnectionError: socket disconnected)
2026-06-19 18:22:42,583 - ERROR - <KafkaTCPTransport [::1:9092<-50559]>: socket disconnected
2026-06-19 18:22:42,583 - ERROR - <KafkaTCPTransport [::1:9092<-50559]>: Abort (KafkaConnectionError: socket disconnected)
2026-06-19 18:22:42,592 - ERROR - <KafkaTCPTransport [::1:9092<-50560]>: socket disconnected
2026-06-19 18:22:42,592 - ERROR - <KafkaTCPTransport [::1:9092<-50560]>: Abort (KafkaConnectionError: socket disconnected)
2026-06-19 18:22:42,599 - ERROR - <KafkaTCPTransport [::1:9092<-50561]>: socket disconnected
2026-06-19 18:22:42,600 - ERROR - <KafkaTCPTransport [::1:9092<-50561]>: Abort (KafkaConnectionError: socket disconnected)
2026-06-19 18:22:42,607 - ERROR - <KafkaTCPTransport [::1:9092<-50562]>: socket disconnected
2026-06-19 18:22:42,608 - ERROR - <KafkaTCPTransport [::1:9092<-50562]>: Abort (KafkaConnectionError: socket disconnected)
2026-06-19 18:22:42,612 - INFO - Metadata refresh (node_id=1)
2026-06-19 18:22:42,615 - ERROR - <KafkaTCPTransport [::1:9092<-50563]>: socket disconnected
2026-06-19 18:22:42,616 - ERROR - <KafkaTCPTransport [::1:9092<-50563]>: Abort (KafkaConnectionError: socket disconnected)
2026-06-19 18:22:42,617 - ERROR - Metadata refresh: failed KafkaConnectionError: socket disconnected
2026-06-19 18:22:42,617 - ERROR - KafkaConnectionError: socket disconnected
Traceback (most recent call last):
  File "C:\Users\monis\OneDrive\Documents\IntelliStream\venv\Lib\site-packages\kafka\cluster.py", line 127, in _refresh_loop
    await self.refresh_metadata()
  File "C:\Users\monis\OneDrive\Documents\IntelliStream\venv\Lib\site-packages\kafka\cluster.py", line 156, in refresh_metadata
    await self._do_refresh_metadata(node_id)
  File "C:\Users\monis\OneDrive\Documents\IntelliStream\venv\Lib\site-packages\kafka\cluster.py", line 175, in _do_refresh_metadata
    response = await self._manager.send(request, node_id)
               ^^^^^^^^^^^^^^^^^^^^^^^^^^^^^^^^^^^^^^^^^^
  File "C:\Users\monis\OneDrive\Documents\IntelliStream\venv\Lib\site-packages\kafka\future.py", line 165, in __await__
    raise self.exception
kafka.errors.KafkaConnectionError: KafkaConnectionError: socket disconnected
2026-06-19 18:22:42,626 - ERROR - <KafkaTCPTransport [::1:9092<-50564]>: socket disconnected
2026-06-19 18:22:42,626 - ERROR - <KafkaTCPTransport [::1:9092<-50564]>: Abort (KafkaConnectionError: socket disconnected)
2026-06-19 18:22:42,633 - ERROR - <KafkaTCPTransport [::1:9092<-50565]>: socket disconnected
2026-06-19 18:22:42,634 - ERROR - <KafkaTCPTransport [::1:9092<-50565]>: Abort (KafkaConnectionError: socket disconnected)
2026-06-19 18:22:42,640 - ERROR - <KafkaTCPTransport [::1:9092<-50566]>: socket disconnected
2026-06-19 18:22:42,641 - ERROR - <KafkaTCPTransport [::1:9092<-50566]>: Abort (KafkaConnectionError: socket disconnected)
2026-06-19 18:22:42,647 - ERROR - <KafkaTCPTransport [::1:9092<-50567]>: socket disconnected
2026-06-19 18:22:42,648 - ERROR - <KafkaTCPTransport [::1:9092<-50567]>: Abort (KafkaConnectionError: socket disconnected)
2026-06-19 18:22:42,660 - ERROR - <KafkaTCPTransport [::1:9092<-50568]>: socket disconnected
2026-06-19 18:22:42,661 - ERROR - <KafkaTCPTransport [::1:9092<-50568]>: Abort (KafkaConnectionError: socket disconnected)
2026-06-19 18:22:42,668 - ERROR - <KafkaTCPTransport [::1:9092<-50569]>: socket disconnected
2026-06-19 18:22:42,668 - ERROR - <KafkaTCPTransport [::1:9092<-50569]>: Abort (KafkaConnectionError: socket disconnected)
2026-06-19 18:22:42,680 - ERROR - <KafkaTCPTransport [::1:9092<-50570]>: socket disconnected
2026-06-19 18:22:42,681 - ERROR - <KafkaTCPTransport [::1:9092<-50570]>: Abort (KafkaConnectionError: socket disconnected)
2026-06-19 18:22:42,688 - ERROR - <KafkaTCPTransport [::1:9092<-50571]>: socket disconnected
2026-06-19 18:22:42,688 - ERROR - <KafkaTCPTransport [::1:9092<-50571]>: Abort (KafkaConnectionError: socket disconnected)
2026-06-19 18:22:42,698 - ERROR - <KafkaTCPTransport [::1:9092<-50572]>: socket disconnected
2026-06-19 18:22:42,698 - ERROR - <KafkaTCPTransport [::1:9092<-50572]>: Abort (KafkaConnectionError: socket disconnected)
2026-06-19 18:22:42,707 - ERROR - <KafkaTCPTransport [::1:9092<-50573]>: socket disconnected
2026-06-19 18:22:42,708 - ERROR - <KafkaTCPTransport [::1:9092<-50573]>: Abort (KafkaConnectionError: socket disconnected)
2026-06-19 18:22:42,716 - ERROR - <KafkaTCPTransport [::1:9092<-50574]>: socket disconnected
2026-06-19 18:22:42,716 - ERROR - <KafkaTCPTransport [::1:9092<-50574]>: Abort (KafkaConnectionError: socket disconnected)
2026-06-19 18:22:42,720 - INFO - Metadata refresh (node_id=1)
2026-06-19 18:22:42,727 - ERROR - <KafkaTCPTransport [::1:9092<-50575]>: socket disconnected
2026-06-19 18:22:42,727 - ERROR - <KafkaTCPTransport [::1:9092<-50575]>: Abort (KafkaConnectionError: socket disconnected)
2026-06-19 18:22:42,729 - ERROR - Metadata refresh: failed KafkaConnectionError: socket disconnected
2026-06-19 18:22:42,729 - ERROR - KafkaConnectionError: socket disconnected
Traceback (most recent call last):
  File "C:\Users\monis\OneDrive\Documents\IntelliStream\venv\Lib\site-packages\kafka\cluster.py", line 127, in _refresh_loop
    await self.refresh_metadata()
  File "C:\Users\monis\OneDrive\Documents\IntelliStream\venv\Lib\site-packages\kafka\cluster.py", line 156, in refresh_metadata
    await self._do_refresh_metadata(node_id)
  File "C:\Users\monis\OneDrive\Documents\IntelliStream\venv\Lib\site-packages\kafka\cluster.py", line 175, in _do_refresh_metadata
    response = await self._manager.send(request, node_id)
               ^^^^^^^^^^^^^^^^^^^^^^^^^^^^^^^^^^^^^^^^^^
  File "C:\Users\monis\OneDrive\Documents\IntelliStream\venv\Lib\site-packages\kafka\future.py", line 165, in __await__
    raise self.exception
kafka.errors.KafkaConnectionError: KafkaConnectionError: socket disconnected
2026-06-19 18:22:42,739 - ERROR - <KafkaTCPTransport [::1:9092<-50576]>: socket disconnected
2026-06-19 18:22:42,740 - ERROR - <KafkaTCPTransport [::1:9092<-50576]>: Abort (KafkaConnectionError: socket disconnected)
2026-06-19 18:22:42,752 - ERROR - <KafkaTCPTransport [::1:9092<-50577]>: socket disconnected
2026-06-19 18:22:42,752 - ERROR - <KafkaTCPTransport [::1:9092<-50577]>: Abort (KafkaConnectionError: socket disconnected)
2026-06-19 18:22:42,760 - ERROR - <KafkaTCPTransport [::1:9092<-50578]>: socket disconnected
2026-06-19 18:22:42,760 - ERROR - <KafkaTCPTransport [::1:9092<-50578]>: Abort (KafkaConnectionError: socket disconnected)
2026-06-19 18:22:42,770 - ERROR - <KafkaTCPTransport [::1:9092<-50579]>: socket disconnected
2026-06-19 18:22:42,771 - ERROR - <KafkaTCPTransport [::1:9092<-50579]>: Abort (KafkaConnectionError: socket disconnected)
2026-06-19 18:22:42,779 - ERROR - <KafkaTCPTransport [::1:9092<-50580]>: socket disconnected
2026-06-19 18:22:42,779 - ERROR - <KafkaTCPTransport [::1:9092<-50580]>: Abort (KafkaConnectionError: socket disconnected)
2026-06-19 18:22:42,791 - ERROR - <KafkaTCPTransport [::1:9092<-50581]>: socket disconnected
2026-06-19 18:22:42,792 - ERROR - <KafkaTCPTransport [::1:9092<-50581]>: Abort (KafkaConnectionError: socket disconnected)
2026-06-19 18:22:42,805 - ERROR - <KafkaTCPTransport [::1:9092<-50582]>: socket disconnected
2026-06-19 18:22:42,806 - ERROR - <KafkaTCPTransport [::1:9092<-50582]>: Abort (KafkaConnectionError: socket disconnected)
2026-06-19 18:22:42,813 - ERROR - <KafkaTCPTransport [::1:9092<-50583]>: socket disconnected
2026-06-19 18:22:42,813 - ERROR - <KafkaTCPTransport [::1:9092<-50583]>: Abort (KafkaConnectionError: socket disconnected)
2026-06-19 18:22:42,820 - ERROR - <KafkaTCPTransport [::1:9092<-50584]>: socket disconnected
2026-06-19 18:22:42,820 - ERROR - <KafkaTCPTransport [::1:9092<-50584]>: Abort (KafkaConnectionError: socket disconnected)
2026-06-19 18:22:42,827 - ERROR - <KafkaTCPTransport [::1:9092<-50585]>: socket disconnected
2026-06-19 18:22:42,828 - ERROR - <KafkaTCPTransport [::1:9092<-50585]>: Abort (KafkaConnectionError: socket disconnected)
2026-06-19 18:22:42,832 - INFO - Metadata refresh (node_id=1)
2026-06-19 18:22:42,835 - ERROR - <KafkaTCPTransport [::1:9092<-50586]>: socket disconnected
2026-06-19 18:22:42,836 - ERROR - <KafkaTCPTransport [::1:9092<-50586]>: Abort (KafkaConnectionError: socket disconnected)
2026-06-19 18:22:42,837 - ERROR - Metadata refresh: failed KafkaConnectionError: socket disconnected
2026-06-19 18:22:42,837 - ERROR - KafkaConnectionError: socket disconnected
Traceback (most recent call last):
  File "C:\Users\monis\OneDrive\Documents\IntelliStream\venv\Lib\site-packages\kafka\cluster.py", line 127, in _refresh_loop
    await self.refresh_metadata()
  File "C:\Users\monis\OneDrive\Documents\IntelliStream\venv\Lib\site-packages\kafka\cluster.py", line 156, in refresh_metadata
    await self._do_refresh_metadata(node_id)
  File "C:\Users\monis\OneDrive\Documents\IntelliStream\venv\Lib\site-packages\kafka\cluster.py", line 175, in _do_refresh_metadata
    response = await self._manager.send(request, node_id)
               ^^^^^^^^^^^^^^^^^^^^^^^^^^^^^^^^^^^^^^^^^^
  File "C:\Users\monis\OneDrive\Documents\IntelliStream\venv\Lib\site-packages\kafka\future.py", line 165, in __await__
    raise self.exception
kafka.errors.KafkaConnectionError: KafkaConnectionError: socket disconnected
2026-06-19 18:22:42,845 - ERROR - <KafkaTCPTransport [::1:9092<-50587]>: socket disconnected
2026-06-19 18:22:42,846 - ERROR - <KafkaTCPTransport [::1:9092<-50587]>: Abort (KafkaConnectionError: socket disconnected)
2026-06-19 18:22:42,853 - ERROR - <KafkaTCPTransport [::1:9092<-50588]>: socket disconnected
2026-06-19 18:22:42,853 - ERROR - <KafkaTCPTransport [::1:9092<-50588]>: Abort (KafkaConnectionError: socket disconnected)
2026-06-19 18:22:42,864 - ERROR - <KafkaTCPTransport [::1:9092<-50589]>: socket disconnected
2026-06-19 18:22:42,864 - ERROR - <KafkaTCPTransport [::1:9092<-50589]>: Abort (KafkaConnectionError: socket disconnected)
2026-06-19 18:22:42,873 - ERROR - <KafkaTCPTransport [::1:9092<-50590]>: socket disconnected
2026-06-19 18:22:42,873 - ERROR - <KafkaTCPTransport [::1:9092<-50590]>: Abort (KafkaConnectionError: socket disconnected)
2026-06-19 18:22:42,881 - ERROR - <KafkaTCPTransport [::1:9092<-50591]>: socket disconnected
2026-06-19 18:22:42,881 - ERROR - <KafkaTCPTransport [::1:9092<-50591]>: Abort (KafkaConnectionError: socket disconnected)
2026-06-19 18:22:42,891 - ERROR - <KafkaTCPTransport [::1:9092<-50592]>: socket disconnected
2026-06-19 18:22:42,892 - ERROR - <KafkaTCPTransport [::1:9092<-50592]>: Abort (KafkaConnectionError: socket disconnected)
2026-06-19 18:22:42,900 - ERROR - <KafkaTCPTransport [::1:9092<-50593]>: socket disconnected
2026-06-19 18:22:42,900 - ERROR - <KafkaTCPTransport [::1:9092<-50593]>: Abort (KafkaConnectionError: socket disconnected)
2026-06-19 18:22:42,908 - ERROR - <KafkaTCPTransport [::1:9092<-50594]>: socket disconnected
2026-06-19 18:22:42,909 - ERROR - <KafkaTCPTransport [::1:9092<-50594]>: Abort (KafkaConnectionError: socket disconnected)
2026-06-19 18:22:42,917 - ERROR - <KafkaTCPTransport [::1:9092<-50595]>: socket disconnected
2026-06-19 18:22:42,917 - ERROR - <KafkaTCPTransport [::1:9092<-50595]>: Abort (KafkaConnectionError: socket disconnected)
2026-06-19 18:22:42,924 - ERROR - <KafkaTCPTransport [::1:9092<-50596]>: socket disconnected
2026-06-19 18:22:42,924 - ERROR - <KafkaTCPTransport [::1:9092<-50596]>: Abort (KafkaConnectionError: socket disconnected)
2026-06-19 18:22:42,931 - ERROR - <KafkaTCPTransport [::1:9092<-50597]>: socket disconnected
2026-06-19 18:22:42,931 - ERROR - <KafkaTCPTransport [::1:9092<-50597]>: Abort (KafkaConnectionError: socket disconnected)
2026-06-19 18:22:42,938 - INFO - Metadata refresh (node_id=1)
2026-06-19 18:22:42,939 - ERROR - <KafkaTCPTransport [::1:9092<-50598]>: socket disconnected
2026-06-19 18:22:42,939 - ERROR - <KafkaTCPTransport [::1:9092<-50598]>: Abort (KafkaConnectionError: socket disconnected)
2026-06-19 18:22:42,940 - ERROR - Metadata refresh: failed KafkaConnectionError: socket disconnected
2026-06-19 18:22:42,941 - ERROR - KafkaConnectionError: socket disconnected
Traceback (most recent call last):
  File "C:\Users\monis\OneDrive\Documents\IntelliStream\venv\Lib\site-packages\kafka\cluster.py", line 127, in _refresh_loop
    await self.refresh_metadata()
  File "C:\Users\monis\OneDrive\Documents\IntelliStream\venv\Lib\site-packages\kafka\cluster.py", line 156, in refresh_metadata
    await self._do_refresh_metadata(node_id)
  File "C:\Users\monis\OneDrive\Documents\IntelliStream\venv\Lib\site-packages\kafka\cluster.py", line 175, in _do_refresh_metadata
    response = await self._manager.send(request, node_id)
               ^^^^^^^^^^^^^^^^^^^^^^^^^^^^^^^^^^^^^^^^^^
  File "C:\Users\monis\OneDrive\Documents\IntelliStream\venv\Lib\site-packages\kafka\future.py", line 165, in __await__
    raise self.exception
kafka.errors.KafkaConnectionError: KafkaConnectionError: socket disconnected
2026-06-19 18:22:42,952 - ERROR - <KafkaTCPTransport [::1:9092<-50599]>: socket disconnected
2026-06-19 18:22:42,952 - ERROR - <KafkaTCPTransport [::1:9092<-50599]>: Abort (KafkaConnectionError: socket disconnected)
2026-06-19 18:22:42,959 - ERROR - <KafkaTCPTransport [::1:9092<-50600]>: socket disconnected
2026-06-19 18:22:42,960 - ERROR - <KafkaTCPTransport [::1:9092<-50600]>: Abort (KafkaConnectionError: socket disconnected)
2026-06-19 18:22:42,967 - ERROR - <KafkaTCPTransport [::1:9092<-50601]>: socket disconnected
2026-06-19 18:22:42,967 - ERROR - <KafkaTCPTransport [::1:9092<-50601]>: Abort (KafkaConnectionError: socket disconnected)
2026-06-19 18:22:42,975 - ERROR - <KafkaTCPTransport [::1:9092<-50602]>: socket disconnected
2026-06-19 18:22:42,975 - ERROR - <KafkaTCPTransport [::1:9092<-50602]>: Abort (KafkaConnectionError: socket disconnected)
2026-06-19 18:22:42,984 - ERROR - <KafkaTCPTransport [::1:9092<-50603]>: socket disconnected
2026-06-19 18:22:42,984 - ERROR - <KafkaTCPTransport [::1:9092<-50603]>: Abort (KafkaConnectionError: socket disconnected)
2026-06-19 18:22:42,991 - ERROR - <KafkaTCPTransport [::1:9092<-50604]>: socket disconnected
2026-06-19 18:22:42,992 - ERROR - <KafkaTCPTransport [::1:9092<-50604]>: Abort (KafkaConnectionError: socket disconnected)
2026-06-19 18:22:42,999 - ERROR - <KafkaTCPTransport [::1:9092<-50605]>: socket disconnected
2026-06-19 18:22:43,000 - ERROR - <KafkaTCPTransport [::1:9092<-50605]>: Abort (KafkaConnectionError: socket disconnected)
2026-06-19 18:22:43,007 - ERROR - <KafkaTCPTransport [::1:9092<-50606]>: socket disconnected
2026-06-19 18:22:43,008 - ERROR - <KafkaTCPTransport [::1:9092<-50606]>: Abort (KafkaConnectionError: socket disconnected)
2026-06-19 18:22:43,016 - ERROR - <KafkaTCPTransport [::1:9092<-50607]>: socket disconnected
2026-06-19 18:22:43,016 - ERROR - <KafkaTCPTransport [::1:9092<-50607]>: Abort (KafkaConnectionError: socket disconnected)
2026-06-19 18:22:43,024 - ERROR - <KafkaTCPTransport [::1:9092<-50608]>: socket disconnected
2026-06-19 18:22:43,024 - ERROR - <KafkaTCPTransport [::1:9092<-50608]>: Abort (KafkaConnectionError: socket disconnected)
2026-06-19 18:22:43,031 - ERROR - <KafkaTCPTransport [::1:9092<-50609]>: socket disconnected
2026-06-19 18:22:43,032 - ERROR - <KafkaTCPTransport [::1:9092<-50609]>: Abort (KafkaConnectionError: socket disconnected)
2026-06-19 18:22:43,039 - ERROR - <KafkaTCPTransport [::1:9092<-50610]>: socket disconnected
2026-06-19 18:22:43,039 - ERROR - <KafkaTCPTransport [::1:9092<-50610]>: Abort (KafkaConnectionError: socket disconnected)
2026-06-19 18:22:43,043 - INFO - Metadata refresh (node_id=1)
2026-06-19 18:22:43,046 - ERROR - <KafkaTCPTransport [::1:9092<-50611]>: socket disconnected
2026-06-19 18:22:43,047 - ERROR - <KafkaTCPTransport [::1:9092<-50611]>: Abort (KafkaConnectionError: socket disconnected)
2026-06-19 18:22:43,048 - ERROR - Metadata refresh: failed KafkaConnectionError: socket disconnected
2026-06-19 18:22:43,048 - ERROR - KafkaConnectionError: socket disconnected
Traceback (most recent call last):
  File "C:\Users\monis\OneDrive\Documents\IntelliStream\venv\Lib\site-packages\kafka\cluster.py", line 127, in _refresh_loop
    await self.refresh_metadata()
  File "C:\Users\monis\OneDrive\Documents\IntelliStream\venv\Lib\site-packages\kafka\cluster.py", line 156, in refresh_metadata
    await self._do_refresh_metadata(node_id)
  File "C:\Users\monis\OneDrive\Documents\IntelliStream\venv\Lib\site-packages\kafka\cluster.py", line 175, in _do_refresh_metadata
    response = await self._manager.send(request, node_id)
               ^^^^^^^^^^^^^^^^^^^^^^^^^^^^^^^^^^^^^^^^^^
  File "C:\Users\monis\OneDrive\Documents\IntelliStream\venv\Lib\site-packages\kafka\future.py", line 165, in __await__
    raise self.exception
kafka.errors.KafkaConnectionError: KafkaConnectionError: socket disconnected
2026-06-19 18:22:43,056 - ERROR - <KafkaTCPTransport [::1:9092<-50612]>: socket disconnected
2026-06-19 18:22:43,057 - ERROR - <KafkaTCPTransport [::1:9092<-50612]>: Abort (KafkaConnectionError: socket disconnected)
2026-06-19 18:22:43,065 - ERROR - <KafkaTCPTransport [::1:9092<-50613]>: socket disconnected
2026-06-19 18:22:43,065 - ERROR - <KafkaTCPTransport [::1:9092<-50613]>: Abort (KafkaConnectionError: socket disconnected)
2026-06-19 18:22:43,073 - ERROR - <KafkaTCPTransport [::1:9092<-50614]>: socket disconnected
2026-06-19 18:22:43,073 - ERROR - <KafkaTCPTransport [::1:9092<-50614]>: Abort (KafkaConnectionError: socket disconnected)
2026-06-19 18:22:43,081 - ERROR - <KafkaTCPTransport [::1:9092<-50615]>: socket disconnected
2026-06-19 18:22:43,081 - ERROR - <KafkaTCPTransport [::1:9092<-50615]>: Abort (KafkaConnectionError: socket disconnected)
2026-06-19 18:22:43,089 - ERROR - <KafkaTCPTransport [::1:9092<-50616]>: socket disconnected
2026-06-19 18:22:43,090 - ERROR - <KafkaTCPTransport [::1:9092<-50616]>: Abort (KafkaConnectionError: socket disconnected)
2026-06-19 18:22:43,099 - ERROR - <KafkaTCPTransport [::1:9092<-50617]>: socket disconnected
2026-06-19 18:22:43,099 - ERROR - <KafkaTCPTransport [::1:9092<-50617]>: Abort (KafkaConnectionError: socket disconnected)
2026-06-19 18:22:43,107 - ERROR - <KafkaTCPTransport [::1:9092<-50618]>: socket disconnected
2026-06-19 18:22:43,108 - ERROR - <KafkaTCPTransport [::1:9092<-50618]>: Abort (KafkaConnectionError: socket disconnected)
2026-06-19 18:22:43,118 - ERROR - <KafkaTCPTransport [::1:9092<-50619]>: socket disconnected
2026-06-19 18:22:43,118 - ERROR - <KafkaTCPTransport [::1:9092<-50619]>: Abort (KafkaConnectionError: socket disconnected)
2026-06-19 18:22:43,126 - ERROR - <KafkaTCPTransport [::1:9092<-50620]>: socket disconnected
2026-06-19 18:22:43,126 - ERROR - <KafkaTCPTransport [::1:9092<-50620]>: Abort (KafkaConnectionError: socket disconnected)
2026-06-19 18:22:43,134 - ERROR - <KafkaTCPTransport [::1:9092<-50621]>: socket disconnected
2026-06-19 18:22:43,134 - ERROR - <KafkaTCPTransport [::1:9092<-50621]>: Abort (KafkaConnectionError: socket disconnected)
2026-06-19 18:22:43,141 - ERROR - <KafkaTCPTransport [::1:9092<-50622]>: socket disconnected
2026-06-19 18:22:43,142 - ERROR - <KafkaTCPTransport [::1:9092<-50622]>: Abort (KafkaConnectionError: socket disconnected)
2026-06-19 18:22:43,148 - INFO - Metadata refresh (node_id=1)
2026-06-19 18:22:43,155 - ERROR - <KafkaTCPTransport [::1:9092<-50623]>: socket disconnected
2026-06-19 18:22:43,156 - ERROR - <KafkaTCPTransport [::1:9092<-50623]>: Abort (KafkaConnectionError: socket disconnected)
2026-06-19 18:22:43,157 - ERROR - Metadata refresh: failed KafkaConnectionError: socket disconnected
2026-06-19 18:22:43,158 - ERROR - KafkaConnectionError: socket disconnected
Traceback (most recent call last):
  File "C:\Users\monis\OneDrive\Documents\IntelliStream\venv\Lib\site-packages\kafka\cluster.py", line 127, in _refresh_loop
    await self.refresh_metadata()
  File "C:\Users\monis\OneDrive\Documents\IntelliStream\venv\Lib\site-packages\kafka\cluster.py", line 156, in refresh_metadata
    await self._do_refresh_metadata(node_id)
  File "C:\Users\monis\OneDrive\Documents\IntelliStream\venv\Lib\site-packages\kafka\cluster.py", line 175, in _do_refresh_metadata
    response = await self._manager.send(request, node_id)
               ^^^^^^^^^^^^^^^^^^^^^^^^^^^^^^^^^^^^^^^^^^
  File "C:\Users\monis\OneDrive\Documents\IntelliStream\venv\Lib\site-packages\kafka\future.py", line 165, in __await__
    raise self.exception
kafka.errors.KafkaConnectionError: KafkaConnectionError: socket disconnected
2026-06-19 18:22:43,165 - ERROR - <KafkaTCPTransport [::1:9092<-50624]>: socket disconnected
2026-06-19 18:22:43,165 - ERROR - <KafkaTCPTransport [::1:9092<-50624]>: Abort (KafkaConnectionError: socket disconnected)
2026-06-19 18:22:43,173 - ERROR - <KafkaTCPTransport [::1:9092<-50625]>: socket disconnected
2026-06-19 18:22:43,173 - ERROR - <KafkaTCPTransport [::1:9092<-50625]>: Abort (KafkaConnectionError: socket disconnected)
2026-06-19 18:22:43,180 - ERROR - <KafkaTCPTransport [::1:9092<-50626]>: socket disconnected
2026-06-19 18:22:43,181 - ERROR - <KafkaTCPTransport [::1:9092<-50626]>: Abort (KafkaConnectionError: socket disconnected)
2026-06-19 18:22:43,188 - ERROR - <KafkaTCPTransport [::1:9092<-50627]>: socket disconnected
2026-06-19 18:22:43,188 - ERROR - <KafkaTCPTransport [::1:9092<-50627]>: Abort (KafkaConnectionError: socket disconnected)
2026-06-19 18:22:43,201 - ERROR - <KafkaTCPTransport [::1:9092<-50628]>: socket disconnected
2026-06-19 18:22:43,201 - ERROR - <KafkaTCPTransport [::1:9092<-50628]>: Abort (KafkaConnectionError: socket disconnected)
2026-06-19 18:22:43,208 - ERROR - <KafkaTCPTransport [::1:9092<-50629]>: socket disconnected
2026-06-19 18:22:43,208 - ERROR - <KafkaTCPTransport [::1:9092<-50629]>: Abort (KafkaConnectionError: socket disconnected)
2026-06-19 18:22:43,216 - ERROR - <KafkaTCPTransport [::1:9092<-50630]>: socket disconnected
2026-06-19 18:22:43,216 - ERROR - <KafkaTCPTransport [::1:9092<-50630]>: Abort (KafkaConnectionError: socket disconnected)
2026-06-19 18:22:43,244 - ERROR - <KafkaTCPTransport [::1:9092<-50631]>: socket disconnected
2026-06-19 18:22:43,244 - ERROR - <KafkaTCPTransport [::1:9092<-50631]>: Abort (KafkaConnectionError: socket disconnected)
2026-06-19 18:22:43,258 - INFO - Metadata refresh (node_id=1)
2026-06-19 18:22:43,259 - ERROR - <KafkaTCPTransport [::1:9092<-50632]>: socket disconnected
2026-06-19 18:22:43,259 - ERROR - <KafkaTCPTransport [::1:9092<-50632]>: Abort (KafkaConnectionError: socket disconnected)
2026-06-19 18:22:43,260 - ERROR - Metadata refresh: failed KafkaConnectionError: socket disconnected
2026-06-19 18:22:43,261 - ERROR - KafkaConnectionError: socket disconnected
Traceback (most recent call last):
  File "C:\Users\monis\OneDrive\Documents\IntelliStream\venv\Lib\site-packages\kafka\cluster.py", line 127, in _refresh_loop
    await self.refresh_metadata()
  File "C:\Users\monis\OneDrive\Documents\IntelliStream\venv\Lib\site-packages\kafka\cluster.py", line 156, in refresh_metadata
    await self._do_refresh_metadata(node_id)
  File "C:\Users\monis\OneDrive\Documents\IntelliStream\venv\Lib\site-packages\kafka\cluster.py", line 175, in _do_refresh_metadata
    response = await self._manager.send(request, node_id)
               ^^^^^^^^^^^^^^^^^^^^^^^^^^^^^^^^^^^^^^^^^^
  File "C:\Users\monis\OneDrive\Documents\IntelliStream\venv\Lib\site-packages\kafka\future.py", line 165, in __await__
    raise self.exception
kafka.errors.KafkaConnectionError: KafkaConnectionError: socket disconnected
2026-06-19 18:22:43,268 - ERROR - <KafkaTCPTransport [::1:9092<-50633]>: socket disconnected
2026-06-19 18:22:43,269 - ERROR - <KafkaTCPTransport [::1:9092<-50633]>: Abort (KafkaConnectionError: socket disconnected)
2026-06-19 18:22:43,275 - ERROR - <KafkaTCPTransport [::1:9092<-50634]>: socket disconnected
2026-06-19 18:22:43,276 - ERROR - <KafkaTCPTransport [::1:9092<-50634]>: Abort (KafkaConnectionError: socket disconnected)
2026-06-19 18:22:43,282 - ERROR - <KafkaTCPTransport [::1:9092<-50635]>: socket disconnected
2026-06-19 18:22:43,282 - ERROR - <KafkaTCPTransport [::1:9092<-50635]>: Abort (KafkaConnectionError: socket disconnected)
2026-06-19 18:22:43,291 - ERROR - <KafkaTCPTransport [::1:9092<-50636]>: socket disconnected
2026-06-19 18:22:43,291 - ERROR - <KafkaTCPTransport [::1:9092<-50636]>: Abort (KafkaConnectionError: socket disconnected)
2026-06-19 18:22:43,298 - ERROR - <KafkaTCPTransport [::1:9092<-50637]>: socket disconnected
2026-06-19 18:22:43,298 - ERROR - <KafkaTCPTransport [::1:9092<-50637]>: Abort (KafkaConnectionError: socket disconnected)
2026-06-19 18:22:43,306 - ERROR - <KafkaTCPTransport [::1:9092<-50638]>: socket disconnected
2026-06-19 18:22:43,306 - ERROR - <KafkaTCPTransport [::1:9092<-50638]>: Abort (KafkaConnectionError: socket disconnected)
2026-06-19 18:22:43,316 - ERROR - <KafkaTCPTransport [::1:9092<-50639]>: socket disconnected
2026-06-19 18:22:43,316 - ERROR - <KafkaTCPTransport [::1:9092<-50639]>: Abort (KafkaConnectionError: socket disconnected)
2026-06-19 18:22:43,321 - ERROR - <KafkaTCPTransport [::1:9092<-50640]>: socket disconnected
2026-06-19 18:22:43,322 - ERROR - <KafkaTCPTransport [::1:9092<-50640]>: Abort (KafkaConnectionError: socket disconnected)
2026-06-19 18:22:43,327 - ERROR - <KafkaTCPTransport [::1:9092<-50641]>: socket disconnected
2026-06-19 18:22:43,327 - ERROR - <KafkaTCPTransport [::1:9092<-50641]>: Abort (KafkaConnectionError: socket disconnected)
2026-06-19 18:22:43,340 - ERROR - <KafkaTCPTransport [::1:9092<-50642]>: socket disconnected
2026-06-19 18:22:43,340 - ERROR - <KafkaTCPTransport [::1:9092<-50642]>: Abort (KafkaConnectionError: socket disconnected)
2026-06-19 18:22:43,346 - ERROR - <KafkaTCPTransport [::1:9092<-50643]>: socket disconnected
2026-06-19 18:22:43,346 - ERROR - <KafkaTCPTransport [::1:9092<-50643]>: Abort (KafkaConnectionError: socket disconnected)
2026-06-19 18:22:43,352 - ERROR - <KafkaTCPTransport [::1:9092<-50644]>: socket disconnected
2026-06-19 18:22:43,352 - ERROR - <KafkaTCPTransport [::1:9092<-50644]>: Abort (KafkaConnectionError: socket disconnected)
2026-06-19 18:22:43,358 - ERROR - <KafkaTCPTransport [::1:9092<-50645]>: socket disconnected
2026-06-19 18:22:43,358 - ERROR - <KafkaTCPTransport [::1:9092<-50645]>: Abort (KafkaConnectionError: socket disconnected)
2026-06-19 18:22:43,361 - INFO - Metadata refresh (node_id=1)
2026-06-19 18:22:43,364 - ERROR - <KafkaTCPTransport [::1:9092<-50646]>: socket disconnected
2026-06-19 18:22:43,364 - ERROR - <KafkaTCPTransport [::1:9092<-50646]>: Abort (KafkaConnectionError: socket disconnected)
2026-06-19 18:22:43,365 - ERROR - Metadata refresh: failed KafkaConnectionError: socket disconnected
2026-06-19 18:22:43,366 - ERROR - KafkaConnectionError: socket disconnected
Traceback (most recent call last):
  File "C:\Users\monis\OneDrive\Documents\IntelliStream\venv\Lib\site-packages\kafka\cluster.py", line 127, in _refresh_loop
    await self.refresh_metadata()
  File "C:\Users\monis\OneDrive\Documents\IntelliStream\venv\Lib\site-packages\kafka\cluster.py", line 156, in refresh_metadata
    await self._do_refresh_metadata(node_id)
  File "C:\Users\monis\OneDrive\Documents\IntelliStream\venv\Lib\site-packages\kafka\cluster.py", line 175, in _do_refresh_metadata
    response = await self._manager.send(request, node_id)
               ^^^^^^^^^^^^^^^^^^^^^^^^^^^^^^^^^^^^^^^^^^
  File "C:\Users\monis\OneDrive\Documents\IntelliStream\venv\Lib\site-packages\kafka\future.py", line 165, in __await__
    raise self.exception
kafka.errors.KafkaConnectionError: KafkaConnectionError: socket disconnected
2026-06-19 18:22:43,372 - ERROR - <KafkaTCPTransport [::1:9092<-50647]>: socket disconnected
2026-06-19 18:22:43,372 - ERROR - <KafkaTCPTransport [::1:9092<-50647]>: Abort (KafkaConnectionError: socket disconnected)
2026-06-19 18:22:43,379 - ERROR - <KafkaTCPTransport [::1:9092<-50648]>: socket disconnected
2026-06-19 18:22:43,379 - ERROR - <KafkaTCPTransport [::1:9092<-50648]>: Abort (KafkaConnectionError: socket disconnected)
2026-06-19 18:22:43,385 - ERROR - <KafkaTCPTransport [::1:9092<-50649]>: socket disconnected
2026-06-19 18:22:43,386 - ERROR - <KafkaTCPTransport [::1:9092<-50649]>: Abort (KafkaConnectionError: socket disconnected)
2026-06-19 18:22:43,393 - ERROR - <KafkaTCPTransport [::1:9092<-50650]>: socket disconnected
2026-06-19 18:22:43,393 - ERROR - <KafkaTCPTransport [::1:9092<-50650]>: Abort (KafkaConnectionError: socket disconnected)
2026-06-19 18:22:43,400 - ERROR - <KafkaTCPTransport [::1:9092<-50651]>: socket disconnected
2026-06-19 18:22:43,400 - ERROR - <KafkaTCPTransport [::1:9092<-50651]>: Abort (KafkaConnectionError: socket disconnected)
2026-06-19 18:22:43,407 - ERROR - <KafkaTCPTransport [::1:9092<-50652]>: socket disconnected
2026-06-19 18:22:43,407 - ERROR - <KafkaTCPTransport [::1:9092<-50652]>: Abort (KafkaConnectionError: socket disconnected)
2026-06-19 18:22:43,414 - ERROR - <KafkaTCPTransport [::1:9092<-50653]>: socket disconnected
2026-06-19 18:22:43,414 - ERROR - <KafkaTCPTransport [::1:9092<-50653]>: Abort (KafkaConnectionError: socket disconnected)
2026-06-19 18:22:43,421 - ERROR - <KafkaTCPTransport [::1:9092<-50654]>: socket disconnected
2026-06-19 18:22:43,421 - ERROR - <KafkaTCPTransport [::1:9092<-50654]>: Abort (KafkaConnectionError: socket disconnected)
2026-06-19 18:22:43,435 - ERROR - <KafkaTCPTransport [::1:9092<-50655]>: socket disconnected
2026-06-19 18:22:43,435 - ERROR - <KafkaTCPTransport [::1:9092<-50655]>: Abort (KafkaConnectionError: socket disconnected)
2026-06-19 18:22:43,445 - ERROR - <KafkaTCPTransport [::1:9092<-50656]>: socket disconnected
2026-06-19 18:22:43,446 - ERROR - <KafkaTCPTransport [::1:9092<-50656]>: Abort (KafkaConnectionError: socket disconnected)
2026-06-19 18:22:43,453 - ERROR - <KafkaTCPTransport [::1:9092<-50657]>: socket disconnected
2026-06-19 18:22:43,454 - ERROR - <KafkaTCPTransport [::1:9092<-50657]>: Abort (KafkaConnectionError: socket disconnected)
2026-06-19 18:22:43,460 - ERROR - <KafkaTCPTransport [::1:9092<-50658]>: socket disconnected
2026-06-19 18:22:43,461 - ERROR - <KafkaTCPTransport [::1:9092<-50658]>: Abort (KafkaConnectionError: socket disconnected)
2026-06-19 18:22:43,466 - INFO - Metadata refresh (node_id=1)
2026-06-19 18:22:43,473 - ERROR - <KafkaTCPTransport [::1:9092<-50659]>: socket disconnected
2026-06-19 18:22:43,473 - ERROR - <KafkaTCPTransport [::1:9092<-50659]>: Abort (KafkaConnectionError: socket disconnected)
2026-06-19 18:22:43,474 - ERROR - Metadata refresh: failed KafkaConnectionError: socket disconnected
2026-06-19 18:22:43,474 - ERROR - KafkaConnectionError: socket disconnected
Traceback (most recent call last):
  File "C:\Users\monis\OneDrive\Documents\IntelliStream\venv\Lib\site-packages\kafka\cluster.py", line 127, in _refresh_loop
    await self.refresh_metadata()
  File "C:\Users\monis\OneDrive\Documents\IntelliStream\venv\Lib\site-packages\kafka\cluster.py", line 156, in refresh_metadata
    await self._do_refresh_metadata(node_id)
  File "C:\Users\monis\OneDrive\Documents\IntelliStream\venv\Lib\site-packages\kafka\cluster.py", line 175, in _do_refresh_metadata
    response = await self._manager.send(request, node_id)
               ^^^^^^^^^^^^^^^^^^^^^^^^^^^^^^^^^^^^^^^^^^
  File "C:\Users\monis\OneDrive\Documents\IntelliStream\venv\Lib\site-packages\kafka\future.py", line 165, in __await__
    raise self.exception
kafka.errors.KafkaConnectionError: KafkaConnectionError: socket disconnected
2026-06-19 18:22:43,481 - ERROR - <KafkaTCPTransport [::1:9092<-50660]>: socket disconnected
2026-06-19 18:22:43,481 - ERROR - <KafkaTCPTransport [::1:9092<-50660]>: Abort (KafkaConnectionError: socket disconnected)
2026-06-19 18:22:43,488 - ERROR - <KafkaTCPTransport [::1:9092<-50661]>: socket disconnected
2026-06-19 18:22:43,488 - ERROR - <KafkaTCPTransport [::1:9092<-50661]>: Abort (KafkaConnectionError: socket disconnected)
2026-06-19 18:22:43,494 - ERROR - <KafkaTCPTransport [::1:9092<-50662]>: socket disconnected
2026-06-19 18:22:43,495 - ERROR - <KafkaTCPTransport [::1:9092<-50662]>: Abort (KafkaConnectionError: socket disconnected)
2026-06-19 18:22:43,501 - ERROR - <KafkaTCPTransport [::1:9092<-50663]>: socket disconnected
2026-06-19 18:22:43,501 - ERROR - <KafkaTCPTransport [::1:9092<-50663]>: Abort (KafkaConnectionError: socket disconnected)
2026-06-19 18:22:43,508 - ERROR - <KafkaTCPTransport [::1:9092<-50664]>: socket disconnected
2026-06-19 18:22:43,508 - ERROR - <KafkaTCPTransport [::1:9092<-50664]>: Abort (KafkaConnectionError: socket disconnected)
2026-06-19 18:22:43,515 - ERROR - <KafkaTCPTransport [::1:9092<-50665]>: socket disconnected
2026-06-19 18:22:43,515 - ERROR - <KafkaTCPTransport [::1:9092<-50665]>: Abort (KafkaConnectionError: socket disconnected)
2026-06-19 18:22:43,526 - ERROR - <KafkaTCPTransport [::1:9092<-50666]>: socket disconnected
2026-06-19 18:22:43,526 - ERROR - <KafkaTCPTransport [::1:9092<-50666]>: Abort (KafkaConnectionError: socket disconnected)
2026-06-19 18:22:43,533 - ERROR - <KafkaTCPTransport [::1:9092<-50667]>: socket disconnected
2026-06-19 18:22:43,533 - ERROR - <KafkaTCPTransport [::1:9092<-50667]>: Abort (KafkaConnectionError: socket disconnected)
2026-06-19 18:22:43,544 - ERROR - <KafkaTCPTransport [::1:9092<-50668]>: socket disconnected
2026-06-19 18:22:43,545 - ERROR - <KafkaTCPTransport [::1:9092<-50668]>: Abort (KafkaConnectionError: socket disconnected)
2026-06-19 18:22:43,573 - ERROR - <KafkaTCPTransport [::1:9092<-50669]>: Error receiving network data closing socket
Traceback (most recent call last):
  File "C:\Users\monis\OneDrive\Documents\IntelliStream\venv\Lib\site-packages\kafka\net\transport.py", line 107, in _sock_recv
    data = self._sock.recv(4096)
ConnectionAbortedError: [WinError 10053] An established connection was aborted by the software in your host machine
2026-06-19 18:22:43,574 - ERROR - <KafkaTCPTransport [::1:9092<-50669]>: Abort (KafkaConnectionError: [WinError 10053] An established connection was aborted by the software in your host machine)
2026-06-19 18:22:43,577 - INFO - Metadata refresh (node_id=1)
2026-06-19 18:22:43,582 - ERROR - <KafkaTCPTransport [::1:9092<-50670]>: socket disconnected
2026-06-19 18:22:43,582 - ERROR - <KafkaTCPTransport [::1:9092<-50670]>: Abort (KafkaConnectionError: socket disconnected)
2026-06-19 18:22:43,583 - ERROR - Metadata refresh: failed KafkaConnectionError: socket disconnected
2026-06-19 18:22:43,584 - ERROR - KafkaConnectionError: socket disconnected
Traceback (most recent call last):
  File "C:\Users\monis\OneDrive\Documents\IntelliStream\venv\Lib\site-packages\kafka\cluster.py", line 127, in _refresh_loop
    await self.refresh_metadata()
  File "C:\Users\monis\OneDrive\Documents\IntelliStream\venv\Lib\site-packages\kafka\cluster.py", line 156, in refresh_metadata
    await self._do_refresh_metadata(node_id)
  File "C:\Users\monis\OneDrive\Documents\IntelliStream\venv\Lib\site-packages\kafka\cluster.py", line 175, in _do_refresh_metadata
    response = await self._manager.send(request, node_id)
               ^^^^^^^^^^^^^^^^^^^^^^^^^^^^^^^^^^^^^^^^^^
  File "C:\Users\monis\OneDrive\Documents\IntelliStream\venv\Lib\site-packages\kafka\future.py", line 165, in __await__
    raise self.exception
kafka.errors.KafkaConnectionError: KafkaConnectionError: socket disconnected
2026-06-19 18:22:43,594 - ERROR - <KafkaTCPTransport [::1:9092<-50671]>: socket disconnected
2026-06-19 18:22:43,594 - ERROR - <KafkaTCPTransport [::1:9092<-50671]>: Abort (KafkaConnectionError: socket disconnected)
2026-06-19 18:22:43,602 - ERROR - <KafkaTCPTransport [::1:9092<-50672]>: socket disconnected
2026-06-19 18:22:43,602 - ERROR - <KafkaTCPTransport [::1:9092<-50672]>: Abort (KafkaConnectionError: socket disconnected)
2026-06-19 18:22:43,611 - ERROR - <KafkaTCPTransport [::1:9092<-50673]>: socket disconnected
2026-06-19 18:22:43,611 - ERROR - <KafkaTCPTransport [::1:9092<-50673]>: Abort (KafkaConnectionError: socket disconnected)
2026-06-19 18:22:43,627 - ERROR - <KafkaTCPTransport [::1:9092<-50674]>: socket disconnected
2026-06-19 18:22:43,627 - ERROR - <KafkaTCPTransport [::1:9092<-50674]>: Abort (KafkaConnectionError: socket disconnected)
2026-06-19 18:22:43,635 - ERROR - <KafkaTCPTransport [::1:9092<-50675]>: socket disconnected
2026-06-19 18:22:43,635 - ERROR - <KafkaTCPTransport [::1:9092<-50675]>: Abort (KafkaConnectionError: socket disconnected)
2026-06-19 18:22:43,647 - ERROR - <KafkaTCPTransport [::1:9092<-50676]>: Error receiving network data closing socket
Traceback (most recent call last):
  File "C:\Users\monis\OneDrive\Documents\IntelliStream\venv\Lib\site-packages\kafka\net\transport.py", line 107, in _sock_recv
    data = self._sock.recv(4096)
ConnectionAbortedError: [WinError 10053] An established connection was aborted by the software in your host machine
2026-06-19 18:22:43,648 - ERROR - <KafkaTCPTransport [::1:9092<-50676]>: Abort (KafkaConnectionError: [WinError 10053] An established connection was aborted by the software in your host machine)
2026-06-19 18:22:43,656 - ERROR - <KafkaTCPTransport [::1:9092<-50677]>: Error receiving network data closing socket
Traceback (most recent call last):
  File "C:\Users\monis\OneDrive\Documents\IntelliStream\venv\Lib\site-packages\kafka\net\transport.py", line 107, in _sock_recv
    data = self._sock.recv(4096)
ConnectionAbortedError: [WinError 10053] An established connection was aborted by the software in your host machine
2026-06-19 18:22:43,658 - ERROR - <KafkaTCPTransport [::1:9092<-50677]>: Abort (KafkaConnectionError: [WinError 10053] An established connection was aborted by the software in your host machine)
2026-06-19 18:22:43,666 - ERROR - <KafkaTCPTransport [::1:9092<-50678]>: Error receiving network data closing socket
Traceback (most recent call last):
  File "C:\Users\monis\OneDrive\Documents\IntelliStream\venv\Lib\site-packages\kafka\net\transport.py", line 107, in _sock_recv
    data = self._sock.recv(4096)
ConnectionAbortedError: [WinError 10053] An established connection was aborted by the software in your host machine
2026-06-19 18:22:43,667 - ERROR - <KafkaTCPTransport [::1:9092<-50678]>: Abort (KafkaConnectionError: [WinError 10053] An established connection was aborted by the software in your host machine)
2026-06-19 18:22:43,678 - ERROR - <KafkaTCPTransport [::1:9092<-50680]>: socket disconnected
2026-06-19 18:22:43,679 - ERROR - <KafkaTCPTransport [::1:9092<-50680]>: Abort (KafkaConnectionError: socket disconnected)
2026-06-19 18:22:43,685 - INFO - Metadata refresh (node_id=1)
2026-06-19 18:22:43,695 - ERROR - <KafkaTCPTransport [::1:9092<-50681]>: socket disconnected
2026-06-19 18:22:43,696 - ERROR - <KafkaTCPTransport [::1:9092<-50681]>: Abort (KafkaConnectionError: socket disconnected)
2026-06-19 18:22:43,697 - ERROR - Metadata refresh: failed KafkaConnectionError: socket disconnected
2026-06-19 18:22:43,697 - ERROR - KafkaConnectionError: socket disconnected
Traceback (most recent call last):
  File "C:\Users\monis\OneDrive\Documents\IntelliStream\venv\Lib\site-packages\kafka\cluster.py", line 127, in _refresh_loop
    await self.refresh_metadata()
  File "C:\Users\monis\OneDrive\Documents\IntelliStream\venv\Lib\site-packages\kafka\cluster.py", line 156, in refresh_metadata
    await self._do_refresh_metadata(node_id)
  File "C:\Users\monis\OneDrive\Documents\IntelliStream\venv\Lib\site-packages\kafka\cluster.py", line 175, in _do_refresh_metadata
    response = await self._manager.send(request, node_id)
               ^^^^^^^^^^^^^^^^^^^^^^^^^^^^^^^^^^^^^^^^^^
  File "C:\Users\monis\OneDrive\Documents\IntelliStream\venv\Lib\site-packages\kafka\future.py", line 165, in __await__
    raise self.exception
kafka.errors.KafkaConnectionError: KafkaConnectionError: socket disconnected
2026-06-19 18:22:43,711 - ERROR - <KafkaTCPTransport [::1:9092<-50682]>: socket disconnected
2026-06-19 18:22:43,711 - ERROR - <KafkaTCPTransport [::1:9092<-50682]>: Abort (KafkaConnectionError: socket disconnected)
2026-06-19 18:22:43,718 - ERROR - <KafkaTCPTransport [::1:9092<-50683]>: socket disconnected
2026-06-19 18:22:43,719 - ERROR - <KafkaTCPTransport [::1:9092<-50683]>: Abort (KafkaConnectionError: socket disconnected)
2026-06-19 18:22:43,729 - ERROR - <KafkaTCPTransport [::1:9092<-50684]>: socket disconnected
2026-06-19 18:22:43,729 - ERROR - <KafkaTCPTransport [::1:9092<-50684]>: Abort (KafkaConnectionError: socket disconnected)
2026-06-19 18:22:43,736 - ERROR - <KafkaTCPTransport [::1:9092<-50685]>: socket disconnected
2026-06-19 18:22:43,737 - ERROR - <KafkaTCPTransport [::1:9092<-50685]>: Abort (KafkaConnectionError: socket disconnected)
2026-06-19 18:22:43,744 - ERROR - <KafkaTCPTransport [::1:9092<-50686]>: socket disconnected
2026-06-19 18:22:43,744 - ERROR - <KafkaTCPTransport [::1:9092<-50686]>: Abort (KafkaConnectionError: socket disconnected)
2026-06-19 18:22:43,753 - ERROR - <KafkaTCPTransport [::1:9092<-50687]>: socket disconnected
2026-06-19 18:22:43,753 - ERROR - <KafkaTCPTransport [::1:9092<-50687]>: Abort (KafkaConnectionError: socket disconnected)
2026-06-19 18:22:43,761 - ERROR - <KafkaTCPTransport [::1:9092<-50688]>: socket disconnected
2026-06-19 18:22:43,761 - ERROR - <KafkaTCPTransport [::1:9092<-50688]>: Abort (KafkaConnectionError: socket disconnected)
2026-06-19 18:22:43,773 - ERROR - <KafkaTCPTransport [::1:9092<-50689]>: socket disconnected
2026-06-19 18:22:43,773 - ERROR - <KafkaTCPTransport [::1:9092<-50689]>: Abort (KafkaConnectionError: socket disconnected)
2026-06-19 18:22:43,791 - ERROR - <KafkaTCPTransport [::1:9092<-50690]>: Error receiving network data closing socket
Traceback (most recent call last):
  File "C:\Users\monis\OneDrive\Documents\IntelliStream\venv\Lib\site-packages\kafka\net\transport.py", line 107, in _sock_recv
    data = self._sock.recv(4096)
ConnectionAbortedError: [WinError 10053] An established connection was aborted by the software in your host machine
2026-06-19 18:22:43,792 - ERROR - <KafkaTCPTransport [::1:9092<-50690]>: Abort (KafkaConnectionError: [WinError 10053] An established connection was aborted by the software in your host machine)
2026-06-19 18:22:43,798 - INFO - Metadata refresh (node_id=1)
2026-06-19 18:22:43,800 - ERROR - <KafkaTCPTransport [::1:9092<-50691]>: socket disconnected
2026-06-19 18:22:43,800 - ERROR - <KafkaTCPTransport [::1:9092<-50691]>: Abort (KafkaConnectionError: socket disconnected)
2026-06-19 18:22:43,801 - ERROR - Metadata refresh: failed KafkaConnectionError: socket disconnected
2026-06-19 18:22:43,802 - ERROR - KafkaConnectionError: socket disconnected
Traceback (most recent call last):
  File "C:\Users\monis\OneDrive\Documents\IntelliStream\venv\Lib\site-packages\kafka\cluster.py", line 127, in _refresh_loop
    await self.refresh_metadata()
  File "C:\Users\monis\OneDrive\Documents\IntelliStream\venv\Lib\site-packages\kafka\cluster.py", line 156, in refresh_metadata
    await self._do_refresh_metadata(node_id)
  File "C:\Users\monis\OneDrive\Documents\IntelliStream\venv\Lib\site-packages\kafka\cluster.py", line 175, in _do_refresh_metadata
    response = await self._manager.send(request, node_id)
               ^^^^^^^^^^^^^^^^^^^^^^^^^^^^^^^^^^^^^^^^^^
  File "C:\Users\monis\OneDrive\Documents\IntelliStream\venv\Lib\site-packages\kafka\future.py", line 165, in __await__
    raise self.exception
kafka.errors.KafkaConnectionError: KafkaConnectionError: socket disconnected
2026-06-19 18:22:43,810 - ERROR - <KafkaTCPTransport [::1:9092<-50692]>: socket disconnected
2026-06-19 18:22:43,811 - ERROR - <KafkaTCPTransport [::1:9092<-50692]>: Abort (KafkaConnectionError: socket disconnected)
2026-06-19 18:22:43,818 - ERROR - <KafkaTCPTransport [::1:9092<-50693]>: socket disconnected
2026-06-19 18:22:43,818 - ERROR - <KafkaTCPTransport [::1:9092<-50693]>: Abort (KafkaConnectionError: socket disconnected)
2026-06-19 18:22:43,829 - ERROR - <KafkaTCPTransport [::1:9092<-50694]>: socket disconnected
2026-06-19 18:22:43,829 - ERROR - <KafkaTCPTransport [::1:9092<-50694]>: Abort (KafkaConnectionError: socket disconnected)
2026-06-19 18:22:43,835 - ERROR - <KafkaTCPTransport [::1:9092<-50695]>: socket disconnected
2026-06-19 18:22:43,836 - ERROR - <KafkaTCPTransport [::1:9092<-50695]>: Abort (KafkaConnectionError: socket disconnected)
2026-06-19 18:22:43,843 - ERROR - <KafkaTCPTransport [::1:9092<-50696]>: socket disconnected
2026-06-19 18:22:43,843 - ERROR - <KafkaTCPTransport [::1:9092<-50696]>: Abort (KafkaConnectionError: socket disconnected)
2026-06-19 18:22:43,849 - ERROR - <KafkaTCPTransport [::1:9092<-50697]>: socket disconnected
2026-06-19 18:22:43,850 - ERROR - <KafkaTCPTransport [::1:9092<-50697]>: Abort (KafkaConnectionError: socket disconnected)
2026-06-19 18:22:43,856 - ERROR - <KafkaTCPTransport [::1:9092<-50698]>: socket disconnected
2026-06-19 18:22:43,856 - ERROR - <KafkaTCPTransport [::1:9092<-50698]>: Abort (KafkaConnectionError: socket disconnected)
2026-06-19 18:22:43,863 - ERROR - <KafkaTCPTransport [::1:9092<-50699]>: socket disconnected
2026-06-19 18:22:43,863 - ERROR - <KafkaTCPTransport [::1:9092<-50699]>: Abort (KafkaConnectionError: socket disconnected)
2026-06-19 18:22:43,870 - ERROR - <KafkaTCPTransport [::1:9092<-50700]>: socket disconnected
2026-06-19 18:22:43,870 - ERROR - <KafkaTCPTransport [::1:9092<-50700]>: Abort (KafkaConnectionError: socket disconnected)
2026-06-19 18:22:43,883 - ERROR - <KafkaTCPTransport [::1:9092<-50701]>: socket disconnected
2026-06-19 18:22:43,883 - ERROR - <KafkaTCPTransport [::1:9092<-50701]>: Abort (KafkaConnectionError: socket disconnected)
2026-06-19 18:22:43,889 - ERROR - <KafkaTCPTransport [::1:9092<-50702]>: socket disconnected
2026-06-19 18:22:43,890 - ERROR - <KafkaTCPTransport [::1:9092<-50702]>: Abort (KafkaConnectionError: socket disconnected)
2026-06-19 18:22:43,902 - INFO - Metadata refresh (node_id=1)
2026-06-19 18:22:43,904 - ERROR - <KafkaTCPTransport [::1:9092<-50703]>: socket disconnected
2026-06-19 18:22:43,904 - ERROR - <KafkaTCPTransport [::1:9092<-50703]>: Abort (KafkaConnectionError: socket disconnected)
2026-06-19 18:22:43,905 - ERROR - Metadata refresh: failed KafkaConnectionError: socket disconnected
2026-06-19 18:22:43,905 - ERROR - KafkaConnectionError: socket disconnected
Traceback (most recent call last):
  File "C:\Users\monis\OneDrive\Documents\IntelliStream\venv\Lib\site-packages\kafka\cluster.py", line 127, in _refresh_loop
    await self.refresh_metadata()
  File "C:\Users\monis\OneDrive\Documents\IntelliStream\venv\Lib\site-packages\kafka\cluster.py", line 156, in refresh_metadata
    await self._do_refresh_metadata(node_id)
  File "C:\Users\monis\OneDrive\Documents\IntelliStream\venv\Lib\site-packages\kafka\cluster.py", line 175, in _do_refresh_metadata
    response = await self._manager.send(request, node_id)
               ^^^^^^^^^^^^^^^^^^^^^^^^^^^^^^^^^^^^^^^^^^
  File "C:\Users\monis\OneDrive\Documents\IntelliStream\venv\Lib\site-packages\kafka\future.py", line 165, in __await__
    raise self.exception
kafka.errors.KafkaConnectionError: KafkaConnectionError: socket disconnected
2026-06-19 18:22:43,912 - ERROR - <KafkaTCPTransport [::1:9092<-50704]>: socket disconnected
2026-06-19 18:22:43,912 - ERROR - <KafkaTCPTransport [::1:9092<-50704]>: Abort (KafkaConnectionError: socket disconnected)
2026-06-19 18:22:43,922 - ERROR - <KafkaTCPTransport [::1:9092<-50705]>: socket disconnected
2026-06-19 18:22:43,922 - ERROR - <KafkaTCPTransport [::1:9092<-50705]>: Abort (KafkaConnectionError: socket disconnected)
2026-06-19 18:22:43,929 - ERROR - <KafkaTCPTransport [::1:9092<-50706]>: socket disconnected
2026-06-19 18:22:43,929 - ERROR - <KafkaTCPTransport [::1:9092<-50706]>: Abort (KafkaConnectionError: socket disconnected)
2026-06-19 18:22:43,940 - ERROR - <KafkaTCPTransport [::1:9092<-50707]>: socket disconnected
2026-06-19 18:22:43,941 - ERROR - <KafkaTCPTransport [::1:9092<-50707]>: Abort (KafkaConnectionError: socket disconnected)
2026-06-19 18:22:43,946 - ERROR - <KafkaTCPTransport [::1:9092<-50708]>: socket disconnected
2026-06-19 18:22:43,946 - ERROR - <KafkaTCPTransport [::1:9092<-50708]>: Abort (KafkaConnectionError: socket disconnected)
2026-06-19 18:22:43,959 - ERROR - <KafkaTCPTransport [::1:9092<-50709]>: socket disconnected
2026-06-19 18:22:43,959 - ERROR - <KafkaTCPTransport [::1:9092<-50709]>: Abort (KafkaConnectionError: socket disconnected)
2026-06-19 18:22:43,965 - ERROR - <KafkaTCPTransport [::1:9092<-50710]>: socket disconnected
2026-06-19 18:22:43,966 - ERROR - <KafkaTCPTransport [::1:9092<-50710]>: Abort (KafkaConnectionError: socket disconnected)
2026-06-19 18:22:43,972 - ERROR - <KafkaTCPTransport [::1:9092<-50711]>: socket disconnected
2026-06-19 18:22:43,972 - ERROR - <KafkaTCPTransport [::1:9092<-50711]>: Abort (KafkaConnectionError: socket disconnected)
2026-06-19 18:22:43,979 - ERROR - <KafkaTCPTransport [::1:9092<-50712]>: socket disconnected
2026-06-19 18:22:43,979 - ERROR - <KafkaTCPTransport [::1:9092<-50712]>: Abort (KafkaConnectionError: socket disconnected)
2026-06-19 18:22:43,998 - ERROR - <KafkaTCPTransport [::1:9092<-50713]>: socket disconnected
2026-06-19 18:22:43,999 - ERROR - <KafkaTCPTransport [::1:9092<-50713]>: Abort (KafkaConnectionError: socket disconnected)
2026-06-19 18:22:44,004 - ERROR - <KafkaTCPTransport [::1:9092<-50714]>: socket disconnected
2026-06-19 18:22:44,005 - ERROR - <KafkaTCPTransport [::1:9092<-50714]>: Abort (KafkaConnectionError: socket disconnected)
2026-06-19 18:22:44,008 - INFO - Metadata refresh (node_id=1)
2026-06-19 18:22:44,012 - ERROR - <KafkaTCPTransport [::1:9092<-50715]>: socket disconnected
2026-06-19 18:22:44,012 - ERROR - <KafkaTCPTransport [::1:9092<-50715]>: Abort (KafkaConnectionError: socket disconnected)
2026-06-19 18:22:44,013 - ERROR - Metadata refresh: failed KafkaConnectionError: socket disconnected
2026-06-19 18:22:44,013 - ERROR - KafkaConnectionError: socket disconnected
Traceback (most recent call last):
  File "C:\Users\monis\OneDrive\Documents\IntelliStream\venv\Lib\site-packages\kafka\cluster.py", line 127, in _refresh_loop
    await self.refresh_metadata()
  File "C:\Users\monis\OneDrive\Documents\IntelliStream\venv\Lib\site-packages\kafka\cluster.py", line 156, in refresh_metadata
    await self._do_refresh_metadata(node_id)
  File "C:\Users\monis\OneDrive\Documents\IntelliStream\venv\Lib\site-packages\kafka\cluster.py", line 175, in _do_refresh_metadata
    response = await self._manager.send(request, node_id)
               ^^^^^^^^^^^^^^^^^^^^^^^^^^^^^^^^^^^^^^^^^^
  File "C:\Users\monis\OneDrive\Documents\IntelliStream\venv\Lib\site-packages\kafka\future.py", line 165, in __await__
    raise self.exception
kafka.errors.KafkaConnectionError: KafkaConnectionError: socket disconnected
2026-06-19 18:22:44,028 - ERROR - <KafkaTCPTransport [::1:9092<-50716]>: socket disconnected
2026-06-19 18:22:44,028 - ERROR - <KafkaTCPTransport [::1:9092<-50716]>: Abort (KafkaConnectionError: socket disconnected)
2026-06-19 18:22:44,039 - ERROR - <KafkaTCPTransport [::1:9092<-50717]>: socket disconnected
2026-06-19 18:22:44,039 - ERROR - <KafkaTCPTransport [::1:9092<-50717]>: Abort (KafkaConnectionError: socket disconnected)
2026-06-19 18:22:44,045 - ERROR - <KafkaTCPTransport [::1:9092<-50718]>: socket disconnected
2026-06-19 18:22:44,045 - ERROR - <KafkaTCPTransport [::1:9092<-50718]>: Abort (KafkaConnectionError: socket disconnected)
2026-06-19 18:22:44,051 - ERROR - <KafkaTCPTransport [::1:9092<-50719]>: socket disconnected
2026-06-19 18:22:44,051 - ERROR - <KafkaTCPTransport [::1:9092<-50719]>: Abort (KafkaConnectionError: socket disconnected)
2026-06-19 18:22:44,059 - ERROR - <KafkaTCPTransport [::1:9092<-50720]>: socket disconnected
2026-06-19 18:22:44,059 - ERROR - <KafkaTCPTransport [::1:9092<-50720]>: Abort (KafkaConnectionError: socket disconnected)
2026-06-19 18:22:44,065 - ERROR - <KafkaTCPTransport [::1:9092<-50721]>: socket disconnected
2026-06-19 18:22:44,065 - ERROR - <KafkaTCPTransport [::1:9092<-50721]>: Abort (KafkaConnectionError: socket disconnected)
2026-06-19 18:22:44,078 - ERROR - <KafkaTCPTransport [::1:9092<-50722]>: socket disconnected
2026-06-19 18:22:44,078 - ERROR - <KafkaTCPTransport [::1:9092<-50722]>: Abort (KafkaConnectionError: socket disconnected)
2026-06-19 18:22:44,084 - ERROR - <KafkaTCPTransport [::1:9092<-50723]>: socket disconnected
2026-06-19 18:22:44,084 - ERROR - <KafkaTCPTransport [::1:9092<-50723]>: Abort (KafkaConnectionError: socket disconnected)
2026-06-19 18:22:44,090 - ERROR - <KafkaTCPTransport [::1:9092<-50724]>: socket disconnected
2026-06-19 18:22:44,090 - ERROR - <KafkaTCPTransport [::1:9092<-50724]>: Abort (KafkaConnectionError: socket disconnected)
2026-06-19 18:22:44,095 - ERROR - <KafkaTCPTransport [::1:9092<-50725]>: socket disconnected
2026-06-19 18:22:44,096 - ERROR - <KafkaTCPTransport [::1:9092<-50725]>: Abort (KafkaConnectionError: socket disconnected)
2026-06-19 18:22:44,102 - ERROR - <KafkaTCPTransport [::1:9092<-50726]>: socket disconnected
2026-06-19 18:22:44,102 - ERROR - <KafkaTCPTransport [::1:9092<-50726]>: Abort (KafkaConnectionError: socket disconnected)
2026-06-19 18:22:44,109 - ERROR - <KafkaTCPTransport [::1:9092<-50727]>: socket disconnected
2026-06-19 18:22:44,109 - ERROR - <KafkaTCPTransport [::1:9092<-50727]>: Abort (KafkaConnectionError: socket disconnected)
2026-06-19 18:22:44,114 - INFO - Metadata refresh (node_id=1)
2026-06-19 18:22:44,115 - ERROR - <KafkaTCPTransport [::1:9092<-50728]>: socket disconnected
2026-06-19 18:22:44,115 - ERROR - <KafkaTCPTransport [::1:9092<-50728]>: Abort (KafkaConnectionError: socket disconnected)
2026-06-19 18:22:44,116 - ERROR - Metadata refresh: failed KafkaConnectionError: socket disconnected
2026-06-19 18:22:44,116 - ERROR - KafkaConnectionError: socket disconnected
Traceback (most recent call last):
  File "C:\Users\monis\OneDrive\Documents\IntelliStream\venv\Lib\site-packages\kafka\cluster.py", line 127, in _refresh_loop
    await self.refresh_metadata()
  File "C:\Users\monis\OneDrive\Documents\IntelliStream\venv\Lib\site-packages\kafka\cluster.py", line 156, in refresh_metadata
    await self._do_refresh_metadata(node_id)
  File "C:\Users\monis\OneDrive\Documents\IntelliStream\venv\Lib\site-packages\kafka\cluster.py", line 175, in _do_refresh_metadata
    response = await self._manager.send(request, node_id)
               ^^^^^^^^^^^^^^^^^^^^^^^^^^^^^^^^^^^^^^^^^^
  File "C:\Users\monis\OneDrive\Documents\IntelliStream\venv\Lib\site-packages\kafka\future.py", line 165, in __await__
    raise self.exception
kafka.errors.KafkaConnectionError: KafkaConnectionError: socket disconnected
2026-06-19 18:22:44,123 - ERROR - <KafkaTCPTransport [::1:9092<-50729]>: socket disconnected
2026-06-19 18:22:44,123 - ERROR - <KafkaTCPTransport [::1:9092<-50729]>: Abort (KafkaConnectionError: socket disconnected)
2026-06-19 18:22:44,128 - ERROR - <KafkaTCPTransport [::1:9092<-50730]>: socket disconnected
2026-06-19 18:22:44,129 - ERROR - <KafkaTCPTransport [::1:9092<-50730]>: Abort (KafkaConnectionError: socket disconnected)
2026-06-19 18:22:44,134 - ERROR - <KafkaTCPTransport [::1:9092<-50731]>: socket disconnected
2026-06-19 18:22:44,134 - ERROR - <KafkaTCPTransport [::1:9092<-50731]>: Abort (KafkaConnectionError: socket disconnected)
2026-06-19 18:22:44,140 - ERROR - <KafkaTCPTransport [::1:9092<-50732]>: socket disconnected
2026-06-19 18:22:44,140 - ERROR - <KafkaTCPTransport [::1:9092<-50732]>: Abort (KafkaConnectionError: socket disconnected)
2026-06-19 18:22:44,146 - ERROR - <KafkaTCPTransport [::1:9092<-50733]>: socket disconnected
2026-06-19 18:22:44,146 - ERROR - <KafkaTCPTransport [::1:9092<-50733]>: Abort (KafkaConnectionError: socket disconnected)
2026-06-19 18:22:44,152 - ERROR - <KafkaTCPTransport [::1:9092<-50734]>: socket disconnected
2026-06-19 18:22:44,152 - ERROR - <KafkaTCPTransport [::1:9092<-50734]>: Abort (KafkaConnectionError: socket disconnected)
2026-06-19 18:22:44,166 - ERROR - <KafkaTCPTransport [::1:9092<-50735]>: socket disconnected
2026-06-19 18:22:44,166 - ERROR - <KafkaTCPTransport [::1:9092<-50735]>: Abort (KafkaConnectionError: socket disconnected)
2026-06-19 18:22:44,171 - ERROR - <KafkaTCPTransport [::1:9092<-50736]>: socket disconnected
2026-06-19 18:22:44,172 - ERROR - <KafkaTCPTransport [::1:9092<-50736]>: Abort (KafkaConnectionError: socket disconnected)
2026-06-19 18:22:44,186 - ERROR - <KafkaTCPTransport [::1:9092<-50737]>: socket disconnected
2026-06-19 18:22:44,186 - ERROR - <KafkaTCPTransport [::1:9092<-50737]>: Abort (KafkaConnectionError: socket disconnected)
2026-06-19 18:22:44,192 - ERROR - <KafkaTCPTransport [::1:9092<-50738]>: socket disconnected
2026-06-19 18:22:44,193 - ERROR - <KafkaTCPTransport [::1:9092<-50738]>: Abort (KafkaConnectionError: socket disconnected)
2026-06-19 18:22:44,206 - ERROR - <KafkaTCPTransport [::1:9092<-50740]>: socket disconnected
2026-06-19 18:22:44,206 - ERROR - <KafkaTCPTransport [::1:9092<-50740]>: Abort (KafkaConnectionError: socket disconnected)
2026-06-19 18:22:44,213 - ERROR - <KafkaTCPTransport [::1:9092<-50741]>: socket disconnected
2026-06-19 18:22:44,214 - ERROR - <KafkaTCPTransport [::1:9092<-50741]>: Abort (KafkaConnectionError: socket disconnected)
2026-06-19 18:22:44,217 - INFO - Metadata refresh (node_id=1)
2026-06-19 18:22:44,221 - ERROR - <KafkaTCPTransport [::1:9092<-50742]>: socket disconnected
2026-06-19 18:22:44,221 - ERROR - <KafkaTCPTransport [::1:9092<-50742]>: Abort (KafkaConnectionError: socket disconnected)
2026-06-19 18:22:44,222 - ERROR - Metadata refresh: failed KafkaConnectionError: socket disconnected
2026-06-19 18:22:44,223 - ERROR - KafkaConnectionError: socket disconnected
Traceback (most recent call last):
  File "C:\Users\monis\OneDrive\Documents\IntelliStream\venv\Lib\site-packages\kafka\cluster.py", line 127, in _refresh_loop
    await self.refresh_metadata()
  File "C:\Users\monis\OneDrive\Documents\IntelliStream\venv\Lib\site-packages\kafka\cluster.py", line 156, in refresh_metadata
    await self._do_refresh_metadata(node_id)
  File "C:\Users\monis\OneDrive\Documents\IntelliStream\venv\Lib\site-packages\kafka\cluster.py", line 175, in _do_refresh_metadata
    response = await self._manager.send(request, node_id)
               ^^^^^^^^^^^^^^^^^^^^^^^^^^^^^^^^^^^^^^^^^^
  File "C:\Users\monis\OneDrive\Documents\IntelliStream\venv\Lib\site-packages\kafka\future.py", line 165, in __await__
    raise self.exception
kafka.errors.KafkaConnectionError: KafkaConnectionError: socket disconnected
2026-06-19 18:22:44,230 - ERROR - <KafkaTCPTransport [::1:9092<-50743]>: socket disconnected
2026-06-19 18:22:44,230 - ERROR - <KafkaTCPTransport [::1:9092<-50743]>: Abort (KafkaConnectionError: socket disconnected)
2026-06-19 18:22:44,236 - ERROR - <KafkaTCPTransport [::1:9092<-50744]>: socket disconnected
2026-06-19 18:22:44,236 - ERROR - <KafkaTCPTransport [::1:9092<-50744]>: Abort (KafkaConnectionError: socket disconnected)
2026-06-19 18:22:44,243 - ERROR - <KafkaTCPTransport [::1:9092<-50745]>: socket disconnected
2026-06-19 18:22:44,243 - ERROR - <KafkaTCPTransport [::1:9092<-50745]>: Abort (KafkaConnectionError: socket disconnected)
2026-06-19 18:22:44,249 - ERROR - <KafkaTCPTransport [::1:9092<-50746]>: socket disconnected
2026-06-19 18:22:44,249 - ERROR - <KafkaTCPTransport [::1:9092<-50746]>: Abort (KafkaConnectionError: socket disconnected)
2026-06-19 18:22:44,255 - ERROR - <KafkaTCPTransport [::1:9092<-50747]>: socket disconnected
2026-06-19 18:22:44,255 - ERROR - <KafkaTCPTransport [::1:9092<-50747]>: Abort (KafkaConnectionError: socket disconnected)
2026-06-19 18:22:44,262 - ERROR - <KafkaTCPTransport [::1:9092<-50748]>: socket disconnected
2026-06-19 18:22:44,262 - ERROR - <KafkaTCPTransport [::1:9092<-50748]>: Abort (KafkaConnectionError: socket disconnected)
2026-06-19 18:22:44,268 - ERROR - <KafkaTCPTransport [::1:9092<-50749]>: socket disconnected
2026-06-19 18:22:44,268 - ERROR - <KafkaTCPTransport [::1:9092<-50749]>: Abort (KafkaConnectionError: socket disconnected)
2026-06-19 18:22:44,284 - ERROR - <KafkaTCPTransport [::1:9092<-50750]>: socket disconnected
2026-06-19 18:22:44,284 - ERROR - <KafkaTCPTransport [::1:9092<-50750]>: Abort (KafkaConnectionError: socket disconnected)
2026-06-19 18:22:44,290 - ERROR - <KafkaTCPTransport [::1:9092<-50751]>: socket disconnected
2026-06-19 18:22:44,290 - ERROR - <KafkaTCPTransport [::1:9092<-50751]>: Abort (KafkaConnectionError: socket disconnected)
2026-06-19 18:22:44,300 - ERROR - <KafkaTCPTransport [::1:9092<-50752]>: socket disconnected
2026-06-19 18:22:44,300 - ERROR - <KafkaTCPTransport [::1:9092<-50752]>: Abort (KafkaConnectionError: socket disconnected)
2026-06-19 18:22:44,306 - ERROR - <KafkaTCPTransport [::1:9092<-50753]>: socket disconnected
2026-06-19 18:22:44,307 - ERROR - <KafkaTCPTransport [::1:9092<-50753]>: Abort (KafkaConnectionError: socket disconnected)
2026-06-19 18:22:44,312 - ERROR - <KafkaTCPTransport [::1:9092<-50754]>: socket disconnected
2026-06-19 18:22:44,312 - ERROR - <KafkaTCPTransport [::1:9092<-50754]>: Abort (KafkaConnectionError: socket disconnected)
2026-06-19 18:22:44,318 - ERROR - <KafkaTCPTransport [::1:9092<-50755]>: socket disconnected
2026-06-19 18:22:44,318 - ERROR - <KafkaTCPTransport [::1:9092<-50755]>: Abort (KafkaConnectionError: socket disconnected)
2026-06-19 18:22:44,323 - INFO - Metadata refresh (node_id=1)
2026-06-19 18:22:44,325 - ERROR - <KafkaTCPTransport [::1:9092<-50756]>: socket disconnected
2026-06-19 18:22:44,325 - ERROR - <KafkaTCPTransport [::1:9092<-50756]>: Abort (KafkaConnectionError: socket disconnected)
2026-06-19 18:22:44,326 - ERROR - Metadata refresh: failed KafkaConnectionError: socket disconnected
2026-06-19 18:22:44,326 - ERROR - KafkaConnectionError: socket disconnected
Traceback (most recent call last):
  File "C:\Users\monis\OneDrive\Documents\IntelliStream\venv\Lib\site-packages\kafka\cluster.py", line 127, in _refresh_loop
    await self.refresh_metadata()
  File "C:\Users\monis\OneDrive\Documents\IntelliStream\venv\Lib\site-packages\kafka\cluster.py", line 156, in refresh_metadata
    await self._do_refresh_metadata(node_id)
  File "C:\Users\monis\OneDrive\Documents\IntelliStream\venv\Lib\site-packages\kafka\cluster.py", line 175, in _do_refresh_metadata
    response = await self._manager.send(request, node_id)
               ^^^^^^^^^^^^^^^^^^^^^^^^^^^^^^^^^^^^^^^^^^
  File "C:\Users\monis\OneDrive\Documents\IntelliStream\venv\Lib\site-packages\kafka\future.py", line 165, in __await__
    raise self.exception
kafka.errors.KafkaConnectionError: KafkaConnectionError: socket disconnected
2026-06-19 18:22:44,332 - ERROR - <KafkaTCPTransport [::1:9092<-50757]>: socket disconnected
2026-06-19 18:22:44,333 - ERROR - <KafkaTCPTransport [::1:9092<-50757]>: Abort (KafkaConnectionError: socket disconnected)
2026-06-19 18:22:44,343 - ERROR - <KafkaTCPTransport [::1:9092<-50758]>: socket disconnected
2026-06-19 18:22:44,343 - ERROR - <KafkaTCPTransport [::1:9092<-50758]>: Abort (KafkaConnectionError: socket disconnected)
2026-06-19 18:22:44,354 - ERROR - <KafkaTCPTransport [::1:9092<-50759]>: socket disconnected
2026-06-19 18:22:44,355 - ERROR - <KafkaTCPTransport [::1:9092<-50759]>: Abort (KafkaConnectionError: socket disconnected)
2026-06-19 18:22:44,360 - ERROR - <KafkaTCPTransport [::1:9092<-50760]>: socket disconnected
2026-06-19 18:22:44,360 - ERROR - <KafkaTCPTransport [::1:9092<-50760]>: Abort (KafkaConnectionError: socket disconnected)
2026-06-19 18:22:44,366 - ERROR - <KafkaTCPTransport [::1:9092<-50761]>: socket disconnected
2026-06-19 18:22:44,366 - ERROR - <KafkaTCPTransport [::1:9092<-50761]>: Abort (KafkaConnectionError: socket disconnected)
2026-06-19 18:22:44,372 - ERROR - <KafkaTCPTransport [::1:9092<-50762]>: socket disconnected
2026-06-19 18:22:44,372 - ERROR - <KafkaTCPTransport [::1:9092<-50762]>: Abort (KafkaConnectionError: socket disconnected)
2026-06-19 18:22:44,378 - ERROR - <KafkaTCPTransport [::1:9092<-50763]>: socket disconnected
2026-06-19 18:22:44,379 - ERROR - <KafkaTCPTransport [::1:9092<-50763]>: Abort (KafkaConnectionError: socket disconnected)
2026-06-19 18:22:44,384 - ERROR - <KafkaTCPTransport [::1:9092<-50764]>: socket disconnected
2026-06-19 18:22:44,384 - ERROR - <KafkaTCPTransport [::1:9092<-50764]>: Abort (KafkaConnectionError: socket disconnected)
2026-06-19 18:22:44,395 - ERROR - <KafkaTCPTransport [::1:9092<-50765]>: socket disconnected
2026-06-19 18:22:44,395 - ERROR - <KafkaTCPTransport [::1:9092<-50765]>: Abort (KafkaConnectionError: socket disconnected)
2026-06-19 18:22:44,402 - ERROR - <KafkaTCPTransport [::1:9092<-50766]>: socket disconnected
2026-06-19 18:22:44,402 - ERROR - <KafkaTCPTransport [::1:9092<-50766]>: Abort (KafkaConnectionError: socket disconnected)
2026-06-19 18:22:44,426 - ERROR - <KafkaTCPTransport [::1:9092<-50767]>: Error receiving network data closing socket
Traceback (most recent call last):
  File "C:\Users\monis\OneDrive\Documents\IntelliStream\venv\Lib\site-packages\kafka\net\transport.py", line 107, in _sock_recv
    data = self._sock.recv(4096)
ConnectionAbortedError: [WinError 10053] An established connection was aborted by the software in your host machine
2026-06-19 18:22:44,426 - ERROR - <KafkaTCPTransport [::1:9092<-50767]>: Abort (KafkaConnectionError: [WinError 10053] An established connection was aborted by the software in your host machine)
2026-06-19 18:22:44,429 - INFO - Metadata refresh (node_id=1)
2026-06-19 18:22:44,432 - ERROR - <KafkaTCPTransport [::1:9092<-50768]>: socket disconnected
2026-06-19 18:22:44,433 - ERROR - <KafkaTCPTransport [::1:9092<-50768]>: Abort (KafkaConnectionError: socket disconnected)
2026-06-19 18:22:44,434 - ERROR - Metadata refresh: failed KafkaConnectionError: socket disconnected
2026-06-19 18:22:44,434 - ERROR - KafkaConnectionError: socket disconnected
Traceback (most recent call last):
  File "C:\Users\monis\OneDrive\Documents\IntelliStream\venv\Lib\site-packages\kafka\cluster.py", line 127, in _refresh_loop
    await self.refresh_metadata()
  File "C:\Users\monis\OneDrive\Documents\IntelliStream\venv\Lib\site-packages\kafka\cluster.py", line 156, in refresh_metadata
    await self._do_refresh_metadata(node_id)
  File "C:\Users\monis\OneDrive\Documents\IntelliStream\venv\Lib\site-packages\kafka\cluster.py", line 175, in _do_refresh_metadata
    response = await self._manager.send(request, node_id)
               ^^^^^^^^^^^^^^^^^^^^^^^^^^^^^^^^^^^^^^^^^^
  File "C:\Users\monis\OneDrive\Documents\IntelliStream\venv\Lib\site-packages\kafka\future.py", line 165, in __await__
    raise self.exception
kafka.errors.KafkaConnectionError: KafkaConnectionError: socket disconnected
2026-06-19 18:22:44,440 - ERROR - <KafkaTCPTransport [::1:9092<-50769]>: socket disconnected
2026-06-19 18:22:44,440 - ERROR - <KafkaTCPTransport [::1:9092<-50769]>: Abort (KafkaConnectionError: socket disconnected)
2026-06-19 18:22:44,451 - ERROR - <KafkaTCPTransport [::1:9092<-50770]>: socket disconnected
2026-06-19 18:22:44,452 - ERROR - <KafkaTCPTransport [::1:9092<-50770]>: Abort (KafkaConnectionError: socket disconnected)
2026-06-19 18:22:44,457 - ERROR - <KafkaTCPTransport [::1:9092<-50771]>: socket disconnected
2026-06-19 18:22:44,458 - ERROR - <KafkaTCPTransport [::1:9092<-50771]>: Abort (KafkaConnectionError: socket disconnected)
2026-06-19 18:22:44,463 - ERROR - <KafkaTCPTransport [::1:9092<-50772]>: socket disconnected
2026-06-19 18:22:44,464 - ERROR - <KafkaTCPTransport [::1:9092<-50772]>: Abort (KafkaConnectionError: socket disconnected)
2026-06-19 18:22:44,473 - ERROR - <KafkaTCPTransport [::1:9092<-50773]>: socket disconnected
2026-06-19 18:22:44,473 - ERROR - <KafkaTCPTransport [::1:9092<-50773]>: Abort (KafkaConnectionError: socket disconnected)
2026-06-19 18:22:44,479 - ERROR - <KafkaTCPTransport [::1:9092<-50774]>: socket disconnected
2026-06-19 18:22:44,479 - ERROR - <KafkaTCPTransport [::1:9092<-50774]>: Abort (KafkaConnectionError: socket disconnected)
2026-06-19 18:22:44,496 - ERROR - <KafkaTCPTransport [::1:9092<-50775]>: socket disconnected
2026-06-19 18:22:44,496 - ERROR - <KafkaTCPTransport [::1:9092<-50775]>: Abort (KafkaConnectionError: socket disconnected)
2026-06-19 18:22:44,501 - ERROR - <KafkaTCPTransport [::1:9092<-50776]>: socket disconnected
2026-06-19 18:22:44,501 - ERROR - <KafkaTCPTransport [::1:9092<-50776]>: Abort (KafkaConnectionError: socket disconnected)
2026-06-19 18:22:44,519 - ERROR - <KafkaTCPTransport [::1:9092<-50777]>: Error receiving network data closing socket
Traceback (most recent call last):
  File "C:\Users\monis\OneDrive\Documents\IntelliStream\venv\Lib\site-packages\kafka\net\transport.py", line 107, in _sock_recv
    data = self._sock.recv(4096)
ConnectionAbortedError: [WinError 10053] An established connection was aborted by the software in your host machine
2026-06-19 18:22:44,519 - ERROR - <KafkaTCPTransport [::1:9092<-50777]>: Abort (KafkaConnectionError: [WinError 10053] An established connection was aborted by the software in your host machine)
2026-06-19 18:22:44,525 - ERROR - <KafkaTCPTransport [::1:9092<-50778]>: socket disconnected
2026-06-19 18:22:44,525 - ERROR - <KafkaTCPTransport [::1:9092<-50778]>: Abort (KafkaConnectionError: socket disconnected)
2026-06-19 18:22:44,531 - ERROR - <KafkaTCPTransport [::1:9092<-50779]>: socket disconnected
2026-06-19 18:22:44,531 - ERROR - <KafkaTCPTransport [::1:9092<-50779]>: Abort (KafkaConnectionError: socket disconnected)
2026-06-19 18:22:44,534 - INFO - Metadata refresh (node_id=1)
2026-06-19 18:22:44,542 - ERROR - <KafkaTCPTransport [::1:9092<-50780]>: socket disconnected
2026-06-19 18:22:44,542 - ERROR - <KafkaTCPTransport [::1:9092<-50780]>: Abort (KafkaConnectionError: socket disconnected)
2026-06-19 18:22:44,543 - ERROR - Metadata refresh: failed KafkaConnectionError: socket disconnected
2026-06-19 18:22:44,543 - ERROR - KafkaConnectionError: socket disconnected
Traceback (most recent call last):
  File "C:\Users\monis\OneDrive\Documents\IntelliStream\venv\Lib\site-packages\kafka\cluster.py", line 127, in _refresh_loop
    await self.refresh_metadata()
  File "C:\Users\monis\OneDrive\Documents\IntelliStream\venv\Lib\site-packages\kafka\cluster.py", line 156, in refresh_metadata
    await self._do_refresh_metadata(node_id)
  File "C:\Users\monis\OneDrive\Documents\IntelliStream\venv\Lib\site-packages\kafka\cluster.py", line 175, in _do_refresh_metadata
    response = await self._manager.send(request, node_id)
               ^^^^^^^^^^^^^^^^^^^^^^^^^^^^^^^^^^^^^^^^^^
  File "C:\Users\monis\OneDrive\Documents\IntelliStream\venv\Lib\site-packages\kafka\future.py", line 165, in __await__
    raise self.exception
kafka.errors.KafkaConnectionError: KafkaConnectionError: socket disconnected
2026-06-19 18:22:44,549 - ERROR - <KafkaTCPTransport [::1:9092<-50781]>: socket disconnected
2026-06-19 18:22:44,549 - ERROR - <KafkaTCPTransport [::1:9092<-50781]>: Abort (KafkaConnectionError: socket disconnected)
2026-06-19 18:22:44,554 - ERROR - <KafkaTCPTransport [::1:9092<-50782]>: socket disconnected
2026-06-19 18:22:44,554 - ERROR - <KafkaTCPTransport [::1:9092<-50782]>: Abort (KafkaConnectionError: socket disconnected)
2026-06-19 18:22:44,560 - ERROR - <KafkaTCPTransport [::1:9092<-50783]>: socket disconnected
2026-06-19 18:22:44,560 - ERROR - <KafkaTCPTransport [::1:9092<-50783]>: Abort (KafkaConnectionError: socket disconnected)
2026-06-19 18:22:44,566 - ERROR - <KafkaTCPTransport [::1:9092<-50784]>: socket disconnected
2026-06-19 18:22:44,566 - ERROR - <KafkaTCPTransport [::1:9092<-50784]>: Abort (KafkaConnectionError: socket disconnected)
2026-06-19 18:22:44,579 - ERROR - <KafkaTCPTransport [::1:9092<-50785]>: socket disconnected
2026-06-19 18:22:44,579 - ERROR - <KafkaTCPTransport [::1:9092<-50785]>: Abort (KafkaConnectionError: socket disconnected)
2026-06-19 18:22:44,595 - ERROR - <KafkaTCPTransport [::1:9092<-50786]>: Error receiving network data closing socket
Traceback (most recent call last):
  File "C:\Users\monis\OneDrive\Documents\IntelliStream\venv\Lib\site-packages\kafka\net\transport.py", line 107, in _sock_recv
    data = self._sock.recv(4096)
ConnectionAbortedError: [WinError 10053] An established connection was aborted by the software in your host machine
2026-06-19 18:22:44,596 - ERROR - <KafkaTCPTransport [::1:9092<-50786]>: Abort (KafkaConnectionError: [WinError 10053] An established connection was aborted by the software in your host machine)
2026-06-19 18:22:44,602 - ERROR - <KafkaTCPTransport [::1:9092<-50787]>: socket disconnected
2026-06-19 18:22:44,602 - ERROR - <KafkaTCPTransport [::1:9092<-50787]>: Abort (KafkaConnectionError: socket disconnected)
2026-06-19 18:22:44,608 - ERROR - <KafkaTCPTransport [::1:9092<-50788]>: socket disconnected
2026-06-19 18:22:44,608 - ERROR - <KafkaTCPTransport [::1:9092<-50788]>: Abort (KafkaConnectionError: socket disconnected)
2026-06-19 18:22:44,615 - ERROR - <KafkaTCPTransport [::1:9092<-50789]>: socket disconnected
2026-06-19 18:22:44,615 - ERROR - <KafkaTCPTransport [::1:9092<-50789]>: Abort (KafkaConnectionError: socket disconnected)
2026-06-19 18:22:44,623 - ERROR - <KafkaTCPTransport [::1:9092<-50790]>: socket disconnected
2026-06-19 18:22:44,624 - ERROR - <KafkaTCPTransport [::1:9092<-50790]>: Abort (KafkaConnectionError: socket disconnected)
2026-06-19 18:22:44,629 - ERROR - <KafkaTCPTransport [::1:9092<-50791]>: socket disconnected
2026-06-19 18:22:44,629 - ERROR - <KafkaTCPTransport [::1:9092<-50791]>: Abort (KafkaConnectionError: socket disconnected)
2026-06-19 18:22:44,635 - ERROR - <KafkaTCPTransport [::1:9092<-50792]>: socket disconnected
2026-06-19 18:22:44,635 - ERROR - <KafkaTCPTransport [::1:9092<-50792]>: Abort (KafkaConnectionError: socket disconnected)
2026-06-19 18:22:44,641 - ERROR - <KafkaTCPTransport [::1:9092<-50793]>: socket disconnected
2026-06-19 18:22:44,641 - ERROR - <KafkaTCPTransport [::1:9092<-50793]>: Abort (KafkaConnectionError: socket disconnected)
2026-06-19 18:22:44,644 - INFO - Metadata refresh (node_id=1)
2026-06-19 18:22:44,646 - ERROR - <KafkaTCPTransport [::1:9092<-50794]>: socket disconnected
2026-06-19 18:22:44,647 - ERROR - <KafkaTCPTransport [::1:9092<-50794]>: Abort (KafkaConnectionError: socket disconnected)
2026-06-19 18:22:44,647 - ERROR - Metadata refresh: failed KafkaConnectionError: socket disconnected
2026-06-19 18:22:44,648 - ERROR - KafkaConnectionError: socket disconnected
Traceback (most recent call last):
  File "C:\Users\monis\OneDrive\Documents\IntelliStream\venv\Lib\site-packages\kafka\cluster.py", line 127, in _refresh_loop
    await self.refresh_metadata()
  File "C:\Users\monis\OneDrive\Documents\IntelliStream\venv\Lib\site-packages\kafka\cluster.py", line 156, in refresh_metadata
    await self._do_refresh_metadata(node_id)
  File "C:\Users\monis\OneDrive\Documents\IntelliStream\venv\Lib\site-packages\kafka\cluster.py", line 175, in _do_refresh_metadata
    response = await self._manager.send(request, node_id)
               ^^^^^^^^^^^^^^^^^^^^^^^^^^^^^^^^^^^^^^^^^^
  File "C:\Users\monis\OneDrive\Documents\IntelliStream\venv\Lib\site-packages\kafka\future.py", line 165, in __await__
    raise self.exception
kafka.errors.KafkaConnectionError: KafkaConnectionError: socket disconnected
2026-06-19 18:22:44,654 - ERROR - <KafkaTCPTransport [::1:9092<-50795]>: socket disconnected
2026-06-19 18:22:44,654 - ERROR - <KafkaTCPTransport [::1:9092<-50795]>: Abort (KafkaConnectionError: socket disconnected)
2026-06-19 18:22:44,660 - ERROR - <KafkaTCPTransport [::1:9092<-50796]>: socket disconnected
2026-06-19 18:22:44,660 - ERROR - <KafkaTCPTransport [::1:9092<-50796]>: Abort (KafkaConnectionError: socket disconnected)
2026-06-19 18:22:44,666 - ERROR - <KafkaTCPTransport [::1:9092<-50797]>: socket disconnected
2026-06-19 18:22:44,666 - ERROR - <KafkaTCPTransport [::1:9092<-50797]>: Abort (KafkaConnectionError: socket disconnected)
2026-06-19 18:22:44,671 - ERROR - <KafkaTCPTransport [::1:9092<-50798]>: socket disconnected
2026-06-19 18:22:44,671 - ERROR - <KafkaTCPTransport [::1:9092<-50798]>: Abort (KafkaConnectionError: socket disconnected)
2026-06-19 18:22:44,677 - ERROR - <KafkaTCPTransport [::1:9092<-50799]>: socket disconnected
2026-06-19 18:22:44,677 - ERROR - <KafkaTCPTransport [::1:9092<-50799]>: Abort (KafkaConnectionError: socket disconnected)
2026-06-19 18:22:44,683 - ERROR - <KafkaTCPTransport [::1:9092<-50800]>: socket disconnected
2026-06-19 18:22:44,683 - ERROR - <KafkaTCPTransport [::1:9092<-50800]>: Abort (KafkaConnectionError: socket disconnected)
2026-06-19 18:22:44,748 - INFO - Metadata refresh (node_id=1)
2026-06-19 18:22:44,767 - ERROR - <KafkaTCPTransport [::1:9092<-50801]>: socket disconnected
2026-06-19 18:22:44,767 - ERROR - <KafkaTCPTransport [::1:9092<-50801]>: Abort (KafkaConnectionError: socket disconnected)
2026-06-19 18:22:44,768 - ERROR - Metadata refresh: failed KafkaConnectionError: socket disconnected
2026-06-19 18:22:44,768 - ERROR - KafkaConnectionError: socket disconnected
Traceback (most recent call last):
  File "C:\Users\monis\OneDrive\Documents\IntelliStream\venv\Lib\site-packages\kafka\cluster.py", line 127, in _refresh_loop
    await self.refresh_metadata()
  File "C:\Users\monis\OneDrive\Documents\IntelliStream\venv\Lib\site-packages\kafka\cluster.py", line 156, in refresh_metadata
    await self._do_refresh_metadata(node_id)
  File "C:\Users\monis\OneDrive\Documents\IntelliStream\venv\Lib\site-packages\kafka\cluster.py", line 175, in _do_refresh_metadata
    response = await self._manager.send(request, node_id)
               ^^^^^^^^^^^^^^^^^^^^^^^^^^^^^^^^^^^^^^^^^^
  File "C:\Users\monis\OneDrive\Documents\IntelliStream\venv\Lib\site-packages\kafka\future.py", line 165, in __await__
    raise self.exception
kafka.errors.KafkaConnectionError: KafkaConnectionError: socket disconnected
2026-06-19 18:22:44,777 - ERROR - <KafkaTCPTransport [::1:9092<-50802]>: socket disconnected
2026-06-19 18:22:44,777 - ERROR - <KafkaTCPTransport [::1:9092<-50802]>: Abort (KafkaConnectionError: socket disconnected)
2026-06-19 18:22:44,783 - ERROR - <KafkaTCPTransport [::1:9092<-50803]>: socket disconnected
2026-06-19 18:22:44,783 - ERROR - <KafkaTCPTransport [::1:9092<-50803]>: Abort (KafkaConnectionError: socket disconnected)
2026-06-19 18:22:44,789 - ERROR - <KafkaTCPTransport [::1:9092<-50804]>: socket disconnected
2026-06-19 18:22:44,789 - ERROR - <KafkaTCPTransport [::1:9092<-50804]>: Abort (KafkaConnectionError: socket disconnected)
2026-06-19 18:22:44,795 - ERROR - <KafkaTCPTransport [::1:9092<-50805]>: socket disconnected
2026-06-19 18:22:44,795 - ERROR - <KafkaTCPTransport [::1:9092<-50805]>: Abort (KafkaConnectionError: socket disconnected)
2026-06-19 18:22:44,801 - ERROR - <KafkaTCPTransport [::1:9092<-50806]>: socket disconnected
2026-06-19 18:22:44,801 - ERROR - <KafkaTCPTransport [::1:9092<-50806]>: Abort (KafkaConnectionError: socket disconnected)
2026-06-19 18:22:44,807 - ERROR - <KafkaTCPTransport [::1:9092<-50807]>: socket disconnected
2026-06-19 18:22:44,807 - ERROR - <KafkaTCPTransport [::1:9092<-50807]>: Abort (KafkaConnectionError: socket disconnected)
2026-06-19 18:22:44,813 - ERROR - <KafkaTCPTransport [::1:9092<-50808]>: socket disconnected
2026-06-19 18:22:44,813 - ERROR - <KafkaTCPTransport [::1:9092<-50808]>: Abort (KafkaConnectionError: socket disconnected)
2026-06-19 18:22:44,826 - ERROR - <KafkaTCPTransport [::1:9092<-50809]>: Error receiving network data closing socket
Traceback (most recent call last):
  File "C:\Users\monis\OneDrive\Documents\IntelliStream\venv\Lib\site-packages\kafka\net\transport.py", line 107, in _sock_recv
    data = self._sock.recv(4096)
ConnectionAbortedError: [WinError 10053] An established connection was aborted by the software in your host machine
2026-06-19 18:22:44,827 - ERROR - <KafkaTCPTransport [::1:9092<-50809]>: Abort (KafkaConnectionError: [WinError 10053] An established connection was aborted by the software in your host machine)
2026-06-19 18:22:44,833 - ERROR - <KafkaTCPTransport [::1:9092<-50810]>: socket disconnected
2026-06-19 18:22:44,833 - ERROR - <KafkaTCPTransport [::1:9092<-50810]>: Abort (KafkaConnectionError: socket disconnected)
2026-06-19 18:22:44,858 - ERROR - <KafkaTCPTransport [::1:9092<-50811]>: Error receiving network data closing socket
Traceback (most recent call last):
  File "C:\Users\monis\OneDrive\Documents\IntelliStream\venv\Lib\site-packages\kafka\net\transport.py", line 107, in _sock_recv
    data = self._sock.recv(4096)
ConnectionAbortedError: [WinError 10053] An established connection was aborted by the software in your host machine
2026-06-19 18:22:44,859 - ERROR - <KafkaTCPTransport [::1:9092<-50811]>: Abort (KafkaConnectionError: [WinError 10053] An established connection was aborted by the software in your host machine)
2026-06-19 18:22:44,864 - ERROR - <KafkaTCPTransport [::1:9092<-50812]>: socket disconnected
2026-06-19 18:22:44,864 - ERROR - <KafkaTCPTransport [::1:9092<-50812]>: Abort (KafkaConnectionError: socket disconnected)
2026-06-19 18:22:44,868 - INFO - Metadata refresh (node_id=1)
2026-06-19 18:22:44,869 - ERROR - <KafkaTCPTransport [::1:9092<-50813]>: socket disconnected
2026-06-19 18:22:44,869 - ERROR - <KafkaTCPTransport [::1:9092<-50813]>: Abort (KafkaConnectionError: socket disconnected)
2026-06-19 18:22:44,870 - ERROR - Metadata refresh: failed KafkaConnectionError: socket disconnected
2026-06-19 18:22:44,870 - ERROR - KafkaConnectionError: socket disconnected
Traceback (most recent call last):
  File "C:\Users\monis\OneDrive\Documents\IntelliStream\venv\Lib\site-packages\kafka\cluster.py", line 127, in _refresh_loop
    await self.refresh_metadata()
  File "C:\Users\monis\OneDrive\Documents\IntelliStream\venv\Lib\site-packages\kafka\cluster.py", line 156, in refresh_metadata
    await self._do_refresh_metadata(node_id)
  File "C:\Users\monis\OneDrive\Documents\IntelliStream\venv\Lib\site-packages\kafka\cluster.py", line 175, in _do_refresh_metadata
    response = await self._manager.send(request, node_id)
               ^^^^^^^^^^^^^^^^^^^^^^^^^^^^^^^^^^^^^^^^^^
  File "C:\Users\monis\OneDrive\Documents\IntelliStream\venv\Lib\site-packages\kafka\future.py", line 165, in __await__
    raise self.exception
kafka.errors.KafkaConnectionError: KafkaConnectionError: socket disconnected
2026-06-19 18:22:44,876 - ERROR - <KafkaTCPTransport [::1:9092<-50814]>: socket disconnected
2026-06-19 18:22:44,876 - ERROR - <KafkaTCPTransport [::1:9092<-50814]>: Abort (KafkaConnectionError: socket disconnected)
2026-06-19 18:22:44,881 - ERROR - <KafkaTCPTransport [::1:9092<-50815]>: socket disconnected
2026-06-19 18:22:44,882 - ERROR - <KafkaTCPTransport [::1:9092<-50815]>: Abort (KafkaConnectionError: socket disconnected)
2026-06-19 18:22:44,891 - ERROR - <KafkaTCPTransport [::1:9092<-50816]>: socket disconnected
2026-06-19 18:22:44,891 - ERROR - <KafkaTCPTransport [::1:9092<-50816]>: Abort (KafkaConnectionError: socket disconnected)
2026-06-19 18:22:44,897 - ERROR - <KafkaTCPTransport [::1:9092<-50817]>: socket disconnected
2026-06-19 18:22:44,897 - ERROR - <KafkaTCPTransport [::1:9092<-50817]>: Abort (KafkaConnectionError: socket disconnected)
2026-06-19 18:22:44,902 - ERROR - <KafkaTCPTransport [::1:9092<-50818]>: socket disconnected
2026-06-19 18:22:44,903 - ERROR - <KafkaTCPTransport [::1:9092<-50818]>: Abort (KafkaConnectionError: socket disconnected)
2026-06-19 18:22:44,908 - ERROR - <KafkaTCPTransport [::1:9092<-50819]>: socket disconnected
2026-06-19 18:22:44,908 - ERROR - <KafkaTCPTransport [::1:9092<-50819]>: Abort (KafkaConnectionError: socket disconnected)
2026-06-19 18:22:44,913 - ERROR - <KafkaTCPTransport [::1:9092<-50820]>: socket disconnected
2026-06-19 18:22:44,914 - ERROR - <KafkaTCPTransport [::1:9092<-50820]>: Abort (KafkaConnectionError: socket disconnected)
2026-06-19 18:22:44,919 - ERROR - <KafkaTCPTransport [::1:9092<-50821]>: socket disconnected
2026-06-19 18:22:44,919 - ERROR - <KafkaTCPTransport [::1:9092<-50821]>: Abort (KafkaConnectionError: socket disconnected)
2026-06-19 18:22:44,927 - ERROR - <KafkaTCPTransport [::1:9092<-50822]>: Error receiving network data closing socket
Traceback (most recent call last):
  File "C:\Users\monis\OneDrive\Documents\IntelliStream\venv\Lib\site-packages\kafka\net\transport.py", line 107, in _sock_recv
    data = self._sock.recv(4096)
ConnectionAbortedError: [WinError 10053] An established connection was aborted by the software in your host machine
2026-06-19 18:22:44,928 - ERROR - <KafkaTCPTransport [::1:9092<-50822]>: Abort (KafkaConnectionError: [WinError 10053] An established connection was aborted by the software in your host machine)
2026-06-19 18:22:44,934 - ERROR - <KafkaTCPTransport [::1:9092<-50823]>: socket disconnected
2026-06-19 18:22:44,934 - ERROR - <KafkaTCPTransport [::1:9092<-50823]>: Abort (KafkaConnectionError: socket disconnected)
2026-06-19 18:22:44,940 - ERROR - <KafkaTCPTransport [::1:9092<-50824]>: socket disconnected
2026-06-19 18:22:44,940 - ERROR - <KafkaTCPTransport [::1:9092<-50824]>: Abort (KafkaConnectionError: socket disconnected)
2026-06-19 18:22:44,949 - ERROR - <KafkaTCPTransport [::1:9092<-50825]>: socket disconnected
2026-06-19 18:22:44,950 - ERROR - <KafkaTCPTransport [::1:9092<-50825]>: Abort (KafkaConnectionError: socket disconnected)
2026-06-19 18:22:44,955 - ERROR - <KafkaTCPTransport [::1:9092<-50826]>: socket disconnected
2026-06-19 18:22:44,955 - ERROR - <KafkaTCPTransport [::1:9092<-50826]>: Abort (KafkaConnectionError: socket disconnected)
2026-06-19 18:22:44,967 - ERROR - <KafkaTCPTransport [::1:9092<-50827]>: socket disconnected
2026-06-19 18:22:44,967 - ERROR - <KafkaTCPTransport [::1:9092<-50827]>: Abort (KafkaConnectionError: socket disconnected)
2026-06-19 18:22:44,971 - INFO - Metadata refresh (node_id=1)
2026-06-19 18:22:44,973 - ERROR - <KafkaTCPTransport [::1:9092<-50828]>: socket disconnected
2026-06-19 18:22:44,973 - ERROR - <KafkaTCPTransport [::1:9092<-50828]>: Abort (KafkaConnectionError: socket disconnected)
2026-06-19 18:22:44,974 - ERROR - Metadata refresh: failed KafkaConnectionError: socket disconnected
2026-06-19 18:22:44,975 - ERROR - KafkaConnectionError: socket disconnected
Traceback (most recent call last):
  File "C:\Users\monis\OneDrive\Documents\IntelliStream\venv\Lib\site-packages\kafka\cluster.py", line 127, in _refresh_loop
    await self.refresh_metadata()
  File "C:\Users\monis\OneDrive\Documents\IntelliStream\venv\Lib\site-packages\kafka\cluster.py", line 156, in refresh_metadata
    await self._do_refresh_metadata(node_id)
  File "C:\Users\monis\OneDrive\Documents\IntelliStream\venv\Lib\site-packages\kafka\cluster.py", line 175, in _do_refresh_metadata
    response = await self._manager.send(request, node_id)
               ^^^^^^^^^^^^^^^^^^^^^^^^^^^^^^^^^^^^^^^^^^
  File "C:\Users\monis\OneDrive\Documents\IntelliStream\venv\Lib\site-packages\kafka\future.py", line 165, in __await__
    raise self.exception
kafka.errors.KafkaConnectionError: KafkaConnectionError: socket disconnected
2026-06-19 18:22:44,981 - ERROR - <KafkaTCPTransport [::1:9092<-50829]>: socket disconnected
2026-06-19 18:22:44,981 - ERROR - <KafkaTCPTransport [::1:9092<-50829]>: Abort (KafkaConnectionError: socket disconnected)
2026-06-19 18:22:44,987 - ERROR - <KafkaTCPTransport [::1:9092<-50830]>: socket disconnected
2026-06-19 18:22:44,987 - ERROR - <KafkaTCPTransport [::1:9092<-50830]>: Abort (KafkaConnectionError: socket disconnected)
2026-06-19 18:22:44,993 - ERROR - <KafkaTCPTransport [::1:9092<-50831]>: socket disconnected
2026-06-19 18:22:44,993 - ERROR - <KafkaTCPTransport [::1:9092<-50831]>: Abort (KafkaConnectionError: socket disconnected)
2026-06-19 18:22:45,005 - ERROR - <KafkaTCPTransport [::1:9092<-50832]>: socket disconnected
2026-06-19 18:22:45,005 - ERROR - <KafkaTCPTransport [::1:9092<-50832]>: Abort (KafkaConnectionError: socket disconnected)
2026-06-19 18:22:45,011 - ERROR - <KafkaTCPTransport [::1:9092<-50833]>: socket disconnected
2026-06-19 18:22:45,011 - ERROR - <KafkaTCPTransport [::1:9092<-50833]>: Abort (KafkaConnectionError: socket disconnected)
2026-06-19 18:22:45,016 - ERROR - <KafkaTCPTransport [::1:9092<-50834]>: socket disconnected
2026-06-19 18:22:45,016 - ERROR - <KafkaTCPTransport [::1:9092<-50834]>: Abort (KafkaConnectionError: socket disconnected)
2026-06-19 18:22:45,042 - ERROR - <KafkaTCPTransport [::1:9092<-50835]>: Error receiving network data closing socket
Traceback (most recent call last):
  File "C:\Users\monis\OneDrive\Documents\IntelliStream\venv\Lib\site-packages\kafka\net\transport.py", line 107, in _sock_recv
    data = self._sock.recv(4096)
ConnectionAbortedError: [WinError 10053] An established connection was aborted by the software in your host machine
2026-06-19 18:22:45,054 - ERROR - <KafkaTCPTransport [::1:9092<-50835]>: Abort (KafkaConnectionError: [WinError 10053] An established connection was aborted by the software in your host machine)
2026-06-19 18:22:45,060 - ERROR - <KafkaTCPTransport [::1:9092<-50836]>: socket disconnected
2026-06-19 18:22:45,060 - ERROR - <KafkaTCPTransport [::1:9092<-50836]>: Abort (KafkaConnectionError: socket disconnected)
2026-06-19 18:22:45,065 - ERROR - <KafkaTCPTransport [::1:9092<-50837]>: socket disconnected
2026-06-19 18:22:45,065 - ERROR - <KafkaTCPTransport [::1:9092<-50837]>: Abort (KafkaConnectionError: socket disconnected)
2026-06-19 18:22:45,070 - ERROR - <KafkaTCPTransport [::1:9092<-50838]>: socket disconnected
2026-06-19 18:22:45,070 - ERROR - <KafkaTCPTransport [::1:9092<-50838]>: Abort (KafkaConnectionError: socket disconnected)
2026-06-19 18:22:45,075 - INFO - Metadata refresh (node_id=1)
2026-06-19 18:22:45,082 - ERROR - <KafkaTCPTransport [::1:9092<-50839]>: socket disconnected
2026-06-19 18:22:45,083 - ERROR - <KafkaTCPTransport [::1:9092<-50839]>: Abort (KafkaConnectionError: socket disconnected)
2026-06-19 18:22:45,083 - ERROR - Metadata refresh: failed KafkaConnectionError: socket disconnected
2026-06-19 18:22:45,084 - ERROR - KafkaConnectionError: socket disconnected
Traceback (most recent call last):
  File "C:\Users\monis\OneDrive\Documents\IntelliStream\venv\Lib\site-packages\kafka\cluster.py", line 127, in _refresh_loop
    await self.refresh_metadata()
  File "C:\Users\monis\OneDrive\Documents\IntelliStream\venv\Lib\site-packages\kafka\cluster.py", line 156, in refresh_metadata
    await self._do_refresh_metadata(node_id)
  File "C:\Users\monis\OneDrive\Documents\IntelliStream\venv\Lib\site-packages\kafka\cluster.py", line 175, in _do_refresh_metadata
    response = await self._manager.send(request, node_id)
               ^^^^^^^^^^^^^^^^^^^^^^^^^^^^^^^^^^^^^^^^^^
  File "C:\Users\monis\OneDrive\Documents\IntelliStream\venv\Lib\site-packages\kafka\future.py", line 165, in __await__
    raise self.exception
kafka.errors.KafkaConnectionError: KafkaConnectionError: socket disconnected
2026-06-19 18:22:45,089 - ERROR - <KafkaTCPTransport [::1:9092<-50840]>: socket disconnected
2026-06-19 18:22:45,090 - ERROR - <KafkaTCPTransport [::1:9092<-50840]>: Abort (KafkaConnectionError: socket disconnected)
2026-06-19 18:22:45,101 - ERROR - <KafkaTCPTransport [::1:9092<-50841]>: socket disconnected
2026-06-19 18:22:45,101 - ERROR - <KafkaTCPTransport [::1:9092<-50841]>: Abort (KafkaConnectionError: socket disconnected)
2026-06-19 18:22:45,106 - ERROR - <KafkaTCPTransport [::1:9092<-50842]>: socket disconnected
2026-06-19 18:22:45,106 - ERROR - <KafkaTCPTransport [::1:9092<-50842]>: Abort (KafkaConnectionError: socket disconnected)
2026-06-19 18:22:45,111 - ERROR - <KafkaTCPTransport [::1:9092<-50843]>: socket disconnected
2026-06-19 18:22:45,112 - ERROR - <KafkaTCPTransport [::1:9092<-50843]>: Abort (KafkaConnectionError: socket disconnected)
2026-06-19 18:22:45,117 - ERROR - <KafkaTCPTransport [::1:9092<-50844]>: socket disconnected
2026-06-19 18:22:45,117 - ERROR - <KafkaTCPTransport [::1:9092<-50844]>: Abort (KafkaConnectionError: socket disconnected)
2026-06-19 18:22:45,123 - ERROR - <KafkaTCPTransport [::1:9092<-50845]>: socket disconnected
2026-06-19 18:22:45,123 - ERROR - <KafkaTCPTransport [::1:9092<-50845]>: Abort (KafkaConnectionError: socket disconnected)
2026-06-19 18:22:45,129 - ERROR - <KafkaTCPTransport [::1:9092<-50846]>: socket disconnected
2026-06-19 18:22:45,129 - ERROR - <KafkaTCPTransport [::1:9092<-50846]>: Abort (KafkaConnectionError: socket disconnected)
2026-06-19 18:22:45,135 - ERROR - <KafkaTCPTransport [::1:9092<-50847]>: socket disconnected
2026-06-19 18:22:45,135 - ERROR - <KafkaTCPTransport [::1:9092<-50847]>: Abort (KafkaConnectionError: socket disconnected)
2026-06-19 18:22:45,141 - ERROR - <KafkaTCPTransport [::1:9092<-50848]>: socket disconnected
2026-06-19 18:22:45,142 - ERROR - <KafkaTCPTransport [::1:9092<-50848]>: Abort (KafkaConnectionError: socket disconnected)
2026-06-19 18:22:45,146 - ERROR - <KafkaTCPTransport [::1:9092<-50849]>: socket disconnected
2026-06-19 18:22:45,146 - ERROR - <KafkaTCPTransport [::1:9092<-50849]>: Abort (KafkaConnectionError: socket disconnected)
2026-06-19 18:22:45,166 - ERROR - <KafkaTCPTransport [::1:9092<-50850]>: Error receiving network data closing socket
Traceback (most recent call last):
  File "C:\Users\monis\OneDrive\Documents\IntelliStream\venv\Lib\site-packages\kafka\net\transport.py", line 107, in _sock_recv
    data = self._sock.recv(4096)
ConnectionAbortedError: [WinError 10053] An established connection was aborted by the software in your host machine
2026-06-19 18:22:45,167 - ERROR - <KafkaTCPTransport [::1:9092<-50850]>: Abort (KafkaConnectionError: [WinError 10053] An established connection was aborted by the software in your host machine)
2026-06-19 18:22:45,175 - ERROR - <KafkaTCPTransport [::1:9092<-50851]>: socket disconnected
2026-06-19 18:22:45,175 - ERROR - <KafkaTCPTransport [::1:9092<-50851]>: Abort (KafkaConnectionError: socket disconnected)
2026-06-19 18:22:45,197 - INFO - Metadata refresh (node_id=1)
2026-06-19 18:22:45,198 - ERROR - <KafkaTCPTransport [::1:9092<-50852]>: Error receiving network data closing socket
Traceback (most recent call last):
  File "C:\Users\monis\OneDrive\Documents\IntelliStream\venv\Lib\site-packages\kafka\net\transport.py", line 107, in _sock_recv
    data = self._sock.recv(4096)
ConnectionAbortedError: [WinError 10053] An established connection was aborted by the software in your host machine
2026-06-19 18:22:45,199 - ERROR - <KafkaTCPTransport [::1:9092<-50852]>: Abort (KafkaConnectionError: [WinError 10053] An established connection was aborted by the software in your host machine)
2026-06-19 18:22:45,199 - ERROR - Metadata refresh: failed KafkaConnectionError: [WinError 10053] An established connection was aborted by the software in your host machine
2026-06-19 18:22:45,199 - ERROR - KafkaConnectionError: [WinError 10053] An established connection was aborted by the software in your host machine
Traceback (most recent call last):
  File "C:\Users\monis\OneDrive\Documents\IntelliStream\venv\Lib\site-packages\kafka\cluster.py", line 127, in _refresh_loop
    await self.refresh_metadata()
  File "C:\Users\monis\OneDrive\Documents\IntelliStream\venv\Lib\site-packages\kafka\cluster.py", line 156, in refresh_metadata
    await self._do_refresh_metadata(node_id)
  File "C:\Users\monis\OneDrive\Documents\IntelliStream\venv\Lib\site-packages\kafka\cluster.py", line 175, in _do_refresh_metadata
    response = await self._manager.send(request, node_id)
               ^^^^^^^^^^^^^^^^^^^^^^^^^^^^^^^^^^^^^^^^^^
  File "C:\Users\monis\OneDrive\Documents\IntelliStream\venv\Lib\site-packages\kafka\future.py", line 165, in __await__
    raise self.exception
kafka.errors.KafkaConnectionError: KafkaConnectionError: [WinError 10053] An established connection was aborted by the software in your host machine
2026-06-19 18:22:45,205 - ERROR - <KafkaTCPTransport [::1:9092<-50853]>: socket disconnected
2026-06-19 18:22:45,205 - ERROR - <KafkaTCPTransport [::1:9092<-50853]>: Abort (KafkaConnectionError: socket disconnected)
2026-06-19 18:22:45,229 - ERROR - <KafkaTCPTransport [::1:9092<-50854]>: Error receiving network data closing socket
Traceback (most recent call last):
  File "C:\Users\monis\OneDrive\Documents\IntelliStream\venv\Lib\site-packages\kafka\net\transport.py", line 107, in _sock_recv
    data = self._sock.recv(4096)
ConnectionAbortedError: [WinError 10053] An established connection was aborted by the software in your host machine
2026-06-19 18:22:45,230 - ERROR - <KafkaTCPTransport [::1:9092<-50854]>: Abort (KafkaConnectionError: [WinError 10053] An established connection was aborted by the software in your host machine)
2026-06-19 18:22:45,235 - ERROR - <KafkaTCPTransport [::1:9092<-50855]>: socket disconnected
2026-06-19 18:22:45,235 - ERROR - <KafkaTCPTransport [::1:9092<-50855]>: Abort (KafkaConnectionError: socket disconnected)
2026-06-19 18:22:45,240 - ERROR - <KafkaTCPTransport [::1:9092<-50856]>: socket disconnected
2026-06-19 18:22:45,240 - ERROR - <KafkaTCPTransport [::1:9092<-50856]>: Abort (KafkaConnectionError: socket disconnected)
2026-06-19 18:22:45,259 - ERROR - <KafkaTCPTransport [::1:9092<-50857]>: Error receiving network data closing socket
Traceback (most recent call last):
  File "C:\Users\monis\OneDrive\Documents\IntelliStream\venv\Lib\site-packages\kafka\net\transport.py", line 107, in _sock_recv
    data = self._sock.recv(4096)
ConnectionAbortedError: [WinError 10053] An established connection was aborted by the software in your host machine
2026-06-19 18:22:45,260 - ERROR - <KafkaTCPTransport [::1:9092<-50857]>: Abort (KafkaConnectionError: [WinError 10053] An established connection was aborted by the software in your host machine)
2026-06-19 18:22:45,267 - ERROR - <KafkaTCPTransport [::1:9092<-50858]>: socket disconnected
2026-06-19 18:22:45,268 - ERROR - <KafkaTCPTransport [::1:9092<-50858]>: Abort (KafkaConnectionError: socket disconnected)
2026-06-19 18:22:45,274 - ERROR - <KafkaTCPTransport [::1:9092<-50859]>: socket disconnected
2026-06-19 18:22:45,275 - ERROR - <KafkaTCPTransport [::1:9092<-50859]>: Abort (KafkaConnectionError: socket disconnected)
2026-06-19 18:22:45,279 - ERROR - <KafkaTCPTransport [::1:9092<-50860]>: socket disconnected
2026-06-19 18:22:45,279 - ERROR - <KafkaTCPTransport [::1:9092<-50860]>: Abort (KafkaConnectionError: socket disconnected)
2026-06-19 18:22:45,284 - ERROR - <KafkaTCPTransport [::1:9092<-50861]>: socket disconnected
2026-06-19 18:22:45,284 - ERROR - <KafkaTCPTransport [::1:9092<-50861]>: Abort (KafkaConnectionError: socket disconnected)
2026-06-19 18:22:45,304 - INFO - Metadata refresh (node_id=1)
2026-06-19 18:22:45,306 - ERROR - <KafkaTCPTransport [::1:9092<-50862]>: Error receiving network data closing socket
Traceback (most recent call last):
  File "C:\Users\monis\OneDrive\Documents\IntelliStream\venv\Lib\site-packages\kafka\net\transport.py", line 107, in _sock_recv
    data = self._sock.recv(4096)
ConnectionAbortedError: [WinError 10053] An established connection was aborted by the software in your host machine
2026-06-19 18:22:45,306 - ERROR - <KafkaTCPTransport [::1:9092<-50862]>: Abort (KafkaConnectionError: [WinError 10053] An established connection was aborted by the software in your host machine)
2026-06-19 18:22:45,307 - ERROR - Metadata refresh: failed KafkaConnectionError: [WinError 10053] An established connection was aborted by the software in your host machine
2026-06-19 18:22:45,307 - ERROR - KafkaConnectionError: [WinError 10053] An established connection was aborted by the software in your host machine
Traceback (most recent call last):
  File "C:\Users\monis\OneDrive\Documents\IntelliStream\venv\Lib\site-packages\kafka\cluster.py", line 127, in _refresh_loop
    await self.refresh_metadata()
  File "C:\Users\monis\OneDrive\Documents\IntelliStream\venv\Lib\site-packages\kafka\cluster.py", line 156, in refresh_metadata
    await self._do_refresh_metadata(node_id)
  File "C:\Users\monis\OneDrive\Documents\IntelliStream\venv\Lib\site-packages\kafka\cluster.py", line 175, in _do_refresh_metadata
    response = await self._manager.send(request, node_id)
               ^^^^^^^^^^^^^^^^^^^^^^^^^^^^^^^^^^^^^^^^^^
  File "C:\Users\monis\OneDrive\Documents\IntelliStream\venv\Lib\site-packages\kafka\future.py", line 165, in __await__
    raise self.exception
kafka.errors.KafkaConnectionError: KafkaConnectionError: [WinError 10053] An established connection was aborted by the software in your host machine
2026-06-19 18:22:45,313 - ERROR - <KafkaTCPTransport [::1:9092<-50863]>: socket disconnected
2026-06-19 18:22:45,313 - ERROR - <KafkaTCPTransport [::1:9092<-50863]>: Abort (KafkaConnectionError: socket disconnected)
2026-06-19 18:22:45,337 - ERROR - <KafkaTCPTransport [::1:9092<-50864]>: Error receiving network data closing socket
Traceback (most recent call last):
  File "C:\Users\monis\OneDrive\Documents\IntelliStream\venv\Lib\site-packages\kafka\net\transport.py", line 107, in _sock_recv
    data = self._sock.recv(4096)
ConnectionAbortedError: [WinError 10053] An established connection was aborted by the software in your host machine
2026-06-19 18:22:45,337 - ERROR - <KafkaTCPTransport [::1:9092<-50864]>: Abort (KafkaConnectionError: [WinError 10053] An established connection was aborted by the software in your host machine)
2026-06-19 18:22:45,342 - ERROR - <KafkaTCPTransport [::1:9092<-50865]>: socket disconnected
2026-06-19 18:22:45,342 - ERROR - <KafkaTCPTransport [::1:9092<-50865]>: Abort (KafkaConnectionError: socket disconnected)
2026-06-19 18:22:45,347 - ERROR - <KafkaTCPTransport [::1:9092<-50866]>: socket disconnected
2026-06-19 18:22:45,348 - ERROR - <KafkaTCPTransport [::1:9092<-50866]>: Abort (KafkaConnectionError: socket disconnected)
2026-06-19 18:22:45,352 - ERROR - <KafkaTCPTransport [::1:9092<-50867]>: socket disconnected
2026-06-19 18:22:45,352 - ERROR - <KafkaTCPTransport [::1:9092<-50867]>: Abort (KafkaConnectionError: socket disconnected)
2026-06-19 18:22:45,357 - ERROR - <KafkaTCPTransport [::1:9092<-50868]>: socket disconnected
2026-06-19 18:22:45,357 - ERROR - <KafkaTCPTransport [::1:9092<-50868]>: Abort (KafkaConnectionError: socket disconnected)
2026-06-19 18:22:45,362 - ERROR - <KafkaTCPTransport [::1:9092<-50869]>: socket disconnected
2026-06-19 18:22:45,362 - ERROR - <KafkaTCPTransport [::1:9092<-50869]>: Abort (KafkaConnectionError: socket disconnected)
2026-06-19 18:22:45,383 - ERROR - <KafkaTCPTransport [::1:9092<-50870]>: Error receiving network data closing socket
Traceback (most recent call last):
  File "C:\Users\monis\OneDrive\Documents\IntelliStream\venv\Lib\site-packages\kafka\net\transport.py", line 107, in _sock_recv
    data = self._sock.recv(4096)
ConnectionAbortedError: [WinError 10053] An established connection was aborted by the software in your host machine
2026-06-19 18:22:45,384 - ERROR - <KafkaTCPTransport [::1:9092<-50870]>: Abort (KafkaConnectionError: [WinError 10053] An established connection was aborted by the software in your host machine)
2026-06-19 18:22:45,388 - ERROR - <KafkaTCPTransport [::1:9092<-50871]>: socket disconnected
2026-06-19 18:22:45,389 - ERROR - <KafkaTCPTransport [::1:9092<-50871]>: Abort (KafkaConnectionError: socket disconnected)
2026-06-19 18:22:45,394 - ERROR - <KafkaTCPTransport [::1:9092<-50872]>: socket disconnected
2026-06-19 18:22:45,394 - ERROR - <KafkaTCPTransport [::1:9092<-50872]>: Abort (KafkaConnectionError: socket disconnected)
2026-06-19 18:22:45,398 - ERROR - <KafkaTCPTransport [::1:9092<-50873]>: socket disconnected
2026-06-19 18:22:45,398 - ERROR - <KafkaTCPTransport [::1:9092<-50873]>: Abort (KafkaConnectionError: socket disconnected)
2026-06-19 18:22:45,407 - INFO - Metadata refresh (node_id=1)
2026-06-19 18:22:45,410 - ERROR - <KafkaTCPTransport [::1:9092<-50874]>: socket disconnected
2026-06-19 18:22:45,410 - ERROR - <KafkaTCPTransport [::1:9092<-50874]>: Abort (KafkaConnectionError: socket disconnected)
2026-06-19 18:22:45,411 - ERROR - Metadata refresh: failed KafkaConnectionError: socket disconnected
2026-06-19 18:22:45,411 - ERROR - KafkaConnectionError: socket disconnected
Traceback (most recent call last):
  File "C:\Users\monis\OneDrive\Documents\IntelliStream\venv\Lib\site-packages\kafka\cluster.py", line 127, in _refresh_loop
    await self.refresh_metadata()
  File "C:\Users\monis\OneDrive\Documents\IntelliStream\venv\Lib\site-packages\kafka\cluster.py", line 156, in refresh_metadata
    await self._do_refresh_metadata(node_id)
  File "C:\Users\monis\OneDrive\Documents\IntelliStream\venv\Lib\site-packages\kafka\cluster.py", line 175, in _do_refresh_metadata
    response = await self._manager.send(request, node_id)
               ^^^^^^^^^^^^^^^^^^^^^^^^^^^^^^^^^^^^^^^^^^
  File "C:\Users\monis\OneDrive\Documents\IntelliStream\venv\Lib\site-packages\kafka\future.py", line 165, in __await__
    raise self.exception
kafka.errors.KafkaConnectionError: KafkaConnectionError: socket disconnected
2026-06-19 18:22:45,423 - ERROR - <KafkaTCPTransport [::1:9092<-50875]>: socket disconnected
2026-06-19 18:22:45,423 - ERROR - <KafkaTCPTransport [::1:9092<-50875]>: Abort (KafkaConnectionError: socket disconnected)
2026-06-19 18:22:45,428 - ERROR - <KafkaTCPTransport [::1:9092<-50876]>: socket disconnected
2026-06-19 18:22:45,428 - ERROR - <KafkaTCPTransport [::1:9092<-50876]>: Abort (KafkaConnectionError: socket disconnected)
2026-06-19 18:22:45,434 - ERROR - <KafkaTCPTransport [::1:9092<-50877]>: socket disconnected
2026-06-19 18:22:45,434 - ERROR - <KafkaTCPTransport [::1:9092<-50877]>: Abort (KafkaConnectionError: socket disconnected)
2026-06-19 18:22:45,460 - ERROR - <KafkaTCPTransport [::1:9092<-50878]>: Error receiving network data closing socket
Traceback (most recent call last):
  File "C:\Users\monis\OneDrive\Documents\IntelliStream\venv\Lib\site-packages\kafka\net\transport.py", line 107, in _sock_recv
    data = self._sock.recv(4096)
ConnectionAbortedError: [WinError 10053] An established connection was aborted by the software in your host machine
2026-06-19 18:22:45,461 - ERROR - <KafkaTCPTransport [::1:9092<-50878]>: Abort (KafkaConnectionError: [WinError 10053] An established connection was aborted by the software in your host machine)
2026-06-19 18:22:45,466 - ERROR - <KafkaTCPTransport [::1:9092<-50879]>: socket disconnected
2026-06-19 18:22:45,466 - ERROR - <KafkaTCPTransport [::1:9092<-50879]>: Abort (KafkaConnectionError: socket disconnected)
2026-06-19 18:22:45,471 - ERROR - <KafkaTCPTransport [::1:9092<-50880]>: socket disconnected
2026-06-19 18:22:45,471 - ERROR - <KafkaTCPTransport [::1:9092<-50880]>: Abort (KafkaConnectionError: socket disconnected)
2026-06-19 18:22:45,476 - ERROR - <KafkaTCPTransport [::1:9092<-50881]>: socket disconnected
2026-06-19 18:22:45,476 - ERROR - <KafkaTCPTransport [::1:9092<-50881]>: Abort (KafkaConnectionError: socket disconnected)
2026-06-19 18:22:45,481 - ERROR - <KafkaTCPTransport [::1:9092<-50882]>: socket disconnected
2026-06-19 18:22:45,481 - ERROR - <KafkaTCPTransport [::1:9092<-50882]>: Abort (KafkaConnectionError: socket disconnected)
2026-06-19 18:22:45,486 - ERROR - <KafkaTCPTransport [::1:9092<-50883]>: socket disconnected
2026-06-19 18:22:45,486 - ERROR - <KafkaTCPTransport [::1:9092<-50883]>: Abort (KafkaConnectionError: socket disconnected)
2026-06-19 18:22:45,507 - ERROR - <KafkaTCPTransport [::1:9092<-50884]>: Error receiving network data closing socket
Traceback (most recent call last):
  File "C:\Users\monis\OneDrive\Documents\IntelliStream\venv\Lib\site-packages\kafka\net\transport.py", line 107, in _sock_recv
    data = self._sock.recv(4096)
ConnectionAbortedError: [WinError 10053] An established connection was aborted by the software in your host machine
2026-06-19 18:22:45,507 - ERROR - <KafkaTCPTransport [::1:9092<-50884]>: Abort (KafkaConnectionError: [WinError 10053] An established connection was aborted by the software in your host machine)
2026-06-19 18:22:45,521 - INFO - Metadata refresh (node_id=1)
2026-06-19 18:22:45,522 - ERROR - <KafkaTCPTransport [::1:9092<-50885]>: Error receiving network data closing socket
Traceback (most recent call last):
  File "C:\Users\monis\OneDrive\Documents\IntelliStream\venv\Lib\site-packages\kafka\net\transport.py", line 107, in _sock_recv
    data = self._sock.recv(4096)
ConnectionAbortedError: [WinError 10053] An established connection was aborted by the software in your host machine
2026-06-19 18:22:45,523 - ERROR - <KafkaTCPTransport [::1:9092<-50885]>: Abort (KafkaConnectionError: [WinError 10053] An established connection was aborted by the software in your host machine)
2026-06-19 18:22:45,524 - ERROR - Metadata refresh: failed KafkaConnectionError: [WinError 10053] An established connection was aborted by the software in your host machine
2026-06-19 18:22:45,524 - ERROR - KafkaConnectionError: [WinError 10053] An established connection was aborted by the software in your host machine
Traceback (most recent call last):
  File "C:\Users\monis\OneDrive\Documents\IntelliStream\venv\Lib\site-packages\kafka\cluster.py", line 127, in _refresh_loop
    await self.refresh_metadata()
  File "C:\Users\monis\OneDrive\Documents\IntelliStream\venv\Lib\site-packages\kafka\cluster.py", line 156, in refresh_metadata
    await self._do_refresh_metadata(node_id)
  File "C:\Users\monis\OneDrive\Documents\IntelliStream\venv\Lib\site-packages\kafka\cluster.py", line 175, in _do_refresh_metadata
    response = await self._manager.send(request, node_id)
               ^^^^^^^^^^^^^^^^^^^^^^^^^^^^^^^^^^^^^^^^^^
  File "C:\Users\monis\OneDrive\Documents\IntelliStream\venv\Lib\site-packages\kafka\future.py", line 165, in __await__
    raise self.exception
kafka.errors.KafkaConnectionError: KafkaConnectionError: [WinError 10053] An established connection was aborted by the software in your host machine
2026-06-19 18:22:45,538 - ERROR - <KafkaTCPTransport [::1:9092<-50886]>: Error receiving network data closing socket
Traceback (most recent call last):
  File "C:\Users\monis\OneDrive\Documents\IntelliStream\venv\Lib\site-packages\kafka\net\transport.py", line 107, in _sock_recv
    data = self._sock.recv(4096)
ConnectionAbortedError: [WinError 10053] An established connection was aborted by the software in your host machine
2026-06-19 18:22:45,538 - ERROR - <KafkaTCPTransport [::1:9092<-50886]>: Abort (KafkaConnectionError: [WinError 10053] An established connection was aborted by the software in your host machine)
2026-06-19 18:22:45,542 - ERROR - <KafkaTCPTransport [::1:9092<-50887]>: socket disconnected
2026-06-19 18:22:45,543 - ERROR - <KafkaTCPTransport [::1:9092<-50887]>: Abort (KafkaConnectionError: socket disconnected)
2026-06-19 18:22:45,554 - ERROR - <KafkaTCPTransport [::1:9092<-50888]>: socket disconnected
2026-06-19 18:22:45,554 - ERROR - <KafkaTCPTransport [::1:9092<-50888]>: Abort (KafkaConnectionError: socket disconnected)
2026-06-19 18:22:45,568 - ERROR - <KafkaTCPTransport [::1:9092<-50889]>: Error receiving network data closing socket
Traceback (most recent call last):
  File "C:\Users\monis\OneDrive\Documents\IntelliStream\venv\Lib\site-packages\kafka\net\transport.py", line 107, in _sock_recv
    data = self._sock.recv(4096)
ConnectionAbortedError: [WinError 10053] An established connection was aborted by the software in your host machine
2026-06-19 18:22:45,569 - ERROR - <KafkaTCPTransport [::1:9092<-50889]>: Abort (KafkaConnectionError: [WinError 10053] An established connection was aborted by the software in your host machine)
2026-06-19 18:22:45,573 - ERROR - <KafkaTCPTransport [::1:9092<-50890]>: socket disconnected
2026-06-19 18:22:45,574 - ERROR - <KafkaTCPTransport [::1:9092<-50890]>: Abort (KafkaConnectionError: socket disconnected)
2026-06-19 18:22:45,600 - ERROR - <KafkaTCPTransport [::1:9092<-50891]>: Error receiving network data closing socket
Traceback (most recent call last):
  File "C:\Users\monis\OneDrive\Documents\IntelliStream\venv\Lib\site-packages\kafka\net\transport.py", line 107, in _sock_recv
    data = self._sock.recv(4096)
ConnectionAbortedError: [WinError 10053] An established connection was aborted by the software in your host machine
2026-06-19 18:22:45,601 - ERROR - <KafkaTCPTransport [::1:9092<-50891]>: Abort (KafkaConnectionError: [WinError 10053] An established connection was aborted by the software in your host machine)
2026-06-19 18:22:45,606 - ERROR - <KafkaTCPTransport [::1:9092<-50892]>: socket disconnected
2026-06-19 18:22:45,606 - ERROR - <KafkaTCPTransport [::1:9092<-50892]>: Abort (KafkaConnectionError: socket disconnected)
2026-06-19 18:22:45,631 - INFO - Metadata refresh (node_id=1)
2026-06-19 18:22:45,632 - ERROR - <KafkaTCPTransport [::1:9092<-50893]>: Error receiving network data closing socket
Traceback (most recent call last):
  File "C:\Users\monis\OneDrive\Documents\IntelliStream\venv\Lib\site-packages\kafka\net\transport.py", line 107, in _sock_recv
    data = self._sock.recv(4096)
ConnectionAbortedError: [WinError 10053] An established connection was aborted by the software in your host machine
2026-06-19 18:22:45,632 - ERROR - <KafkaTCPTransport [::1:9092<-50893]>: Abort (KafkaConnectionError: [WinError 10053] An established connection was aborted by the software in your host machine)
2026-06-19 18:22:45,632 - ERROR - Metadata refresh: failed KafkaConnectionError: [WinError 10053] An established connection was aborted by the software in your host machine
2026-06-19 18:22:45,633 - ERROR - KafkaConnectionError: [WinError 10053] An established connection was aborted by the software in your host machine
Traceback (most recent call last):
  File "C:\Users\monis\OneDrive\Documents\IntelliStream\venv\Lib\site-packages\kafka\cluster.py", line 127, in _refresh_loop
    await self.refresh_metadata()
  File "C:\Users\monis\OneDrive\Documents\IntelliStream\venv\Lib\site-packages\kafka\cluster.py", line 156, in refresh_metadata
    await self._do_refresh_metadata(node_id)
  File "C:\Users\monis\OneDrive\Documents\IntelliStream\venv\Lib\site-packages\kafka\cluster.py", line 175, in _do_refresh_metadata
    response = await self._manager.send(request, node_id)
               ^^^^^^^^^^^^^^^^^^^^^^^^^^^^^^^^^^^^^^^^^^
  File "C:\Users\monis\OneDrive\Documents\IntelliStream\venv\Lib\site-packages\kafka\future.py", line 165, in __await__
    raise self.exception
kafka.errors.KafkaConnectionError: KafkaConnectionError: [WinError 10053] An established connection was aborted by the software in your host machine
2026-06-19 18:22:45,647 - ERROR - <KafkaTCPTransport [::1:9092<-50894]>: Error receiving network data closing socket
Traceback (most recent call last):
  File "C:\Users\monis\OneDrive\Documents\IntelliStream\venv\Lib\site-packages\kafka\net\transport.py", line 107, in _sock_recv
    data = self._sock.recv(4096)
ConnectionAbortedError: [WinError 10053] An established connection was aborted by the software in your host machine
2026-06-19 18:22:45,647 - ERROR - <KafkaTCPTransport [::1:9092<-50894]>: Abort (KafkaConnectionError: [WinError 10053] An established connection was aborted by the software in your host machine)
2026-06-19 18:22:45,652 - ERROR - <KafkaTCPTransport [::1:9092<-50895]>: socket disconnected
2026-06-19 18:22:45,652 - ERROR - <KafkaTCPTransport [::1:9092<-50895]>: Abort (KafkaConnectionError: socket disconnected)
2026-06-19 18:22:45,657 - ERROR - <KafkaTCPTransport [::1:9092<-50896]>: socket disconnected
2026-06-19 18:22:45,658 - ERROR - <KafkaTCPTransport [::1:9092<-50896]>: Abort (KafkaConnectionError: socket disconnected)
2026-06-19 18:22:45,678 - ERROR - <KafkaTCPTransport [::1:9092<-50897]>: Error receiving network data closing socket
Traceback (most recent call last):
  File "C:\Users\monis\OneDrive\Documents\IntelliStream\venv\Lib\site-packages\kafka\net\transport.py", line 107, in _sock_recv
    data = self._sock.recv(4096)
ConnectionAbortedError: [WinError 10053] An established connection was aborted by the software in your host machine
2026-06-19 18:22:45,679 - ERROR - <KafkaTCPTransport [::1:9092<-50897]>: Abort (KafkaConnectionError: [WinError 10053] An established connection was aborted by the software in your host machine)
2026-06-19 18:22:45,693 - ERROR - <KafkaTCPTransport [::1:9092<-50898]>: Error receiving network data closing socket
Traceback (most recent call last):
  File "C:\Users\monis\OneDrive\Documents\IntelliStream\venv\Lib\site-packages\kafka\net\transport.py", line 107, in _sock_recv
    data = self._sock.recv(4096)
ConnectionAbortedError: [WinError 10053] An established connection was aborted by the software in your host machine
2026-06-19 18:22:45,694 - ERROR - <KafkaTCPTransport [::1:9092<-50898]>: Abort (KafkaConnectionError: [WinError 10053] An established connection was aborted by the software in your host machine)
2026-06-19 18:22:45,699 - ERROR - <KafkaTCPTransport [::1:9092<-50899]>: socket disconnected
2026-06-19 18:22:45,699 - ERROR - <KafkaTCPTransport [::1:9092<-50899]>: Abort (KafkaConnectionError: socket disconnected)
2026-06-19 18:22:45,710 - ERROR - <KafkaTCPTransport [::1:9092<-50900]>: socket disconnected
2026-06-19 18:22:45,710 - ERROR - <KafkaTCPTransport [::1:9092<-50900]>: Abort (KafkaConnectionError: socket disconnected)
2026-06-19 18:22:45,715 - ERROR - <KafkaTCPTransport [::1:9092<-50901]>: socket disconnected
2026-06-19 18:22:45,715 - ERROR - <KafkaTCPTransport [::1:9092<-50901]>: Abort (KafkaConnectionError: socket disconnected)
2026-06-19 18:22:45,722 - ERROR - <KafkaTCPTransport [::1:9092<-50902]>: socket disconnected
2026-06-19 18:22:45,723 - ERROR - <KafkaTCPTransport [::1:9092<-50902]>: Abort (KafkaConnectionError: socket disconnected)
2026-06-19 18:22:45,727 - ERROR - <KafkaTCPTransport [::1:9092<-50903]>: socket disconnected
2026-06-19 18:22:45,727 - ERROR - <KafkaTCPTransport [::1:9092<-50903]>: Abort (KafkaConnectionError: socket disconnected)
2026-06-19 18:22:45,732 - ERROR - <KafkaTCPTransport [::1:9092<-50904]>: socket disconnected
2026-06-19 18:22:45,733 - ERROR - <KafkaTCPTransport [::1:9092<-50904]>: Abort (KafkaConnectionError: socket disconnected)
2026-06-19 18:22:45,735 - INFO - Metadata refresh (node_id=1)
2026-06-19 18:22:45,737 - ERROR - <KafkaTCPTransport [::1:9092<-50905]>: socket disconnected
2026-06-19 18:22:45,738 - ERROR - <KafkaTCPTransport [::1:9092<-50905]>: Abort (KafkaConnectionError: socket disconnected)
2026-06-19 18:22:45,738 - ERROR - Metadata refresh: failed KafkaConnectionError: socket disconnected
2026-06-19 18:22:45,739 - ERROR - KafkaConnectionError: socket disconnected
Traceback (most recent call last):
  File "C:\Users\monis\OneDrive\Documents\IntelliStream\venv\Lib\site-packages\kafka\cluster.py", line 127, in _refresh_loop
    await self.refresh_metadata()
  File "C:\Users\monis\OneDrive\Documents\IntelliStream\venv\Lib\site-packages\kafka\cluster.py", line 156, in refresh_metadata
    await self._do_refresh_metadata(node_id)
  File "C:\Users\monis\OneDrive\Documents\IntelliStream\venv\Lib\site-packages\kafka\cluster.py", line 175, in _do_refresh_metadata
    response = await self._manager.send(request, node_id)
               ^^^^^^^^^^^^^^^^^^^^^^^^^^^^^^^^^^^^^^^^^^
  File "C:\Users\monis\OneDrive\Documents\IntelliStream\venv\Lib\site-packages\kafka\future.py", line 165, in __await__
    raise self.exception
kafka.errors.KafkaConnectionError: KafkaConnectionError: socket disconnected
2026-06-19 18:22:45,744 - ERROR - <KafkaTCPTransport [::1:9092<-50906]>: socket disconnected
2026-06-19 18:22:45,745 - ERROR - <KafkaTCPTransport [::1:9092<-50906]>: Abort (KafkaConnectionError: socket disconnected)
2026-06-19 18:22:45,751 - ERROR - <KafkaTCPTransport [::1:9092<-50907]>: socket disconnected
2026-06-19 18:22:45,751 - ERROR - <KafkaTCPTransport [::1:9092<-50907]>: Abort (KafkaConnectionError: socket disconnected)
2026-06-19 18:22:45,756 - ERROR - <KafkaTCPTransport [::1:9092<-50908]>: socket disconnected
2026-06-19 18:22:45,756 - ERROR - <KafkaTCPTransport [::1:9092<-50908]>: Abort (KafkaConnectionError: socket disconnected)
2026-06-19 18:22:45,762 - ERROR - <KafkaTCPTransport [::1:9092<-50909]>: socket disconnected
2026-06-19 18:22:45,762 - ERROR - <KafkaTCPTransport [::1:9092<-50909]>: Abort (KafkaConnectionError: socket disconnected)
2026-06-19 18:22:45,770 - ERROR - <KafkaTCPTransport [::1:9092<-50910]>: socket disconnected
2026-06-19 18:22:45,770 - ERROR - <KafkaTCPTransport [::1:9092<-50910]>: Abort (KafkaConnectionError: socket disconnected)
2026-06-19 18:22:45,775 - ERROR - <KafkaTCPTransport [::1:9092<-50911]>: socket disconnected
2026-06-19 18:22:45,775 - ERROR - <KafkaTCPTransport [::1:9092<-50911]>: Abort (KafkaConnectionError: socket disconnected)
2026-06-19 18:22:45,780 - ERROR - <KafkaTCPTransport [::1:9092<-50912]>: socket disconnected
2026-06-19 18:22:45,780 - ERROR - <KafkaTCPTransport [::1:9092<-50912]>: Abort (KafkaConnectionError: socket disconnected)
2026-06-19 18:22:45,801 - ERROR - <KafkaTCPTransport [::1:9092<-50913]>: Error receiving network data closing socket
Traceback (most recent call last):
  File "C:\Users\monis\OneDrive\Documents\IntelliStream\venv\Lib\site-packages\kafka\net\transport.py", line 107, in _sock_recv
    data = self._sock.recv(4096)
ConnectionAbortedError: [WinError 10053] An established connection was aborted by the software in your host machine
2026-06-19 18:22:45,802 - ERROR - <KafkaTCPTransport [::1:9092<-50913]>: Abort (KafkaConnectionError: [WinError 10053] An established connection was aborted by the software in your host machine)
2026-06-19 18:22:45,810 - ERROR - <KafkaTCPTransport [::1:9092<-50914]>: socket disconnected
2026-06-19 18:22:45,810 - ERROR - <KafkaTCPTransport [::1:9092<-50914]>: Abort (KafkaConnectionError: socket disconnected)
2026-06-19 18:22:45,815 - ERROR - <KafkaTCPTransport [::1:9092<-50915]>: socket disconnected
2026-06-19 18:22:45,815 - ERROR - <KafkaTCPTransport [::1:9092<-50915]>: Abort (KafkaConnectionError: socket disconnected)
2026-06-19 18:22:45,832 - ERROR - <KafkaTCPTransport [::1:9092<-50916]>: Error receiving network data closing socket
Traceback (most recent call last):
  File "C:\Users\monis\OneDrive\Documents\IntelliStream\venv\Lib\site-packages\kafka\net\transport.py", line 107, in _sock_recv
    data = self._sock.recv(4096)
ConnectionAbortedError: [WinError 10053] An established connection was aborted by the software in your host machine
2026-06-19 18:22:45,832 - ERROR - <KafkaTCPTransport [::1:9092<-50916]>: Abort (KafkaConnectionError: [WinError 10053] An established connection was aborted by the software in your host machine)
2026-06-19 18:22:45,846 - INFO - Metadata refresh (node_id=1)
2026-06-19 18:22:45,847 - ERROR - <KafkaTCPTransport [::1:9092<-50917]>: Error receiving network data closing socket
Traceback (most recent call last):
  File "C:\Users\monis\OneDrive\Documents\IntelliStream\venv\Lib\site-packages\kafka\net\transport.py", line 107, in _sock_recv
    data = self._sock.recv(4096)
ConnectionAbortedError: [WinError 10053] An established connection was aborted by the software in your host machine
2026-06-19 18:22:45,848 - ERROR - <KafkaTCPTransport [::1:9092<-50917]>: Abort (KafkaConnectionError: [WinError 10053] An established connection was aborted by the software in your host machine)
2026-06-19 18:22:45,849 - ERROR - Metadata refresh: failed KafkaConnectionError: [WinError 10053] An established connection was aborted by the software in your host machine
2026-06-19 18:22:45,849 - ERROR - KafkaConnectionError: [WinError 10053] An established connection was aborted by the software in your host machine
Traceback (most recent call last):
  File "C:\Users\monis\OneDrive\Documents\IntelliStream\venv\Lib\site-packages\kafka\cluster.py", line 127, in _refresh_loop
    await self.refresh_metadata()
  File "C:\Users\monis\OneDrive\Documents\IntelliStream\venv\Lib\site-packages\kafka\cluster.py", line 156, in refresh_metadata
    await self._do_refresh_metadata(node_id)
  File "C:\Users\monis\OneDrive\Documents\IntelliStream\venv\Lib\site-packages\kafka\cluster.py", line 175, in _do_refresh_metadata
    response = await self._manager.send(request, node_id)
               ^^^^^^^^^^^^^^^^^^^^^^^^^^^^^^^^^^^^^^^^^^
  File "C:\Users\monis\OneDrive\Documents\IntelliStream\venv\Lib\site-packages\kafka\future.py", line 165, in __await__
    raise self.exception
kafka.errors.KafkaConnectionError: KafkaConnectionError: [WinError 10053] An established connection was aborted by the software in your host machine
2026-06-19 18:22:45,862 - ERROR - <KafkaTCPTransport [::1:9092<-50918]>: Error receiving network data closing socket
Traceback (most recent call last):
  File "C:\Users\monis\OneDrive\Documents\IntelliStream\venv\Lib\site-packages\kafka\net\transport.py", line 107, in _sock_recv
    data = self._sock.recv(4096)
ConnectionAbortedError: [WinError 10053] An established connection was aborted by the software in your host machine
2026-06-19 18:22:45,863 - ERROR - <KafkaTCPTransport [::1:9092<-50918]>: Abort (KafkaConnectionError: [WinError 10053] An established connection was aborted by the software in your host machine)
2026-06-19 18:22:45,878 - ERROR - <KafkaTCPTransport [::1:9092<-50919]>: socket disconnected
2026-06-19 18:22:45,878 - ERROR - <KafkaTCPTransport [::1:9092<-50919]>: Abort (KafkaConnectionError: socket disconnected)
2026-06-19 18:22:45,885 - ERROR - <KafkaTCPTransport [::1:9092<-50920]>: socket disconnected
2026-06-19 18:22:45,885 - ERROR - <KafkaTCPTransport [::1:9092<-50920]>: Abort (KafkaConnectionError: socket disconnected)
2026-06-19 18:22:45,890 - ERROR - <KafkaTCPTransport [::1:9092<-50921]>: socket disconnected
2026-06-19 18:22:45,890 - ERROR - <KafkaTCPTransport [::1:9092<-50921]>: Abort (KafkaConnectionError: socket disconnected)
2026-06-19 18:22:45,895 - ERROR - <KafkaTCPTransport [::1:9092<-50922]>: socket disconnected
2026-06-19 18:22:45,896 - ERROR - <KafkaTCPTransport [::1:9092<-50922]>: Abort (KafkaConnectionError: socket disconnected)
2026-06-19 18:22:45,910 - ERROR - <KafkaTCPTransport [::1:9092<-50923]>: Error receiving network data closing socket
Traceback (most recent call last):
  File "C:\Users\monis\OneDrive\Documents\IntelliStream\venv\Lib\site-packages\kafka\net\transport.py", line 107, in _sock_recv
    data = self._sock.recv(4096)
ConnectionAbortedError: [WinError 10053] An established connection was aborted by the software in your host machine
2026-06-19 18:22:45,910 - ERROR - <KafkaTCPTransport [::1:9092<-50923]>: Abort (KafkaConnectionError: [WinError 10053] An established connection was aborted by the software in your host machine)
2026-06-19 18:22:45,925 - ERROR - <KafkaTCPTransport [::1:9092<-50924]>: Error receiving network data closing socket
Traceback (most recent call last):
  File "C:\Users\monis\OneDrive\Documents\IntelliStream\venv\Lib\site-packages\kafka\net\transport.py", line 107, in _sock_recv
    data = self._sock.recv(4096)
ConnectionAbortedError: [WinError 10053] An established connection was aborted by the software in your host machine
2026-06-19 18:22:45,925 - ERROR - <KafkaTCPTransport [::1:9092<-50924]>: Abort (KafkaConnectionError: [WinError 10053] An established connection was aborted by the software in your host machine)
2026-06-19 18:22:45,938 - ERROR - <KafkaTCPTransport [::1:9092<-50925]>: socket disconnected
2026-06-19 18:22:45,938 - ERROR - <KafkaTCPTransport [::1:9092<-50925]>: Abort (KafkaConnectionError: socket disconnected)
2026-06-19 18:22:45,955 - INFO - Metadata refresh (node_id=1)
2026-06-19 18:22:45,956 - ERROR - <KafkaTCPTransport [::1:9092<-50926]>: Error receiving network data closing socket
Traceback (most recent call last):
  File "C:\Users\monis\OneDrive\Documents\IntelliStream\venv\Lib\site-packages\kafka\net\transport.py", line 107, in _sock_recv
    data = self._sock.recv(4096)
ConnectionAbortedError: [WinError 10053] An established connection was aborted by the software in your host machine
2026-06-19 18:22:45,957 - ERROR - <KafkaTCPTransport [::1:9092<-50926]>: Abort (KafkaConnectionError: [WinError 10053] An established connection was aborted by the software in your host machine)
2026-06-19 18:22:45,957 - ERROR - Metadata refresh: failed KafkaConnectionError: [WinError 10053] An established connection was aborted by the software in your host machine
2026-06-19 18:22:45,958 - ERROR - KafkaConnectionError: [WinError 10053] An established connection was aborted by the software in your host machine
Traceback (most recent call last):
  File "C:\Users\monis\OneDrive\Documents\IntelliStream\venv\Lib\site-packages\kafka\cluster.py", line 127, in _refresh_loop
    await self.refresh_metadata()
  File "C:\Users\monis\OneDrive\Documents\IntelliStream\venv\Lib\site-packages\kafka\cluster.py", line 156, in refresh_metadata
    await self._do_refresh_metadata(node_id)
  File "C:\Users\monis\OneDrive\Documents\IntelliStream\venv\Lib\site-packages\kafka\cluster.py", line 175, in _do_refresh_metadata
    response = await self._manager.send(request, node_id)
               ^^^^^^^^^^^^^^^^^^^^^^^^^^^^^^^^^^^^^^^^^^
  File "C:\Users\monis\OneDrive\Documents\IntelliStream\venv\Lib\site-packages\kafka\future.py", line 165, in __await__
    raise self.exception
kafka.errors.KafkaConnectionError: KafkaConnectionError: [WinError 10053] An established connection was aborted by the software in your host machine
2026-06-19 18:22:45,963 - ERROR - <KafkaTCPTransport [::1:9092<-50927]>: socket disconnected
2026-06-19 18:22:45,963 - ERROR - <KafkaTCPTransport [::1:9092<-50927]>: Abort (KafkaConnectionError: socket disconnected)
2026-06-19 18:22:45,987 - ERROR - <KafkaTCPTransport [::1:9092<-50928]>: Error receiving network data closing socket
Traceback (most recent call last):
  File "C:\Users\monis\OneDrive\Documents\IntelliStream\venv\Lib\site-packages\kafka\net\transport.py", line 107, in _sock_recv
    data = self._sock.recv(4096)
ConnectionAbortedError: [WinError 10053] An established connection was aborted by the software in your host machine
2026-06-19 18:22:45,987 - ERROR - <KafkaTCPTransport [::1:9092<-50928]>: Abort (KafkaConnectionError: [WinError 10053] An established connection was aborted by the software in your host machine)
2026-06-19 18:22:45,992 - ERROR - <KafkaTCPTransport [::1:9092<-50929]>: socket disconnected
2026-06-19 18:22:45,993 - ERROR - <KafkaTCPTransport [::1:9092<-50929]>: Abort (KafkaConnectionError: socket disconnected)
2026-06-19 18:22:46,018 - ERROR - <KafkaTCPTransport [::1:9092<-50930]>: Error receiving network data closing socket
Traceback (most recent call last):
  File "C:\Users\monis\OneDrive\Documents\IntelliStream\venv\Lib\site-packages\kafka\net\transport.py", line 107, in _sock_recv
    data = self._sock.recv(4096)
ConnectionAbortedError: [WinError 10053] An established connection was aborted by the software in your host machine
2026-06-19 18:22:46,018 - ERROR - <KafkaTCPTransport [::1:9092<-50930]>: Abort (KafkaConnectionError: [WinError 10053] An established connection was aborted by the software in your host machine)
2026-06-19 18:22:46,033 - ERROR - <KafkaTCPTransport [::1:9092<-50931]>: Error receiving network data closing socket
Traceback (most recent call last):
  File "C:\Users\monis\OneDrive\Documents\IntelliStream\venv\Lib\site-packages\kafka\net\transport.py", line 107, in _sock_recv
    data = self._sock.recv(4096)
ConnectionAbortedError: [WinError 10053] An established connection was aborted by the software in your host machine
2026-06-19 18:22:46,033 - ERROR - <KafkaTCPTransport [::1:9092<-50931]>: Abort (KafkaConnectionError: [WinError 10053] An established connection was aborted by the software in your host machine)
2026-06-19 18:22:46,048 - ERROR - <KafkaTCPTransport [::1:9092<-50932]>: Error receiving network data closing socket
Traceback (most recent call last):
  File "C:\Users\monis\OneDrive\Documents\IntelliStream\venv\Lib\site-packages\kafka\net\transport.py", line 107, in _sock_recv
    data = self._sock.recv(4096)
ConnectionAbortedError: [WinError 10053] An established connection was aborted by the software in your host machine
2026-06-19 18:22:46,049 - ERROR - <KafkaTCPTransport [::1:9092<-50932]>: Abort (KafkaConnectionError: [WinError 10053] An established connection was aborted by the software in your host machine)
2026-06-19 18:22:46,053 - ERROR - <KafkaTCPTransport [::1:9092<-50933]>: socket disconnected
2026-06-19 18:22:46,054 - ERROR - <KafkaTCPTransport [::1:9092<-50933]>: Abort (KafkaConnectionError: socket disconnected)
2026-06-19 18:22:46,058 - INFO - Metadata refresh (node_id=1)
2026-06-19 18:22:46,058 - ERROR - <KafkaTCPTransport [::1:9092<-50934]>: socket disconnected
2026-06-19 18:22:46,058 - ERROR - <KafkaTCPTransport [::1:9092<-50934]>: Abort (KafkaConnectionError: socket disconnected)
2026-06-19 18:22:46,059 - ERROR - Metadata refresh: failed KafkaConnectionError: socket disconnected
2026-06-19 18:22:46,059 - ERROR - KafkaConnectionError: socket disconnected
Traceback (most recent call last):
  File "C:\Users\monis\OneDrive\Documents\IntelliStream\venv\Lib\site-packages\kafka\cluster.py", line 127, in _refresh_loop
    await self.refresh_metadata()
  File "C:\Users\monis\OneDrive\Documents\IntelliStream\venv\Lib\site-packages\kafka\cluster.py", line 156, in refresh_metadata
    await self._do_refresh_metadata(node_id)
  File "C:\Users\monis\OneDrive\Documents\IntelliStream\venv\Lib\site-packages\kafka\cluster.py", line 175, in _do_refresh_metadata
    response = await self._manager.send(request, node_id)
               ^^^^^^^^^^^^^^^^^^^^^^^^^^^^^^^^^^^^^^^^^^
  File "C:\Users\monis\OneDrive\Documents\IntelliStream\venv\Lib\site-packages\kafka\future.py", line 165, in __await__
    raise self.exception
kafka.errors.KafkaConnectionError: KafkaConnectionError: socket disconnected
2026-06-19 18:22:46,064 - ERROR - <KafkaTCPTransport [::1:9092<-50935]>: socket disconnected
2026-06-19 18:22:46,064 - ERROR - <KafkaTCPTransport [::1:9092<-50935]>: Abort (KafkaConnectionError: socket disconnected)
2026-06-19 18:22:46,068 - ERROR - <KafkaTCPTransport [::1:9092<-50936]>: socket disconnected
2026-06-19 18:22:46,069 - ERROR - <KafkaTCPTransport [::1:9092<-50936]>: Abort (KafkaConnectionError: socket disconnected)
2026-06-19 18:22:46,074 - ERROR - <KafkaTCPTransport [::1:9092<-50937]>: socket disconnected
2026-06-19 18:22:46,074 - ERROR - <KafkaTCPTransport [::1:9092<-50937]>: Abort (KafkaConnectionError: socket disconnected)
2026-06-19 18:22:46,079 - ERROR - <KafkaTCPTransport [::1:9092<-50938]>: socket disconnected
2026-06-19 18:22:46,079 - ERROR - <KafkaTCPTransport [::1:9092<-50938]>: Abort (KafkaConnectionError: socket disconnected)
2026-06-19 18:22:46,095 - ERROR - <KafkaTCPTransport [::1:9092<-50939]>: Error receiving network data closing socket
Traceback (most recent call last):
  File "C:\Users\monis\OneDrive\Documents\IntelliStream\venv\Lib\site-packages\kafka\net\transport.py", line 107, in _sock_recv
    data = self._sock.recv(4096)
ConnectionAbortedError: [WinError 10053] An established connection was aborted by the software in your host machine
2026-06-19 18:22:46,096 - ERROR - <KafkaTCPTransport [::1:9092<-50939]>: Abort (KafkaConnectionError: [WinError 10053] An established connection was aborted by the software in your host machine)
2026-06-19 18:22:46,105 - ERROR - <KafkaTCPTransport [::1:9092<-50940]>: socket disconnected
2026-06-19 18:22:46,105 - ERROR - <KafkaTCPTransport [::1:9092<-50940]>: Abort (KafkaConnectionError: socket disconnected)
2026-06-19 18:22:46,111 - ERROR - <KafkaTCPTransport [::1:9092<-50941]>: socket disconnected
2026-06-19 18:22:46,111 - ERROR - <KafkaTCPTransport [::1:9092<-50941]>: Abort (KafkaConnectionError: socket disconnected)
2026-06-19 18:22:46,116 - ERROR - <KafkaTCPTransport [::1:9092<-50942]>: socket disconnected
2026-06-19 18:22:46,116 - ERROR - <KafkaTCPTransport [::1:9092<-50942]>: Abort (KafkaConnectionError: socket disconnected)
2026-06-19 18:22:46,142 - ERROR - <KafkaTCPTransport [::1:9092<-50943]>: Error receiving network data closing socket
Traceback (most recent call last):
  File "C:\Users\monis\OneDrive\Documents\IntelliStream\venv\Lib\site-packages\kafka\net\transport.py", line 107, in _sock_recv
    data = self._sock.recv(4096)
ConnectionAbortedError: [WinError 10053] An established connection was aborted by the software in your host machine
2026-06-19 18:22:46,142 - ERROR - <KafkaTCPTransport [::1:9092<-50943]>: Abort (KafkaConnectionError: [WinError 10053] An established connection was aborted by the software in your host machine)
2026-06-19 18:22:46,147 - ERROR - <KafkaTCPTransport [::1:9092<-50944]>: socket disconnected
2026-06-19 18:22:46,147 - ERROR - <KafkaTCPTransport [::1:9092<-50944]>: Abort (KafkaConnectionError: socket disconnected)
2026-06-19 18:22:46,152 - ERROR - <KafkaTCPTransport [::1:9092<-50945]>: socket disconnected
2026-06-19 18:22:46,152 - ERROR - <KafkaTCPTransport [::1:9092<-50945]>: Abort (KafkaConnectionError: socket disconnected)
2026-06-19 18:22:46,173 - INFO - Metadata refresh (node_id=1)
2026-06-19 18:22:46,174 - ERROR - <KafkaTCPTransport [::1:9092<-50946]>: Error receiving network data closing socket
Traceback (most recent call last):
  File "C:\Users\monis\OneDrive\Documents\IntelliStream\venv\Lib\site-packages\kafka\net\transport.py", line 107, in _sock_recv
    data = self._sock.recv(4096)
ConnectionAbortedError: [WinError 10053] An established connection was aborted by the software in your host machine
2026-06-19 18:22:46,174 - ERROR - <KafkaTCPTransport [::1:9092<-50946]>: Abort (KafkaConnectionError: [WinError 10053] An established connection was aborted by the software in your host machine)
2026-06-19 18:22:46,175 - ERROR - Metadata refresh: failed KafkaConnectionError: [WinError 10053] An established connection was aborted by the software in your host machine
2026-06-19 18:22:46,175 - ERROR - KafkaConnectionError: [WinError 10053] An established connection was aborted by the software in your host machine
Traceback (most recent call last):
  File "C:\Users\monis\OneDrive\Documents\IntelliStream\venv\Lib\site-packages\kafka\cluster.py", line 127, in _refresh_loop
    await self.refresh_metadata()
  File "C:\Users\monis\OneDrive\Documents\IntelliStream\venv\Lib\site-packages\kafka\cluster.py", line 156, in refresh_metadata
    await self._do_refresh_metadata(node_id)
  File "C:\Users\monis\OneDrive\Documents\IntelliStream\venv\Lib\site-packages\kafka\cluster.py", line 175, in _do_refresh_metadata
    response = await self._manager.send(request, node_id)
               ^^^^^^^^^^^^^^^^^^^^^^^^^^^^^^^^^^^^^^^^^^
  File "C:\Users\monis\OneDrive\Documents\IntelliStream\venv\Lib\site-packages\kafka\future.py", line 165, in __await__
    raise self.exception
kafka.errors.KafkaConnectionError: KafkaConnectionError: [WinError 10053] An established connection was aborted by the software in your host machine
2026-06-19 18:22:46,182 - ERROR - <KafkaTCPTransport [::1:9092<-50947]>: socket disconnected
2026-06-19 18:22:46,182 - ERROR - <KafkaTCPTransport [::1:9092<-50947]>: Abort (KafkaConnectionError: socket disconnected)
2026-06-19 18:22:46,204 - ERROR - <KafkaTCPTransport [::1:9092<-50948]>: Error receiving network data closing socket
Traceback (most recent call last):
  File "C:\Users\monis\OneDrive\Documents\IntelliStream\venv\Lib\site-packages\kafka\net\transport.py", line 107, in _sock_recv
    data = self._sock.recv(4096)
ConnectionAbortedError: [WinError 10053] An established connection was aborted by the software in your host machine
2026-06-19 18:22:46,204 - ERROR - <KafkaTCPTransport [::1:9092<-50948]>: Abort (KafkaConnectionError: [WinError 10053] An established connection was aborted by the software in your host machine)
2026-06-19 18:22:46,210 - ERROR - <KafkaTCPTransport [::1:9092<-50949]>: socket disconnected
2026-06-19 18:22:46,210 - ERROR - <KafkaTCPTransport [::1:9092<-50949]>: Abort (KafkaConnectionError: socket disconnected)
2026-06-19 18:22:46,216 - ERROR - <KafkaTCPTransport [::1:9092<-50950]>: socket disconnected
2026-06-19 18:22:46,216 - ERROR - <KafkaTCPTransport [::1:9092<-50950]>: Abort (KafkaConnectionError: socket disconnected)
2026-06-19 18:22:46,235 - ERROR - <KafkaTCPTransport [::1:9092<-50951]>: socket disconnected
2026-06-19 18:22:46,235 - ERROR - <KafkaTCPTransport [::1:9092<-50951]>: Abort (KafkaConnectionError: socket disconnected)
2026-06-19 18:22:46,250 - ERROR - <KafkaTCPTransport [::1:9092<-50952]>: Error receiving network data closing socket
Traceback (most recent call last):
  File "C:\Users\monis\OneDrive\Documents\IntelliStream\venv\Lib\site-packages\kafka\net\transport.py", line 107, in _sock_recv
    data = self._sock.recv(4096)
ConnectionAbortedError: [WinError 10053] An established connection was aborted by the software in your host machine
2026-06-19 18:22:46,250 - ERROR - <KafkaTCPTransport [::1:9092<-50952]>: Abort (KafkaConnectionError: [WinError 10053] An established connection was aborted by the software in your host machine)
2026-06-19 18:22:46,255 - ERROR - <KafkaTCPTransport [::1:9092<-50953]>: socket disconnected
2026-06-19 18:22:46,256 - ERROR - <KafkaTCPTransport [::1:9092<-50953]>: Abort (KafkaConnectionError: socket disconnected)
2026-06-19 18:22:46,280 - INFO - Metadata refresh (node_id=1)
2026-06-19 18:22:46,281 - ERROR - <KafkaTCPTransport [::1:9092<-50954]>: Error receiving network data closing socket
Traceback (most recent call last):
  File "C:\Users\monis\OneDrive\Documents\IntelliStream\venv\Lib\site-packages\kafka\net\transport.py", line 107, in _sock_recv
    data = self._sock.recv(4096)
ConnectionAbortedError: [WinError 10053] An established connection was aborted by the software in your host machine
2026-06-19 18:22:46,281 - ERROR - <KafkaTCPTransport [::1:9092<-50954]>: Abort (KafkaConnectionError: [WinError 10053] An established connection was aborted by the software in your host machine)
2026-06-19 18:22:46,282 - ERROR - Metadata refresh: failed KafkaConnectionError: [WinError 10053] An established connection was aborted by the software in your host machine
2026-06-19 18:22:46,282 - ERROR - KafkaConnectionError: [WinError 10053] An established connection was aborted by the software in your host machine
Traceback (most recent call last):
  File "C:\Users\monis\OneDrive\Documents\IntelliStream\venv\Lib\site-packages\kafka\cluster.py", line 127, in _refresh_loop
    await self.refresh_metadata()
  File "C:\Users\monis\OneDrive\Documents\IntelliStream\venv\Lib\site-packages\kafka\cluster.py", line 156, in refresh_metadata
    await self._do_refresh_metadata(node_id)
  File "C:\Users\monis\OneDrive\Documents\IntelliStream\venv\Lib\site-packages\kafka\cluster.py", line 175, in _do_refresh_metadata
    response = await self._manager.send(request, node_id)
               ^^^^^^^^^^^^^^^^^^^^^^^^^^^^^^^^^^^^^^^^^^
  File "C:\Users\monis\OneDrive\Documents\IntelliStream\venv\Lib\site-packages\kafka\future.py", line 165, in __await__
    raise self.exception
kafka.errors.KafkaConnectionError: KafkaConnectionError: [WinError 10053] An established connection was aborted by the software in your host machine
2026-06-19 18:22:46,296 - ERROR - <KafkaTCPTransport [::1:9092<-50955]>: Error receiving network data closing socket
Traceback (most recent call last):
  File "C:\Users\monis\OneDrive\Documents\IntelliStream\venv\Lib\site-packages\kafka\net\transport.py", line 107, in _sock_recv
    data = self._sock.recv(4096)
ConnectionAbortedError: [WinError 10053] An established connection was aborted by the software in your host machine
2026-06-19 18:22:46,297 - ERROR - <KafkaTCPTransport [::1:9092<-50955]>: Abort (KafkaConnectionError: [WinError 10053] An established connection was aborted by the software in your host machine)
2026-06-19 18:22:46,312 - ERROR - <KafkaTCPTransport [::1:9092<-50956]>: Error receiving network data closing socket
Traceback (most recent call last):
  File "C:\Users\monis\OneDrive\Documents\IntelliStream\venv\Lib\site-packages\kafka\net\transport.py", line 107, in _sock_recv
    data = self._sock.recv(4096)
ConnectionAbortedError: [WinError 10053] An established connection was aborted by the software in your host machine
2026-06-19 18:22:46,312 - ERROR - <KafkaTCPTransport [::1:9092<-50956]>: Abort (KafkaConnectionError: [WinError 10053] An established connection was aborted by the software in your host machine)
2026-06-19 18:22:46,327 - ERROR - <KafkaTCPTransport [::1:9092<-50957]>: Error receiving network data closing socket
Traceback (most recent call last):
  File "C:\Users\monis\OneDrive\Documents\IntelliStream\venv\Lib\site-packages\kafka\net\transport.py", line 107, in _sock_recv
    data = self._sock.recv(4096)
ConnectionAbortedError: [WinError 10053] An established connection was aborted by the software in your host machine
2026-06-19 18:22:46,328 - ERROR - <KafkaTCPTransport [::1:9092<-50957]>: Abort (KafkaConnectionError: [WinError 10053] An established connection was aborted by the software in your host machine)
2026-06-19 18:22:46,333 - ERROR - <KafkaTCPTransport [::1:9092<-50958]>: socket disconnected
2026-06-19 18:22:46,333 - ERROR - <KafkaTCPTransport [::1:9092<-50958]>: Abort (KafkaConnectionError: socket disconnected)
2026-06-19 18:22:46,339 - ERROR - <KafkaTCPTransport [::1:9092<-50959]>: socket disconnected
2026-06-19 18:22:46,339 - ERROR - <KafkaTCPTransport [::1:9092<-50959]>: Abort (KafkaConnectionError: socket disconnected)
2026-06-19 18:22:46,345 - ERROR - <KafkaTCPTransport [::1:9092<-50960]>: socket disconnected
2026-06-19 18:22:46,346 - ERROR - <KafkaTCPTransport [::1:9092<-50960]>: Abort (KafkaConnectionError: socket disconnected)
2026-06-19 18:22:46,374 - ERROR - <KafkaTCPTransport [::1:9092<-50961]>: Error receiving network data closing socket
Traceback (most recent call last):
  File "C:\Users\monis\OneDrive\Documents\IntelliStream\venv\Lib\site-packages\kafka\net\transport.py", line 107, in _sock_recv
    data = self._sock.recv(4096)
ConnectionAbortedError: [WinError 10053] An established connection was aborted by the software in your host machine
2026-06-19 18:22:46,374 - ERROR - <KafkaTCPTransport [::1:9092<-50961]>: Abort (KafkaConnectionError: [WinError 10053] An established connection was aborted by the software in your host machine)
2026-06-19 18:22:46,380 - ERROR - <KafkaTCPTransport [::1:9092<-50962]>: socket disconnected
2026-06-19 18:22:46,380 - ERROR - <KafkaTCPTransport [::1:9092<-50962]>: Abort (KafkaConnectionError: socket disconnected)
2026-06-19 18:22:46,383 - INFO - Metadata refresh (node_id=1)
2026-06-19 18:22:46,385 - ERROR - <KafkaTCPTransport [::1:9092<-50963]>: socket disconnected
2026-06-19 18:22:46,386 - ERROR - <KafkaTCPTransport [::1:9092<-50963]>: Abort (KafkaConnectionError: socket disconnected)
2026-06-19 18:22:46,386 - ERROR - Metadata refresh: failed KafkaConnectionError: socket disconnected
2026-06-19 18:22:46,387 - ERROR - KafkaConnectionError: socket disconnected
Traceback (most recent call last):
  File "C:\Users\monis\OneDrive\Documents\IntelliStream\venv\Lib\site-packages\kafka\cluster.py", line 127, in _refresh_loop
    await self.refresh_metadata()
  File "C:\Users\monis\OneDrive\Documents\IntelliStream\venv\Lib\site-packages\kafka\cluster.py", line 156, in refresh_metadata
    await self._do_refresh_metadata(node_id)
  File "C:\Users\monis\OneDrive\Documents\IntelliStream\venv\Lib\site-packages\kafka\cluster.py", line 175, in _do_refresh_metadata
    response = await self._manager.send(request, node_id)
               ^^^^^^^^^^^^^^^^^^^^^^^^^^^^^^^^^^^^^^^^^^
  File "C:\Users\monis\OneDrive\Documents\IntelliStream\venv\Lib\site-packages\kafka\future.py", line 165, in __await__
    raise self.exception
kafka.errors.KafkaConnectionError: KafkaConnectionError: socket disconnected
2026-06-19 18:22:46,398 - ERROR - <KafkaTCPTransport [::1:9092<-50964]>: socket disconnected
2026-06-19 18:22:46,399 - ERROR - <KafkaTCPTransport [::1:9092<-50964]>: Abort (KafkaConnectionError: socket disconnected)
2026-06-19 18:22:46,404 - ERROR - <KafkaTCPTransport [::1:9092<-50965]>: socket disconnected
2026-06-19 18:22:46,406 - ERROR - <KafkaTCPTransport [::1:9092<-50965]>: Abort (KafkaConnectionError: socket disconnected)
2026-06-19 18:22:46,434 - ERROR - <KafkaTCPTransport [::1:9092<-50966]>: Error receiving network data closing socket
Traceback (most recent call last):
  File "C:\Users\monis\OneDrive\Documents\IntelliStream\venv\Lib\site-packages\kafka\net\transport.py", line 107, in _sock_recv
    data = self._sock.recv(4096)
ConnectionAbortedError: [WinError 10053] An established connection was aborted by the software in your host machine
2026-06-19 18:22:46,434 - ERROR - <KafkaTCPTransport [::1:9092<-50966]>: Abort (KafkaConnectionError: [WinError 10053] An established connection was aborted by the software in your host machine)
2026-06-19 18:22:46,440 - ERROR - <KafkaTCPTransport [::1:9092<-50967]>: socket disconnected
2026-06-19 18:22:46,440 - ERROR - <KafkaTCPTransport [::1:9092<-50967]>: Abort (KafkaConnectionError: socket disconnected)
2026-06-19 18:22:46,465 - ERROR - <KafkaTCPTransport [::1:9092<-50968]>: Error receiving network data closing socket
Traceback (most recent call last):
  File "C:\Users\monis\OneDrive\Documents\IntelliStream\venv\Lib\site-packages\kafka\net\transport.py", line 107, in _sock_recv
    data = self._sock.recv(4096)
ConnectionAbortedError: [WinError 10053] An established connection was aborted by the software in your host machine
2026-06-19 18:22:46,466 - ERROR - <KafkaTCPTransport [::1:9092<-50968]>: Abort (KafkaConnectionError: [WinError 10053] An established connection was aborted by the software in your host machine)
2026-06-19 18:22:46,479 - ERROR - <KafkaTCPTransport [::1:9092<-50969]>: socket disconnected
2026-06-19 18:22:46,479 - ERROR - <KafkaTCPTransport [::1:9092<-50969]>: Abort (KafkaConnectionError: socket disconnected)
2026-06-19 18:22:46,485 - ERROR - <KafkaTCPTransport [::1:9092<-50970]>: socket disconnected
2026-06-19 18:22:46,485 - ERROR - <KafkaTCPTransport [::1:9092<-50970]>: Abort (KafkaConnectionError: socket disconnected)
2026-06-19 18:22:46,488 - INFO - Metadata refresh (node_id=1)
2026-06-19 18:22:46,492 - ERROR - <KafkaTCPTransport [::1:9092<-50971]>: socket disconnected
2026-06-19 18:22:46,493 - ERROR - <KafkaTCPTransport [::1:9092<-50971]>: Abort (KafkaConnectionError: socket disconnected)
2026-06-19 18:22:46,494 - ERROR - Metadata refresh: failed KafkaConnectionError: socket disconnected
2026-06-19 18:22:46,494 - ERROR - KafkaConnectionError: socket disconnected
Traceback (most recent call last):
  File "C:\Users\monis\OneDrive\Documents\IntelliStream\venv\Lib\site-packages\kafka\cluster.py", line 127, in _refresh_loop
    await self.refresh_metadata()
  File "C:\Users\monis\OneDrive\Documents\IntelliStream\venv\Lib\site-packages\kafka\cluster.py", line 156, in refresh_metadata
    await self._do_refresh_metadata(node_id)
  File "C:\Users\monis\OneDrive\Documents\IntelliStream\venv\Lib\site-packages\kafka\cluster.py", line 175, in _do_refresh_metadata
    response = await self._manager.send(request, node_id)
               ^^^^^^^^^^^^^^^^^^^^^^^^^^^^^^^^^^^^^^^^^^
  File "C:\Users\monis\OneDrive\Documents\IntelliStream\venv\Lib\site-packages\kafka\future.py", line 165, in __await__
    raise self.exception
kafka.errors.KafkaConnectionError: KafkaConnectionError: socket disconnected
2026-06-19 18:22:46,500 - ERROR - <KafkaTCPTransport [::1:9092<-50972]>: socket disconnected
2026-06-19 18:22:46,501 - ERROR - <KafkaTCPTransport [::1:9092<-50972]>: Abort (KafkaConnectionError: socket disconnected)
2026-06-19 18:22:46,507 - ERROR - <KafkaTCPTransport [::1:9092<-50973]>: socket disconnected
2026-06-19 18:22:46,507 - ERROR - <KafkaTCPTransport [::1:9092<-50973]>: Abort (KafkaConnectionError: socket disconnected)
2026-06-19 18:22:46,513 - ERROR - <KafkaTCPTransport [::1:9092<-50974]>: socket disconnected
2026-06-19 18:22:46,514 - ERROR - <KafkaTCPTransport [::1:9092<-50974]>: Abort (KafkaConnectionError: socket disconnected)
2026-06-19 18:22:46,520 - ERROR - <KafkaTCPTransport [::1:9092<-50975]>: socket disconnected
2026-06-19 18:22:46,521 - ERROR - <KafkaTCPTransport [::1:9092<-50975]>: Abort (KafkaConnectionError: socket disconnected)
2026-06-19 18:22:46,527 - ERROR - <KafkaTCPTransport [::1:9092<-50976]>: socket disconnected
2026-06-19 18:22:46,527 - ERROR - <KafkaTCPTransport [::1:9092<-50976]>: Abort (KafkaConnectionError: socket disconnected)
2026-06-19 18:22:46,532 - ERROR - <KafkaTCPTransport [::1:9092<-50977]>: socket disconnected
2026-06-19 18:22:46,532 - ERROR - <KafkaTCPTransport [::1:9092<-50977]>: Abort (KafkaConnectionError: socket disconnected)
2026-06-19 18:22:46,538 - ERROR - <KafkaTCPTransport [::1:9092<-50978]>: socket disconnected
2026-06-19 18:22:46,539 - ERROR - <KafkaTCPTransport [::1:9092<-50978]>: Abort (KafkaConnectionError: socket disconnected)
2026-06-19 18:22:46,545 - ERROR - <KafkaTCPTransport [::1:9092<-50979]>: socket disconnected
2026-06-19 18:22:46,545 - ERROR - <KafkaTCPTransport [::1:9092<-50979]>: Abort (KafkaConnectionError: socket disconnected)
2026-06-19 18:22:46,552 - ERROR - <KafkaTCPTransport [::1:9092<-50980]>: socket disconnected
2026-06-19 18:22:46,552 - ERROR - <KafkaTCPTransport [::1:9092<-50980]>: Abort (KafkaConnectionError: socket disconnected)
2026-06-19 18:22:46,559 - ERROR - <KafkaTCPTransport [::1:9092<-50981]>: socket disconnected
2026-06-19 18:22:46,560 - ERROR - <KafkaTCPTransport [::1:9092<-50981]>: Abort (KafkaConnectionError: socket disconnected)
2026-06-19 18:22:46,566 - ERROR - <KafkaTCPTransport [::1:9092<-50982]>: socket disconnected
2026-06-19 18:22:46,566 - ERROR - <KafkaTCPTransport [::1:9092<-50982]>: Abort (KafkaConnectionError: socket disconnected)
2026-06-19 18:22:46,572 - ERROR - <KafkaTCPTransport [::1:9092<-50983]>: socket disconnected
2026-06-19 18:22:46,572 - ERROR - <KafkaTCPTransport [::1:9092<-50983]>: Abort (KafkaConnectionError: socket disconnected)
2026-06-19 18:22:46,588 - ERROR - <KafkaTCPTransport [::1:9092<-50984]>: Error receiving network data closing socket
Traceback (most recent call last):
  File "C:\Users\monis\OneDrive\Documents\IntelliStream\venv\Lib\site-packages\kafka\net\transport.py", line 107, in _sock_recv
    data = self._sock.recv(4096)
ConnectionAbortedError: [WinError 10053] An established connection was aborted by the software in your host machine
2026-06-19 18:22:46,589 - ERROR - <KafkaTCPTransport [::1:9092<-50984]>: Abort (KafkaConnectionError: [WinError 10053] An established connection was aborted by the software in your host machine)
2026-06-19 18:22:46,594 - INFO - Metadata refresh (node_id=1)
2026-06-19 18:22:46,595 - ERROR - <KafkaTCPTransport [::1:9092<-50985]>: socket disconnected
2026-06-19 18:22:46,595 - ERROR - <KafkaTCPTransport [::1:9092<-50985]>: Abort (KafkaConnectionError: socket disconnected)
2026-06-19 18:22:46,596 - ERROR - Metadata refresh: failed KafkaConnectionError: socket disconnected
2026-06-19 18:22:46,596 - ERROR - KafkaConnectionError: socket disconnected
Traceback (most recent call last):
  File "C:\Users\monis\OneDrive\Documents\IntelliStream\venv\Lib\site-packages\kafka\cluster.py", line 127, in _refresh_loop
    await self.refresh_metadata()
  File "C:\Users\monis\OneDrive\Documents\IntelliStream\venv\Lib\site-packages\kafka\cluster.py", line 156, in refresh_metadata
    await self._do_refresh_metadata(node_id)
  File "C:\Users\monis\OneDrive\Documents\IntelliStream\venv\Lib\site-packages\kafka\cluster.py", line 175, in _do_refresh_metadata
    response = await self._manager.send(request, node_id)
               ^^^^^^^^^^^^^^^^^^^^^^^^^^^^^^^^^^^^^^^^^^
  File "C:\Users\monis\OneDrive\Documents\IntelliStream\venv\Lib\site-packages\kafka\future.py", line 165, in __await__
    raise self.exception
kafka.errors.KafkaConnectionError: KafkaConnectionError: socket disconnected
2026-06-19 18:22:46,601 - ERROR - <KafkaTCPTransport [::1:9092<-50986]>: socket disconnected
2026-06-19 18:22:46,601 - ERROR - <KafkaTCPTransport [::1:9092<-50986]>: Abort (KafkaConnectionError: socket disconnected)
2026-06-19 18:22:46,608 - ERROR - <KafkaTCPTransport [::1:9092<-50987]>: socket disconnected
2026-06-19 18:22:46,608 - ERROR - <KafkaTCPTransport [::1:9092<-50987]>: Abort (KafkaConnectionError: socket disconnected)
2026-06-19 18:22:46,614 - ERROR - <KafkaTCPTransport [::1:9092<-50990]>: socket disconnected
2026-06-19 18:22:46,615 - ERROR - <KafkaTCPTransport [::1:9092<-50990]>: Abort (KafkaConnectionError: socket disconnected)
2026-06-19 18:22:46,621 - ERROR - <KafkaTCPTransport [::1:9092<-50991]>: socket disconnected
2026-06-19 18:22:46,621 - ERROR - <KafkaTCPTransport [::1:9092<-50991]>: Abort (KafkaConnectionError: socket disconnected)
2026-06-19 18:22:46,650 - ERROR - <KafkaTCPTransport [::1:9092<-50992]>: Error receiving network data closing socket
Traceback (most recent call last):
  File "C:\Users\monis\OneDrive\Documents\IntelliStream\venv\Lib\site-packages\kafka\net\transport.py", line 107, in _sock_recv
    data = self._sock.recv(4096)
ConnectionAbortedError: [WinError 10053] An established connection was aborted by the software in your host machine
2026-06-19 18:22:46,651 - ERROR - <KafkaTCPTransport [::1:9092<-50992]>: Abort (KafkaConnectionError: [WinError 10053] An established connection was aborted by the software in your host machine)
2026-06-19 18:22:46,657 - ERROR - <KafkaTCPTransport [::1:9092<-50993]>: socket disconnected
2026-06-19 18:22:46,657 - ERROR - <KafkaTCPTransport [::1:9092<-50993]>: Abort (KafkaConnectionError: socket disconnected)
2026-06-19 18:22:46,664 - ERROR - <KafkaTCPTransport [::1:9092<-50994]>: socket disconnected
2026-06-19 18:22:46,664 - ERROR - <KafkaTCPTransport [::1:9092<-50994]>: Abort (KafkaConnectionError: socket disconnected)
2026-06-19 18:22:46,673 - ERROR - <KafkaTCPTransport [::1:9092<-50995]>: socket disconnected
2026-06-19 18:22:46,673 - ERROR - <KafkaTCPTransport [::1:9092<-50995]>: Abort (KafkaConnectionError: socket disconnected)
2026-06-19 18:22:46,680 - ERROR - <KafkaTCPTransport [::1:9092<-50996]>: socket disconnected
2026-06-19 18:22:46,680 - ERROR - <KafkaTCPTransport [::1:9092<-50996]>: Abort (KafkaConnectionError: socket disconnected)
2026-06-19 18:22:46,685 - ERROR - <KafkaTCPTransport [::1:9092<-50997]>: socket disconnected
2026-06-19 18:22:46,685 - ERROR - <KafkaTCPTransport [::1:9092<-50997]>: Abort (KafkaConnectionError: socket disconnected)
2026-06-19 18:22:46,691 - ERROR - <KafkaTCPTransport [::1:9092<-50998]>: socket disconnected
2026-06-19 18:22:46,691 - ERROR - <KafkaTCPTransport [::1:9092<-50998]>: Abort (KafkaConnectionError: socket disconnected)
2026-06-19 18:22:46,696 - INFO - Metadata refresh (node_id=1)
2026-06-19 18:22:46,697 - ERROR - <KafkaTCPTransport [::1:9092<-50999]>: socket disconnected
2026-06-19 18:22:46,697 - ERROR - <KafkaTCPTransport [::1:9092<-50999]>: Abort (KafkaConnectionError: socket disconnected)
2026-06-19 18:22:46,698 - ERROR - Metadata refresh: failed KafkaConnectionError: socket disconnected
2026-06-19 18:22:46,698 - ERROR - KafkaConnectionError: socket disconnected
Traceback (most recent call last):
  File "C:\Users\monis\OneDrive\Documents\IntelliStream\venv\Lib\site-packages\kafka\cluster.py", line 127, in _refresh_loop
    await self.refresh_metadata()
  File "C:\Users\monis\OneDrive\Documents\IntelliStream\venv\Lib\site-packages\kafka\cluster.py", line 156, in refresh_metadata
    await self._do_refresh_metadata(node_id)
  File "C:\Users\monis\OneDrive\Documents\IntelliStream\venv\Lib\site-packages\kafka\cluster.py", line 175, in _do_refresh_metadata
    response = await self._manager.send(request, node_id)
               ^^^^^^^^^^^^^^^^^^^^^^^^^^^^^^^^^^^^^^^^^^
  File "C:\Users\monis\OneDrive\Documents\IntelliStream\venv\Lib\site-packages\kafka\future.py", line 165, in __await__
    raise self.exception
kafka.errors.KafkaConnectionError: KafkaConnectionError: socket disconnected
2026-06-19 18:22:46,703 - ERROR - <KafkaTCPTransport [::1:9092<-51000]>: socket disconnected
2026-06-19 18:22:46,703 - ERROR - <KafkaTCPTransport [::1:9092<-51000]>: Abort (KafkaConnectionError: socket disconnected)
2026-06-19 18:22:46,708 - ERROR - <KafkaTCPTransport [::1:9092<-51001]>: socket disconnected
2026-06-19 18:22:46,708 - ERROR - <KafkaTCPTransport [::1:9092<-51001]>: Abort (KafkaConnectionError: socket disconnected)
2026-06-19 18:22:46,713 - ERROR - <KafkaTCPTransport [::1:9092<-51002]>: socket disconnected
2026-06-19 18:22:46,713 - ERROR - <KafkaTCPTransport [::1:9092<-51002]>: Abort (KafkaConnectionError: socket disconnected)
2026-06-19 18:22:46,718 - ERROR - <KafkaTCPTransport [::1:9092<-51003]>: socket disconnected
2026-06-19 18:22:46,718 - ERROR - <KafkaTCPTransport [::1:9092<-51003]>: Abort (KafkaConnectionError: socket disconnected)
2026-06-19 18:22:46,723 - ERROR - <KafkaTCPTransport [::1:9092<-51004]>: socket disconnected
2026-06-19 18:22:46,723 - ERROR - <KafkaTCPTransport [::1:9092<-51004]>: Abort (KafkaConnectionError: socket disconnected)
2026-06-19 18:22:46,728 - ERROR - <KafkaTCPTransport [::1:9092<-51005]>: socket disconnected
2026-06-19 18:22:46,728 - ERROR - <KafkaTCPTransport [::1:9092<-51005]>: Abort (KafkaConnectionError: socket disconnected)
2026-06-19 18:22:46,733 - ERROR - <KafkaTCPTransport [::1:9092<-51006]>: socket disconnected
2026-06-19 18:22:46,733 - ERROR - <KafkaTCPTransport [::1:9092<-51006]>: Abort (KafkaConnectionError: socket disconnected)
2026-06-19 18:22:46,738 - ERROR - <KafkaTCPTransport [::1:9092<-51007]>: socket disconnected
2026-06-19 18:22:46,738 - ERROR - <KafkaTCPTransport [::1:9092<-51007]>: Abort (KafkaConnectionError: socket disconnected)
2026-06-19 18:22:46,743 - ERROR - <KafkaTCPTransport [::1:9092<-51008]>: socket disconnected
2026-06-19 18:22:46,744 - ERROR - <KafkaTCPTransport [::1:9092<-51008]>: Abort (KafkaConnectionError: socket disconnected)
2026-06-19 18:22:46,750 - ERROR - <KafkaTCPTransport [::1:9092<-51009]>: socket disconnected
2026-06-19 18:22:46,750 - ERROR - <KafkaTCPTransport [::1:9092<-51009]>: Abort (KafkaConnectionError: socket disconnected)
2026-06-19 18:22:46,755 - ERROR - <KafkaTCPTransport [::1:9092<-51010]>: socket disconnected
2026-06-19 18:22:46,756 - ERROR - <KafkaTCPTransport [::1:9092<-51010]>: Abort (KafkaConnectionError: socket disconnected)
2026-06-19 18:22:46,761 - ERROR - <KafkaTCPTransport [::1:9092<-51011]>: socket disconnected
2026-06-19 18:22:46,761 - ERROR - <KafkaTCPTransport [::1:9092<-51011]>: Abort (KafkaConnectionError: socket disconnected)
2026-06-19 18:22:46,767 - ERROR - <KafkaTCPTransport [::1:9092<-51012]>: socket disconnected
2026-06-19 18:22:46,767 - ERROR - <KafkaTCPTransport [::1:9092<-51012]>: Abort (KafkaConnectionError: socket disconnected)
2026-06-19 18:22:46,772 - ERROR - <KafkaTCPTransport [::1:9092<-51013]>: socket disconnected
2026-06-19 18:22:46,772 - ERROR - <KafkaTCPTransport [::1:9092<-51013]>: Abort (KafkaConnectionError: socket disconnected)
2026-06-19 18:22:46,790 - ERROR - <KafkaTCPTransport [::1:9092<-51014]>: Error receiving network data closing socket
Traceback (most recent call last):
  File "C:\Users\monis\OneDrive\Documents\IntelliStream\venv\Lib\site-packages\kafka\net\transport.py", line 107, in _sock_recv
    data = self._sock.recv(4096)
ConnectionAbortedError: [WinError 10053] An established connection was aborted by the software in your host machine
2026-06-19 18:22:46,791 - ERROR - <KafkaTCPTransport [::1:9092<-51014]>: Abort (KafkaConnectionError: [WinError 10053] An established connection was aborted by the software in your host machine)
2026-06-19 18:22:46,796 - ERROR - <KafkaTCPTransport [::1:9092<-51015]>: socket disconnected
2026-06-19 18:22:46,796 - ERROR - <KafkaTCPTransport [::1:9092<-51015]>: Abort (KafkaConnectionError: socket disconnected)
2026-06-19 18:22:46,798 - INFO - Metadata refresh (node_id=1)
2026-06-19 18:22:46,801 - ERROR - <KafkaTCPTransport [::1:9092<-51016]>: socket disconnected
2026-06-19 18:22:46,801 - ERROR - <KafkaTCPTransport [::1:9092<-51016]>: Abort (KafkaConnectionError: socket disconnected)
2026-06-19 18:22:46,802 - ERROR - Metadata refresh: failed KafkaConnectionError: socket disconnected
2026-06-19 18:22:46,802 - ERROR - KafkaConnectionError: socket disconnected
Traceback (most recent call last):
  File "C:\Users\monis\OneDrive\Documents\IntelliStream\venv\Lib\site-packages\kafka\cluster.py", line 127, in _refresh_loop
    await self.refresh_metadata()
  File "C:\Users\monis\OneDrive\Documents\IntelliStream\venv\Lib\site-packages\kafka\cluster.py", line 156, in refresh_metadata
    await self._do_refresh_metadata(node_id)
  File "C:\Users\monis\OneDrive\Documents\IntelliStream\venv\Lib\site-packages\kafka\cluster.py", line 175, in _do_refresh_metadata
    response = await self._manager.send(request, node_id)
               ^^^^^^^^^^^^^^^^^^^^^^^^^^^^^^^^^^^^^^^^^^
  File "C:\Users\monis\OneDrive\Documents\IntelliStream\venv\Lib\site-packages\kafka\future.py", line 165, in __await__
    raise self.exception
kafka.errors.KafkaConnectionError: KafkaConnectionError: socket disconnected
2026-06-19 18:22:46,808 - ERROR - <KafkaTCPTransport [::1:9092<-51017]>: socket disconnected
2026-06-19 18:22:46,808 - ERROR - <KafkaTCPTransport [::1:9092<-51017]>: Abort (KafkaConnectionError: socket disconnected)
2026-06-19 18:22:46,813 - ERROR - <KafkaTCPTransport [::1:9092<-51018]>: socket disconnected
2026-06-19 18:22:46,814 - ERROR - <KafkaTCPTransport [::1:9092<-51018]>: Abort (KafkaConnectionError: socket disconnected)
2026-06-19 18:22:46,819 - ERROR - <KafkaTCPTransport [::1:9092<-51019]>: socket disconnected
2026-06-19 18:22:46,819 - ERROR - <KafkaTCPTransport [::1:9092<-51019]>: Abort (KafkaConnectionError: socket disconnected)
2026-06-19 18:22:46,824 - ERROR - <KafkaTCPTransport [::1:9092<-51020]>: socket disconnected
2026-06-19 18:22:46,824 - ERROR - <KafkaTCPTransport [::1:9092<-51020]>: Abort (KafkaConnectionError: socket disconnected)
2026-06-19 18:22:46,830 - ERROR - <KafkaTCPTransport [::1:9092<-51021]>: socket disconnected
2026-06-19 18:22:46,830 - ERROR - <KafkaTCPTransport [::1:9092<-51021]>: Abort (KafkaConnectionError: socket disconnected)
2026-06-19 18:22:46,835 - ERROR - <KafkaTCPTransport [::1:9092<-51022]>: socket disconnected
2026-06-19 18:22:46,835 - ERROR - <KafkaTCPTransport [::1:9092<-51022]>: Abort (KafkaConnectionError: socket disconnected)
2026-06-19 18:22:46,848 - ERROR - <KafkaTCPTransport [::1:9092<-51023]>: socket disconnected
2026-06-19 18:22:46,848 - ERROR - <KafkaTCPTransport [::1:9092<-51023]>: Abort (KafkaConnectionError: socket disconnected)
2026-06-19 18:22:46,854 - ERROR - <KafkaTCPTransport [::1:9092<-51024]>: socket disconnected
2026-06-19 18:22:46,854 - ERROR - <KafkaTCPTransport [::1:9092<-51024]>: Abort (KafkaConnectionError: socket disconnected)
2026-06-19 18:22:46,860 - ERROR - <KafkaTCPTransport [::1:9092<-51025]>: socket disconnected
2026-06-19 18:22:46,860 - ERROR - <KafkaTCPTransport [::1:9092<-51025]>: Abort (KafkaConnectionError: socket disconnected)
2026-06-19 18:22:46,865 - ERROR - <KafkaTCPTransport [::1:9092<-51026]>: socket disconnected
2026-06-19 18:22:46,866 - ERROR - <KafkaTCPTransport [::1:9092<-51026]>: Abort (KafkaConnectionError: socket disconnected)
2026-06-19 18:22:46,872 - ERROR - <KafkaTCPTransport [::1:9092<-51027]>: socket disconnected
2026-06-19 18:22:46,872 - ERROR - <KafkaTCPTransport [::1:9092<-51027]>: Abort (KafkaConnectionError: socket disconnected)
2026-06-19 18:22:46,878 - ERROR - <KafkaTCPTransport [::1:9092<-51028]>: socket disconnected
2026-06-19 18:22:46,878 - ERROR - <KafkaTCPTransport [::1:9092<-51028]>: Abort (KafkaConnectionError: socket disconnected)
2026-06-19 18:22:46,884 - ERROR - <KafkaTCPTransport [::1:9092<-51029]>: socket disconnected
2026-06-19 18:22:46,884 - ERROR - <KafkaTCPTransport [::1:9092<-51029]>: Abort (KafkaConnectionError: socket disconnected)
2026-06-19 18:22:46,889 - ERROR - <KafkaTCPTransport [::1:9092<-51030]>: socket disconnected
2026-06-19 18:22:46,890 - ERROR - <KafkaTCPTransport [::1:9092<-51030]>: Abort (KafkaConnectionError: socket disconnected)
2026-06-19 18:22:46,895 - ERROR - <KafkaTCPTransport [::1:9092<-51031]>: socket disconnected
2026-06-19 18:22:46,895 - ERROR - <KafkaTCPTransport [::1:9092<-51031]>: Abort (KafkaConnectionError: socket disconnected)
2026-06-19 18:22:46,900 - ERROR - <KafkaTCPTransport [::1:9092<-51032]>: socket disconnected
2026-06-19 18:22:46,901 - ERROR - <KafkaTCPTransport [::1:9092<-51032]>: Abort (KafkaConnectionError: socket disconnected)
2026-06-19 18:22:46,903 - INFO - Metadata refresh (node_id=1)
2026-06-19 18:22:46,906 - ERROR - <KafkaTCPTransport [::1:9092<-51033]>: socket disconnected
2026-06-19 18:22:46,907 - ERROR - <KafkaTCPTransport [::1:9092<-51033]>: Abort (KafkaConnectionError: socket disconnected)
2026-06-19 18:22:46,907 - ERROR - Metadata refresh: failed KafkaConnectionError: socket disconnected
2026-06-19 18:22:46,908 - ERROR - KafkaConnectionError: socket disconnected
Traceback (most recent call last):
  File "C:\Users\monis\OneDrive\Documents\IntelliStream\venv\Lib\site-packages\kafka\cluster.py", line 127, in _refresh_loop
    await self.refresh_metadata()
  File "C:\Users\monis\OneDrive\Documents\IntelliStream\venv\Lib\site-packages\kafka\cluster.py", line 156, in refresh_metadata
    await self._do_refresh_metadata(node_id)
  File "C:\Users\monis\OneDrive\Documents\IntelliStream\venv\Lib\site-packages\kafka\cluster.py", line 175, in _do_refresh_metadata
    response = await self._manager.send(request, node_id)
               ^^^^^^^^^^^^^^^^^^^^^^^^^^^^^^^^^^^^^^^^^^
  File "C:\Users\monis\OneDrive\Documents\IntelliStream\venv\Lib\site-packages\kafka\future.py", line 165, in __await__
    raise self.exception
kafka.errors.KafkaConnectionError: KafkaConnectionError: socket disconnected
2026-06-19 18:22:46,913 - ERROR - <KafkaTCPTransport [::1:9092<-51034]>: socket disconnected
2026-06-19 18:22:46,914 - ERROR - <KafkaTCPTransport [::1:9092<-51034]>: Abort (KafkaConnectionError: socket disconnected)
2026-06-19 18:22:46,919 - ERROR - <KafkaTCPTransport [::1:9092<-51035]>: socket disconnected
2026-06-19 18:22:46,919 - ERROR - <KafkaTCPTransport [::1:9092<-51035]>: Abort (KafkaConnectionError: socket disconnected)
2026-06-19 18:22:46,944 - ERROR - <KafkaTCPTransport [::1:9092<-51036]>: Error receiving network data closing socket
Traceback (most recent call last):
  File "C:\Users\monis\OneDrive\Documents\IntelliStream\venv\Lib\site-packages\kafka\net\transport.py", line 107, in _sock_recv
    data = self._sock.recv(4096)
ConnectionAbortedError: [WinError 10053] An established connection was aborted by the software in your host machine
2026-06-19 18:22:46,944 - ERROR - <KafkaTCPTransport [::1:9092<-51036]>: Abort (KafkaConnectionError: [WinError 10053] An established connection was aborted by the software in your host machine)
2026-06-19 18:22:46,954 - ERROR - <KafkaTCPTransport [::1:9092<-51037]>: socket disconnected
2026-06-19 18:22:46,954 - ERROR - <KafkaTCPTransport [::1:9092<-51037]>: Abort (KafkaConnectionError: socket disconnected)
2026-06-19 18:22:46,959 - ERROR - <KafkaTCPTransport [::1:9092<-51038]>: socket disconnected
2026-06-19 18:22:46,959 - ERROR - <KafkaTCPTransport [::1:9092<-51038]>: Abort (KafkaConnectionError: socket disconnected)
2026-06-19 18:22:46,975 - ERROR - <KafkaTCPTransport [::1:9092<-51039]>: socket disconnected
2026-06-19 18:22:46,975 - ERROR - <KafkaTCPTransport [::1:9092<-51039]>: Abort (KafkaConnectionError: socket disconnected)
2026-06-19 18:22:46,981 - ERROR - <KafkaTCPTransport [::1:9092<-51040]>: socket disconnected
2026-06-19 18:22:46,981 - ERROR - <KafkaTCPTransport [::1:9092<-51040]>: Abort (KafkaConnectionError: socket disconnected)
2026-06-19 18:22:46,987 - ERROR - <KafkaTCPTransport [::1:9092<-51041]>: socket disconnected
2026-06-19 18:22:46,987 - ERROR - <KafkaTCPTransport [::1:9092<-51041]>: Abort (KafkaConnectionError: socket disconnected)
2026-06-19 18:22:46,992 - ERROR - <KafkaTCPTransport [::1:9092<-51042]>: socket disconnected
2026-06-19 18:22:46,992 - ERROR - <KafkaTCPTransport [::1:9092<-51042]>: Abort (KafkaConnectionError: socket disconnected)
2026-06-19 18:22:47,005 - ERROR - <KafkaTCPTransport [::1:9092<-51043]>: Error receiving network data closing socket
Traceback (most recent call last):
  File "C:\Users\monis\OneDrive\Documents\IntelliStream\venv\Lib\site-packages\kafka\net\transport.py", line 107, in _sock_recv
    data = self._sock.recv(4096)
ConnectionAbortedError: [WinError 10053] An established connection was aborted by the software in your host machine
2026-06-19 18:22:47,006 - ERROR - <KafkaTCPTransport [::1:9092<-51043]>: Abort (KafkaConnectionError: [WinError 10053] An established connection was aborted by the software in your host machine)
2026-06-19 18:22:47,008 - INFO - Metadata refresh (node_id=1)
2026-06-19 18:22:47,013 - ERROR - <KafkaTCPTransport [::1:9092<-51044]>: socket disconnected
2026-06-19 18:22:47,014 - ERROR - <KafkaTCPTransport [::1:9092<-51044]>: Abort (KafkaConnectionError: socket disconnected)
2026-06-19 18:22:47,014 - ERROR - Metadata refresh: failed KafkaConnectionError: socket disconnected
2026-06-19 18:22:47,015 - ERROR - KafkaConnectionError: socket disconnected
Traceback (most recent call last):
  File "C:\Users\monis\OneDrive\Documents\IntelliStream\venv\Lib\site-packages\kafka\cluster.py", line 127, in _refresh_loop
    await self.refresh_metadata()
  File "C:\Users\monis\OneDrive\Documents\IntelliStream\venv\Lib\site-packages\kafka\cluster.py", line 156, in refresh_metadata
    await self._do_refresh_metadata(node_id)
  File "C:\Users\monis\OneDrive\Documents\IntelliStream\venv\Lib\site-packages\kafka\cluster.py", line 175, in _do_refresh_metadata
    response = await self._manager.send(request, node_id)
               ^^^^^^^^^^^^^^^^^^^^^^^^^^^^^^^^^^^^^^^^^^
  File "C:\Users\monis\OneDrive\Documents\IntelliStream\venv\Lib\site-packages\kafka\future.py", line 165, in __await__
    raise self.exception
kafka.errors.KafkaConnectionError: KafkaConnectionError: socket disconnected
2026-06-19 18:22:47,024 - ERROR - <KafkaTCPTransport [::1:9092<-51045]>: socket disconnected
2026-06-19 18:22:47,024 - ERROR - <KafkaTCPTransport [::1:9092<-51045]>: Abort (KafkaConnectionError: socket disconnected)
2026-06-19 18:22:47,029 - ERROR - <KafkaTCPTransport [::1:9092<-51046]>: socket disconnected
2026-06-19 18:22:47,029 - ERROR - <KafkaTCPTransport [::1:9092<-51046]>: Abort (KafkaConnectionError: socket disconnected)
2026-06-19 18:22:47,035 - ERROR - <KafkaTCPTransport [::1:9092<-51047]>: socket disconnected
2026-06-19 18:22:47,035 - ERROR - <KafkaTCPTransport [::1:9092<-51047]>: Abort (KafkaConnectionError: socket disconnected)
2026-06-19 18:22:47,051 - ERROR - <KafkaTCPTransport [::1:9092<-51048]>: Error receiving network data closing socket
Traceback (most recent call last):
  File "C:\Users\monis\OneDrive\Documents\IntelliStream\venv\Lib\site-packages\kafka\net\transport.py", line 107, in _sock_recv
    data = self._sock.recv(4096)
ConnectionAbortedError: [WinError 10053] An established connection was aborted by the software in your host machine
2026-06-19 18:22:47,052 - ERROR - <KafkaTCPTransport [::1:9092<-51048]>: Abort (KafkaConnectionError: [WinError 10053] An established connection was aborted by the software in your host machine)
2026-06-19 18:22:47,058 - ERROR - <KafkaTCPTransport [::1:9092<-51049]>: socket disconnected
2026-06-19 18:22:47,058 - ERROR - <KafkaTCPTransport [::1:9092<-51049]>: Abort (KafkaConnectionError: socket disconnected)
2026-06-19 18:22:47,063 - ERROR - <KafkaTCPTransport [::1:9092<-51050]>: socket disconnected
2026-06-19 18:22:47,063 - ERROR - <KafkaTCPTransport [::1:9092<-51050]>: Abort (KafkaConnectionError: socket disconnected)
2026-06-19 18:22:47,069 - ERROR - <KafkaTCPTransport [::1:9092<-51051]>: socket disconnected
2026-06-19 18:22:47,069 - ERROR - <KafkaTCPTransport [::1:9092<-51051]>: Abort (KafkaConnectionError: socket disconnected)
2026-06-19 18:22:47,074 - ERROR - <KafkaTCPTransport [::1:9092<-51052]>: socket disconnected
2026-06-19 18:22:47,074 - ERROR - <KafkaTCPTransport [::1:9092<-51052]>: Abort (KafkaConnectionError: socket disconnected)
2026-06-19 18:22:47,079 - ERROR - <KafkaTCPTransport [::1:9092<-51053]>: socket disconnected
2026-06-19 18:22:47,079 - ERROR - <KafkaTCPTransport [::1:9092<-51053]>: Abort (KafkaConnectionError: socket disconnected)
2026-06-19 18:22:47,098 - ERROR - <KafkaTCPTransport [::1:9092<-51054]>: Error receiving network data closing socket
Traceback (most recent call last):
  File "C:\Users\monis\OneDrive\Documents\IntelliStream\venv\Lib\site-packages\kafka\net\transport.py", line 107, in _sock_recv
    data = self._sock.recv(4096)
ConnectionAbortedError: [WinError 10053] An established connection was aborted by the software in your host machine
2026-06-19 18:22:47,099 - ERROR - <KafkaTCPTransport [::1:9092<-51054]>: Abort (KafkaConnectionError: [WinError 10053] An established connection was aborted by the software in your host machine)
2026-06-19 18:22:47,113 - ERROR - <KafkaTCPTransport [::1:9092<-51055]>: Error receiving network data closing socket
Traceback (most recent call last):
  File "C:\Users\monis\OneDrive\Documents\IntelliStream\venv\Lib\site-packages\kafka\net\transport.py", line 107, in _sock_recv
    data = self._sock.recv(4096)
ConnectionAbortedError: [WinError 10053] An established connection was aborted by the software in your host machine
2026-06-19 18:22:47,114 - ERROR - <KafkaTCPTransport [::1:9092<-51055]>: Abort (KafkaConnectionError: [WinError 10053] An established connection was aborted by the software in your host machine)
2026-06-19 18:22:47,128 - INFO - Metadata refresh (node_id=1)
2026-06-19 18:22:47,129 - ERROR - <KafkaTCPTransport [::1:9092<-51056]>: Error receiving network data closing socket
Traceback (most recent call last):
  File "C:\Users\monis\OneDrive\Documents\IntelliStream\venv\Lib\site-packages\kafka\net\transport.py", line 107, in _sock_recv
    data = self._sock.recv(4096)
ConnectionAbortedError: [WinError 10053] An established connection was aborted by the software in your host machine
2026-06-19 18:22:47,129 - ERROR - <KafkaTCPTransport [::1:9092<-51056]>: Abort (KafkaConnectionError: [WinError 10053] An established connection was aborted by the software in your host machine)
2026-06-19 18:22:47,130 - ERROR - Metadata refresh: failed KafkaConnectionError: [WinError 10053] An established connection was aborted by the software in your host machine
2026-06-19 18:22:47,130 - ERROR - KafkaConnectionError: [WinError 10053] An established connection was aborted by the software in your host machine
Traceback (most recent call last):
  File "C:\Users\monis\OneDrive\Documents\IntelliStream\venv\Lib\site-packages\kafka\cluster.py", line 127, in _refresh_loop
    await self.refresh_metadata()
  File "C:\Users\monis\OneDrive\Documents\IntelliStream\venv\Lib\site-packages\kafka\cluster.py", line 156, in refresh_metadata
    await self._do_refresh_metadata(node_id)
  File "C:\Users\monis\OneDrive\Documents\IntelliStream\venv\Lib\site-packages\kafka\cluster.py", line 175, in _do_refresh_metadata
    response = await self._manager.send(request, node_id)
               ^^^^^^^^^^^^^^^^^^^^^^^^^^^^^^^^^^^^^^^^^^
  File "C:\Users\monis\OneDrive\Documents\IntelliStream\venv\Lib\site-packages\kafka\future.py", line 165, in __await__
    raise self.exception
kafka.errors.KafkaConnectionError: KafkaConnectionError: [WinError 10053] An established connection was aborted by the software in your host machine
2026-06-19 18:22:47,144 - ERROR - <KafkaTCPTransport [::1:9092<-51057]>: Error receiving network data closing socket
Traceback (most recent call last):
  File "C:\Users\monis\OneDrive\Documents\IntelliStream\venv\Lib\site-packages\kafka\net\transport.py", line 107, in _sock_recv
    data = self._sock.recv(4096)
ConnectionAbortedError: [WinError 10053] An established connection was aborted by the software in your host machine
2026-06-19 18:22:47,144 - ERROR - <KafkaTCPTransport [::1:9092<-51057]>: Abort (KafkaConnectionError: [WinError 10053] An established connection was aborted by the software in your host machine)
2026-06-19 18:22:47,159 - ERROR - <KafkaTCPTransport [::1:9092<-51058]>: Error receiving network data closing socket
Traceback (most recent call last):
  File "C:\Users\monis\OneDrive\Documents\IntelliStream\venv\Lib\site-packages\kafka\net\transport.py", line 107, in _sock_recv
    data = self._sock.recv(4096)
ConnectionAbortedError: [WinError 10053] An established connection was aborted by the software in your host machine
2026-06-19 18:22:47,160 - ERROR - <KafkaTCPTransport [::1:9092<-51058]>: Abort (KafkaConnectionError: [WinError 10053] An established connection was aborted by the software in your host machine)
2026-06-19 18:22:47,165 - ERROR - <KafkaTCPTransport [::1:9092<-51059]>: socket disconnected
2026-06-19 18:22:47,165 - ERROR - <KafkaTCPTransport [::1:9092<-51059]>: Abort (KafkaConnectionError: socket disconnected)
2026-06-19 18:22:47,170 - ERROR - <KafkaTCPTransport [::1:9092<-51060]>: socket disconnected
2026-06-19 18:22:47,171 - ERROR - <KafkaTCPTransport [::1:9092<-51060]>: Abort (KafkaConnectionError: socket disconnected)
2026-06-19 18:22:47,175 - ERROR - <KafkaTCPTransport [::1:9092<-51061]>: socket disconnected
2026-06-19 18:22:47,176 - ERROR - <KafkaTCPTransport [::1:9092<-51061]>: Abort (KafkaConnectionError: socket disconnected)
2026-06-19 18:22:47,180 - ERROR - <KafkaTCPTransport [::1:9092<-51062]>: socket disconnected
2026-06-19 18:22:47,181 - ERROR - <KafkaTCPTransport [::1:9092<-51062]>: Abort (KafkaConnectionError: socket disconnected)
2026-06-19 18:22:47,191 - ERROR - <KafkaTCPTransport [::1:9092<-51063]>: socket disconnected
2026-06-19 18:22:47,191 - ERROR - <KafkaTCPTransport [::1:9092<-51063]>: Abort (KafkaConnectionError: socket disconnected)
2026-06-19 18:22:47,195 - ERROR - <KafkaTCPTransport [::1:9092<-51064]>: socket disconnected
2026-06-19 18:22:47,195 - ERROR - <KafkaTCPTransport [::1:9092<-51064]>: Abort (KafkaConnectionError: socket disconnected)
2026-06-19 18:22:47,221 - ERROR - <KafkaTCPTransport [::1:9092<-51065]>: Error receiving network data closing socket
Traceback (most recent call last):
  File "C:\Users\monis\OneDrive\Documents\IntelliStream\venv\Lib\site-packages\kafka\net\transport.py", line 107, in _sock_recv
    data = self._sock.recv(4096)
ConnectionAbortedError: [WinError 10053] An established connection was aborted by the software in your host machine
2026-06-19 18:22:47,221 - ERROR - <KafkaTCPTransport [::1:9092<-51065]>: Abort (KafkaConnectionError: [WinError 10053] An established connection was aborted by the software in your host machine)
2026-06-19 18:22:47,235 - INFO - Metadata refresh (node_id=1)
2026-06-19 18:22:47,237 - ERROR - <KafkaTCPTransport [::1:9092<-51066]>: Error receiving network data closing socket
Traceback (most recent call last):
  File "C:\Users\monis\OneDrive\Documents\IntelliStream\venv\Lib\site-packages\kafka\net\transport.py", line 107, in _sock_recv
    data = self._sock.recv(4096)
ConnectionAbortedError: [WinError 10053] An established connection was aborted by the software in your host machine
2026-06-19 18:22:47,237 - ERROR - <KafkaTCPTransport [::1:9092<-51066]>: Abort (KafkaConnectionError: [WinError 10053] An established connection was aborted by the software in your host machine)
2026-06-19 18:22:47,238 - ERROR - Metadata refresh: failed KafkaConnectionError: [WinError 10053] An established connection was aborted by the software in your host machine
2026-06-19 18:22:47,238 - ERROR - KafkaConnectionError: [WinError 10053] An established connection was aborted by the software in your host machine
Traceback (most recent call last):
  File "C:\Users\monis\OneDrive\Documents\IntelliStream\venv\Lib\site-packages\kafka\cluster.py", line 127, in _refresh_loop
    await self.refresh_metadata()
  File "C:\Users\monis\OneDrive\Documents\IntelliStream\venv\Lib\site-packages\kafka\cluster.py", line 156, in refresh_metadata
    await self._do_refresh_metadata(node_id)
  File "C:\Users\monis\OneDrive\Documents\IntelliStream\venv\Lib\site-packages\kafka\cluster.py", line 175, in _do_refresh_metadata
    response = await self._manager.send(request, node_id)
               ^^^^^^^^^^^^^^^^^^^^^^^^^^^^^^^^^^^^^^^^^^
  File "C:\Users\monis\OneDrive\Documents\IntelliStream\venv\Lib\site-packages\kafka\future.py", line 165, in __await__
    raise self.exception
kafka.errors.KafkaConnectionError: KafkaConnectionError: [WinError 10053] An established connection was aborted by the software in your host machine
2026-06-19 18:22:47,252 - ERROR - <KafkaTCPTransport [::1:9092<-51067]>: Error receiving network data closing socket
Traceback (most recent call last):
  File "C:\Users\monis\OneDrive\Documents\IntelliStream\venv\Lib\site-packages\kafka\net\transport.py", line 107, in _sock_recv
    data = self._sock.recv(4096)
ConnectionAbortedError: [WinError 10053] An established connection was aborted by the software in your host machine
2026-06-19 18:22:47,253 - ERROR - <KafkaTCPTransport [::1:9092<-51067]>: Abort (KafkaConnectionError: [WinError 10053] An established connection was aborted by the software in your host machine)
2026-06-19 18:22:47,258 - ERROR - <KafkaTCPTransport [::1:9092<-51068]>: socket disconnected
2026-06-19 18:22:47,258 - ERROR - <KafkaTCPTransport [::1:9092<-51068]>: Abort (KafkaConnectionError: socket disconnected)
2026-06-19 18:22:47,263 - ERROR - <KafkaTCPTransport [::1:9092<-51069]>: socket disconnected
2026-06-19 18:22:47,263 - ERROR - <KafkaTCPTransport [::1:9092<-51069]>: Abort (KafkaConnectionError: socket disconnected)
2026-06-19 18:22:47,267 - ERROR - <KafkaTCPTransport [::1:9092<-51070]>: socket disconnected
2026-06-19 18:22:47,268 - ERROR - <KafkaTCPTransport [::1:9092<-51070]>: Abort (KafkaConnectionError: socket disconnected)
2026-06-19 18:22:47,272 - ERROR - <KafkaTCPTransport [::1:9092<-51071]>: socket disconnected
2026-06-19 18:22:47,272 - ERROR - <KafkaTCPTransport [::1:9092<-51071]>: Abort (KafkaConnectionError: socket disconnected)
2026-06-19 18:22:47,284 - ERROR - <KafkaTCPTransport [::1:9092<-51072]>: socket disconnected
2026-06-19 18:22:47,284 - ERROR - <KafkaTCPTransport [::1:9092<-51072]>: Abort (KafkaConnectionError: socket disconnected)
2026-06-19 18:22:47,293 - ERROR - <KafkaTCPTransport [::1:9092<-51073]>: socket disconnected
2026-06-19 18:22:47,294 - ERROR - <KafkaTCPTransport [::1:9092<-51073]>: Abort (KafkaConnectionError: socket disconnected)
2026-06-19 18:22:47,314 - ERROR - <KafkaTCPTransport [::1:9092<-51074]>: Error receiving network data closing socket
Traceback (most recent call last):
  File "C:\Users\monis\OneDrive\Documents\IntelliStream\venv\Lib\site-packages\kafka\net\transport.py", line 107, in _sock_recv
    data = self._sock.recv(4096)
ConnectionAbortedError: [WinError 10053] An established connection was aborted by the software in your host machine
2026-06-19 18:22:47,314 - ERROR - <KafkaTCPTransport [::1:9092<-51074]>: Abort (KafkaConnectionError: [WinError 10053] An established connection was aborted by the software in your host machine)
2026-06-19 18:22:47,319 - ERROR - <KafkaTCPTransport [::1:9092<-51075]>: socket disconnected
2026-06-19 18:22:47,319 - ERROR - <KafkaTCPTransport [::1:9092<-51075]>: Abort (KafkaConnectionError: socket disconnected)
2026-06-19 18:22:47,344 - INFO - Metadata refresh (node_id=1)
2026-06-19 18:22:47,344 - ERROR - <KafkaTCPTransport [::1:9092<-51076]>: Error receiving network data closing socket
Traceback (most recent call last):
  File "C:\Users\monis\OneDrive\Documents\IntelliStream\venv\Lib\site-packages\kafka\net\transport.py", line 107, in _sock_recv
    data = self._sock.recv(4096)
ConnectionAbortedError: [WinError 10053] An established connection was aborted by the software in your host machine
2026-06-19 18:22:47,345 - ERROR - <KafkaTCPTransport [::1:9092<-51076]>: Abort (KafkaConnectionError: [WinError 10053] An established connection was aborted by the software in your host machine)
2026-06-19 18:22:47,345 - ERROR - Metadata refresh: failed KafkaConnectionError: [WinError 10053] An established connection was aborted by the software in your host machine
2026-06-19 18:22:47,345 - ERROR - KafkaConnectionError: [WinError 10053] An established connection was aborted by the software in your host machine
Traceback (most recent call last):
  File "C:\Users\monis\OneDrive\Documents\IntelliStream\venv\Lib\site-packages\kafka\cluster.py", line 127, in _refresh_loop
    await self.refresh_metadata()
  File "C:\Users\monis\OneDrive\Documents\IntelliStream\venv\Lib\site-packages\kafka\cluster.py", line 156, in refresh_metadata
    await self._do_refresh_metadata(node_id)
  File "C:\Users\monis\OneDrive\Documents\IntelliStream\venv\Lib\site-packages\kafka\cluster.py", line 175, in _do_refresh_metadata
    response = await self._manager.send(request, node_id)
               ^^^^^^^^^^^^^^^^^^^^^^^^^^^^^^^^^^^^^^^^^^
  File "C:\Users\monis\OneDrive\Documents\IntelliStream\venv\Lib\site-packages\kafka\future.py", line 165, in __await__
    raise self.exception
kafka.errors.KafkaConnectionError: KafkaConnectionError: [WinError 10053] An established connection was aborted by the software in your host machine
2026-06-19 18:22:47,351 - ERROR - <KafkaTCPTransport [::1:9092<-51077]>: socket disconnected
2026-06-19 18:22:47,351 - ERROR - <KafkaTCPTransport [::1:9092<-51077]>: Abort (KafkaConnectionError: socket disconnected)
2026-06-19 18:22:47,356 - ERROR - <KafkaTCPTransport [::1:9092<-51078]>: socket disconnected
2026-06-19 18:22:47,356 - ERROR - <KafkaTCPTransport [::1:9092<-51078]>: Abort (KafkaConnectionError: socket disconnected)
2026-06-19 18:22:47,360 - ERROR - <KafkaTCPTransport [::1:9092<-51079]>: socket disconnected
2026-06-19 18:22:47,360 - ERROR - <KafkaTCPTransport [::1:9092<-51079]>: Abort (KafkaConnectionError: socket disconnected)
2026-06-19 18:22:47,365 - ERROR - <KafkaTCPTransport [::1:9092<-51080]>: socket disconnected
2026-06-19 18:22:47,365 - ERROR - <KafkaTCPTransport [::1:9092<-51080]>: Abort (KafkaConnectionError: socket disconnected)
2026-06-19 18:22:47,369 - ERROR - <KafkaTCPTransport [::1:9092<-51081]>: socket disconnected
2026-06-19 18:22:47,370 - ERROR - <KafkaTCPTransport [::1:9092<-51081]>: Abort (KafkaConnectionError: socket disconnected)
2026-06-19 18:22:47,391 - ERROR - <KafkaTCPTransport [::1:9092<-51082]>: Error receiving network data closing socket
Traceback (most recent call last):
  File "C:\Users\monis\OneDrive\Documents\IntelliStream\venv\Lib\site-packages\kafka\net\transport.py", line 107, in _sock_recv
    data = self._sock.recv(4096)
ConnectionAbortedError: [WinError 10053] An established connection was aborted by the software in your host machine
2026-06-19 18:22:47,391 - ERROR - <KafkaTCPTransport [::1:9092<-51082]>: Abort (KafkaConnectionError: [WinError 10053] An established connection was aborted by the software in your host machine)
2026-06-19 18:22:47,396 - ERROR - <KafkaTCPTransport [::1:9092<-51083]>: socket disconnected
2026-06-19 18:22:47,396 - ERROR - <KafkaTCPTransport [::1:9092<-51083]>: Abort (KafkaConnectionError: socket disconnected)
2026-06-19 18:22:47,421 - ERROR - <KafkaTCPTransport [::1:9092<-51084]>: Error receiving network data closing socket
Traceback (most recent call last):
  File "C:\Users\monis\OneDrive\Documents\IntelliStream\venv\Lib\site-packages\kafka\net\transport.py", line 107, in _sock_recv
    data = self._sock.recv(4096)
ConnectionAbortedError: [WinError 10053] An established connection was aborted by the software in your host machine
2026-06-19 18:22:47,422 - ERROR - <KafkaTCPTransport [::1:9092<-51084]>: Abort (KafkaConnectionError: [WinError 10053] An established connection was aborted by the software in your host machine)
2026-06-19 18:22:47,426 - ERROR - <KafkaTCPTransport [::1:9092<-51085]>: socket disconnected
2026-06-19 18:22:47,427 - ERROR - <KafkaTCPTransport [::1:9092<-51085]>: Abort (KafkaConnectionError: socket disconnected)
2026-06-19 18:22:47,451 - INFO - Metadata refresh (node_id=1)
2026-06-19 18:22:47,453 - ERROR - <KafkaTCPTransport [::1:9092<-51086]>: Error receiving network data closing socket
Traceback (most recent call last):
  File "C:\Users\monis\OneDrive\Documents\IntelliStream\venv\Lib\site-packages\kafka\net\transport.py", line 107, in _sock_recv
    data = self._sock.recv(4096)
ConnectionAbortedError: [WinError 10053] An established connection was aborted by the software in your host machine
2026-06-19 18:22:47,453 - ERROR - <KafkaTCPTransport [::1:9092<-51086]>: Abort (KafkaConnectionError: [WinError 10053] An established connection was aborted by the software in your host machine)
2026-06-19 18:22:47,454 - ERROR - Metadata refresh: failed KafkaConnectionError: [WinError 10053] An established connection was aborted by the software in your host machine
2026-06-19 18:22:47,454 - ERROR - KafkaConnectionError: [WinError 10053] An established connection was aborted by the software in your host machine
Traceback (most recent call last):
  File "C:\Users\monis\OneDrive\Documents\IntelliStream\venv\Lib\site-packages\kafka\cluster.py", line 127, in _refresh_loop
    await self.refresh_metadata()
  File "C:\Users\monis\OneDrive\Documents\IntelliStream\venv\Lib\site-packages\kafka\cluster.py", line 156, in refresh_metadata
    await self._do_refresh_metadata(node_id)
  File "C:\Users\monis\OneDrive\Documents\IntelliStream\venv\Lib\site-packages\kafka\cluster.py", line 175, in _do_refresh_metadata
    response = await self._manager.send(request, node_id)
               ^^^^^^^^^^^^^^^^^^^^^^^^^^^^^^^^^^^^^^^^^^
  File "C:\Users\monis\OneDrive\Documents\IntelliStream\venv\Lib\site-packages\kafka\future.py", line 165, in __await__
    raise self.exception
kafka.errors.KafkaConnectionError: KafkaConnectionError: [WinError 10053] An established connection was aborted by the software in your host machine
2026-06-19 18:22:47,459 - ERROR - <KafkaTCPTransport [::1:9092<-51087]>: socket disconnected
2026-06-19 18:22:47,460 - ERROR - <KafkaTCPTransport [::1:9092<-51087]>: Abort (KafkaConnectionError: socket disconnected)
2026-06-19 18:22:47,464 - ERROR - <KafkaTCPTransport [::1:9092<-51088]>: socket disconnected
2026-06-19 18:22:47,464 - ERROR - <KafkaTCPTransport [::1:9092<-51088]>: Abort (KafkaConnectionError: socket disconnected)
2026-06-19 18:22:47,469 - ERROR - <KafkaTCPTransport [::1:9092<-51089]>: socket disconnected
2026-06-19 18:22:47,469 - ERROR - <KafkaTCPTransport [::1:9092<-51089]>: Abort (KafkaConnectionError: socket disconnected)
2026-06-19 18:22:47,474 - ERROR - <KafkaTCPTransport [::1:9092<-51090]>: socket disconnected
2026-06-19 18:22:47,474 - ERROR - <KafkaTCPTransport [::1:9092<-51090]>: Abort (KafkaConnectionError: socket disconnected)
2026-06-19 18:22:47,484 - ERROR - <KafkaTCPTransport [::1:9092<-51091]>: socket disconnected
2026-06-19 18:22:47,484 - ERROR - <KafkaTCPTransport [::1:9092<-51091]>: Abort (KafkaConnectionError: socket disconnected)
2026-06-19 18:22:47,489 - ERROR - <KafkaTCPTransport [::1:9092<-51092]>: socket disconnected
2026-06-19 18:22:47,490 - ERROR - <KafkaTCPTransport [::1:9092<-51092]>: Abort (KafkaConnectionError: socket disconnected)
2026-06-19 18:22:47,494 - ERROR - <KafkaTCPTransport [::1:9092<-51093]>: socket disconnected
2026-06-19 18:22:47,495 - ERROR - <KafkaTCPTransport [::1:9092<-51093]>: Abort (KafkaConnectionError: socket disconnected)
2026-06-19 18:22:47,505 - ERROR - <KafkaTCPTransport [::1:9092<-51094]>: socket disconnected
2026-06-19 18:22:47,505 - ERROR - <KafkaTCPTransport [::1:9092<-51094]>: Abort (KafkaConnectionError: socket disconnected)
2026-06-19 18:22:47,510 - ERROR - <KafkaTCPTransport [::1:9092<-51095]>: socket disconnected
2026-06-19 18:22:47,510 - ERROR - <KafkaTCPTransport [::1:9092<-51095]>: Abort (KafkaConnectionError: socket disconnected)
2026-06-19 18:22:47,530 - ERROR - <KafkaTCPTransport [::1:9092<-51096]>: Error receiving network data closing socket
Traceback (most recent call last):
  File "C:\Users\monis\OneDrive\Documents\IntelliStream\venv\Lib\site-packages\kafka\net\transport.py", line 107, in _sock_recv
    data = self._sock.recv(4096)
ConnectionAbortedError: [WinError 10053] An established connection was aborted by the software in your host machine
2026-06-19 18:22:47,531 - ERROR - <KafkaTCPTransport [::1:9092<-51096]>: Abort (KafkaConnectionError: [WinError 10053] An established connection was aborted by the software in your host machine)
2026-06-19 18:22:47,546 - ERROR - <KafkaTCPTransport [::1:9092<-51097]>: Error receiving network data closing socket
Traceback (most recent call last):
  File "C:\Users\monis\OneDrive\Documents\IntelliStream\venv\Lib\site-packages\kafka\net\transport.py", line 107, in _sock_recv
    data = self._sock.recv(4096)
ConnectionAbortedError: [WinError 10053] An established connection was aborted by the software in your host machine
2026-06-19 18:22:47,547 - ERROR - <KafkaTCPTransport [::1:9092<-51097]>: Abort (KafkaConnectionError: [WinError 10053] An established connection was aborted by the software in your host machine)
2026-06-19 18:22:47,560 - INFO - Metadata refresh (node_id=1)
2026-06-19 18:22:47,562 - ERROR - <KafkaTCPTransport [::1:9092<-51098]>: Error receiving network data closing socket
Traceback (most recent call last):
  File "C:\Users\monis\OneDrive\Documents\IntelliStream\venv\Lib\site-packages\kafka\net\transport.py", line 107, in _sock_recv
    data = self._sock.recv(4096)
ConnectionAbortedError: [WinError 10053] An established connection was aborted by the software in your host machine
2026-06-19 18:22:47,562 - ERROR - <KafkaTCPTransport [::1:9092<-51098]>: Abort (KafkaConnectionError: [WinError 10053] An established connection was aborted by the software in your host machine)
2026-06-19 18:22:47,563 - ERROR - Metadata refresh: failed KafkaConnectionError: [WinError 10053] An established connection was aborted by the software in your host machine
2026-06-19 18:22:47,563 - ERROR - KafkaConnectionError: [WinError 10053] An established connection was aborted by the software in your host machine
Traceback (most recent call last):
  File "C:\Users\monis\OneDrive\Documents\IntelliStream\venv\Lib\site-packages\kafka\cluster.py", line 127, in _refresh_loop
    await self.refresh_metadata()
  File "C:\Users\monis\OneDrive\Documents\IntelliStream\venv\Lib\site-packages\kafka\cluster.py", line 156, in refresh_metadata
    await self._do_refresh_metadata(node_id)
  File "C:\Users\monis\OneDrive\Documents\IntelliStream\venv\Lib\site-packages\kafka\cluster.py", line 175, in _do_refresh_metadata
    response = await self._manager.send(request, node_id)
               ^^^^^^^^^^^^^^^^^^^^^^^^^^^^^^^^^^^^^^^^^^
  File "C:\Users\monis\OneDrive\Documents\IntelliStream\venv\Lib\site-packages\kafka\future.py", line 165, in __await__
    raise self.exception
kafka.errors.KafkaConnectionError: KafkaConnectionError: [WinError 10053] An established connection was aborted by the software in your host machine
2026-06-19 18:22:47,568 - ERROR - <KafkaTCPTransport [::1:9092<-51099]>: socket disconnected
2026-06-19 18:22:47,568 - ERROR - <KafkaTCPTransport [::1:9092<-51099]>: Abort (KafkaConnectionError: socket disconnected)
2026-06-19 18:22:47,573 - ERROR - <KafkaTCPTransport [::1:9092<-51100]>: socket disconnected
2026-06-19 18:22:47,573 - ERROR - <KafkaTCPTransport [::1:9092<-51100]>: Abort (KafkaConnectionError: socket disconnected)
2026-06-19 18:22:47,593 - ERROR - <KafkaTCPTransport [::1:9092<-51101]>: Error receiving network data closing socket
Traceback (most recent call last):
  File "C:\Users\monis\OneDrive\Documents\IntelliStream\venv\Lib\site-packages\kafka\net\transport.py", line 107, in _sock_recv
    data = self._sock.recv(4096)
ConnectionAbortedError: [WinError 10053] An established connection was aborted by the software in your host machine
2026-06-19 18:22:47,593 - ERROR - <KafkaTCPTransport [::1:9092<-51101]>: Abort (KafkaConnectionError: [WinError 10053] An established connection was aborted by the software in your host machine)
2026-06-19 18:22:47,598 - ERROR - <KafkaTCPTransport [::1:9092<-51102]>: socket disconnected
2026-06-19 18:22:47,598 - ERROR - <KafkaTCPTransport [::1:9092<-51102]>: Abort (KafkaConnectionError: socket disconnected)
2026-06-19 18:22:47,603 - ERROR - <KafkaTCPTransport [::1:9092<-51103]>: socket disconnected
2026-06-19 18:22:47,603 - ERROR - <KafkaTCPTransport [::1:9092<-51103]>: Abort (KafkaConnectionError: socket disconnected)
2026-06-19 18:22:47,624 - ERROR - <KafkaTCPTransport [::1:9092<-51104]>: Error receiving network data closing socket
Traceback (most recent call last):
  File "C:\Users\monis\OneDrive\Documents\IntelliStream\venv\Lib\site-packages\kafka\net\transport.py", line 107, in _sock_recv
    data = self._sock.recv(4096)
ConnectionAbortedError: [WinError 10053] An established connection was aborted by the software in your host machine
2026-06-19 18:22:47,625 - ERROR - <KafkaTCPTransport [::1:9092<-51104]>: Abort (KafkaConnectionError: [WinError 10053] An established connection was aborted by the software in your host machine)
2026-06-19 18:22:47,633 - ERROR - <KafkaTCPTransport [::1:9092<-51105]>: socket disconnected
2026-06-19 18:22:47,634 - ERROR - <KafkaTCPTransport [::1:9092<-51105]>: Abort (KafkaConnectionError: socket disconnected)
2026-06-19 18:22:47,639 - ERROR - <KafkaTCPTransport [::1:9092<-51106]>: socket disconnected
2026-06-19 18:22:47,639 - ERROR - <KafkaTCPTransport [::1:9092<-51106]>: Abort (KafkaConnectionError: socket disconnected)
2026-06-19 18:22:47,644 - ERROR - <KafkaTCPTransport [::1:9092<-51107]>: socket disconnected
2026-06-19 18:22:47,644 - ERROR - <KafkaTCPTransport [::1:9092<-51107]>: Abort (KafkaConnectionError: socket disconnected)
2026-06-19 18:22:47,649 - ERROR - <KafkaTCPTransport [::1:9092<-51108]>: socket disconnected
2026-06-19 18:22:47,649 - ERROR - <KafkaTCPTransport [::1:9092<-51108]>: Abort (KafkaConnectionError: socket disconnected)
2026-06-19 18:22:47,655 - ERROR - <KafkaTCPTransport [::1:9092<-51109]>: socket disconnected
2026-06-19 18:22:47,655 - ERROR - <KafkaTCPTransport [::1:9092<-51109]>: Abort (KafkaConnectionError: socket disconnected)
2026-06-19 18:22:47,660 - ERROR - <KafkaTCPTransport [::1:9092<-51110]>: socket disconnected
2026-06-19 18:22:47,660 - ERROR - <KafkaTCPTransport [::1:9092<-51110]>: Abort (KafkaConnectionError: socket disconnected)
2026-06-19 18:22:47,684 - INFO - Metadata refresh (node_id=1)
2026-06-19 18:22:47,686 - ERROR - <KafkaTCPTransport [::1:9092<-51111]>: Error receiving network data closing socket
Traceback (most recent call last):
  File "C:\Users\monis\OneDrive\Documents\IntelliStream\venv\Lib\site-packages\kafka\net\transport.py", line 107, in _sock_recv
    data = self._sock.recv(4096)
ConnectionAbortedError: [WinError 10053] An established connection was aborted by the software in your host machine
2026-06-19 18:22:47,686 - ERROR - <KafkaTCPTransport [::1:9092<-51111]>: Abort (KafkaConnectionError: [WinError 10053] An established connection was aborted by the software in your host machine)
2026-06-19 18:22:47,687 - ERROR - Metadata refresh: failed KafkaConnectionError: [WinError 10053] An established connection was aborted by the software in your host machine
2026-06-19 18:22:47,687 - ERROR - KafkaConnectionError: [WinError 10053] An established connection was aborted by the software in your host machine
Traceback (most recent call last):
  File "C:\Users\monis\OneDrive\Documents\IntelliStream\venv\Lib\site-packages\kafka\cluster.py", line 127, in _refresh_loop
    await self.refresh_metadata()
  File "C:\Users\monis\OneDrive\Documents\IntelliStream\venv\Lib\site-packages\kafka\cluster.py", line 156, in refresh_metadata
    await self._do_refresh_metadata(node_id)
  File "C:\Users\monis\OneDrive\Documents\IntelliStream\venv\Lib\site-packages\kafka\cluster.py", line 175, in _do_refresh_metadata
    response = await self._manager.send(request, node_id)
               ^^^^^^^^^^^^^^^^^^^^^^^^^^^^^^^^^^^^^^^^^^
  File "C:\Users\monis\OneDrive\Documents\IntelliStream\venv\Lib\site-packages\kafka\future.py", line 165, in __await__
    raise self.exception
kafka.errors.KafkaConnectionError: KafkaConnectionError: [WinError 10053] An established connection was aborted by the software in your host machine
2026-06-19 18:22:47,694 - ERROR - <KafkaTCPTransport [::1:9092<-51112]>: socket disconnected
2026-06-19 18:22:47,694 - ERROR - <KafkaTCPTransport [::1:9092<-51112]>: Abort (KafkaConnectionError: socket disconnected)
2026-06-19 18:22:47,699 - ERROR - <KafkaTCPTransport [::1:9092<-51113]>: socket disconnected
2026-06-19 18:22:47,700 - ERROR - <KafkaTCPTransport [::1:9092<-51113]>: Abort (KafkaConnectionError: socket disconnected)
2026-06-19 18:22:47,716 - ERROR - <KafkaTCPTransport [::1:9092<-51114]>: Error receiving network data closing socket
Traceback (most recent call last):
  File "C:\Users\monis\OneDrive\Documents\IntelliStream\venv\Lib\site-packages\kafka\net\transport.py", line 107, in _sock_recv
    data = self._sock.recv(4096)
ConnectionAbortedError: [WinError 10053] An established connection was aborted by the software in your host machine
2026-06-19 18:22:47,716 - ERROR - <KafkaTCPTransport [::1:9092<-51114]>: Abort (KafkaConnectionError: [WinError 10053] An established connection was aborted by the software in your host machine)
2026-06-19 18:22:47,723 - ERROR - <KafkaTCPTransport [::1:9092<-51115]>: socket disconnected
2026-06-19 18:22:47,723 - ERROR - <KafkaTCPTransport [::1:9092<-51115]>: Abort (KafkaConnectionError: socket disconnected)
2026-06-19 18:22:47,729 - ERROR - <KafkaTCPTransport [::1:9092<-51116]>: socket disconnected
2026-06-19 18:22:47,729 - ERROR - <KafkaTCPTransport [::1:9092<-51116]>: Abort (KafkaConnectionError: socket disconnected)
2026-06-19 18:22:47,734 - ERROR - <KafkaTCPTransport [::1:9092<-51117]>: socket disconnected
2026-06-19 18:22:47,734 - ERROR - <KafkaTCPTransport [::1:9092<-51117]>: Abort (KafkaConnectionError: socket disconnected)
2026-06-19 18:22:47,739 - ERROR - <KafkaTCPTransport [::1:9092<-51118]>: socket disconnected
2026-06-19 18:22:47,740 - ERROR - <KafkaTCPTransport [::1:9092<-51118]>: Abort (KafkaConnectionError: socket disconnected)
2026-06-19 18:22:47,752 - ERROR - <KafkaTCPTransport [::1:9092<-51119]>: socket disconnected
2026-06-19 18:22:47,752 - ERROR - <KafkaTCPTransport [::1:9092<-51119]>: Abort (KafkaConnectionError: socket disconnected)
2026-06-19 18:22:47,758 - ERROR - <KafkaTCPTransport [::1:9092<-51120]>: socket disconnected
2026-06-19 18:22:47,758 - ERROR - <KafkaTCPTransport [::1:9092<-51120]>: Abort (KafkaConnectionError: socket disconnected)
2026-06-19 18:22:47,763 - ERROR - <KafkaTCPTransport [::1:9092<-51121]>: socket disconnected
2026-06-19 18:22:47,763 - ERROR - <KafkaTCPTransport [::1:9092<-51121]>: Abort (KafkaConnectionError: socket disconnected)
2026-06-19 18:22:47,770 - ERROR - <KafkaTCPTransport [::1:9092<-51122]>: socket disconnected
2026-06-19 18:22:47,771 - ERROR - <KafkaTCPTransport [::1:9092<-51122]>: Abort (KafkaConnectionError: socket disconnected)
2026-06-19 18:22:47,776 - ERROR - <KafkaTCPTransport [::1:9092<-51123]>: socket disconnected
2026-06-19 18:22:47,777 - ERROR - <KafkaTCPTransport [::1:9092<-51123]>: Abort (KafkaConnectionError: socket disconnected)
2026-06-19 18:22:47,783 - ERROR - <KafkaTCPTransport [::1:9092<-51124]>: socket disconnected
2026-06-19 18:22:47,783 - ERROR - <KafkaTCPTransport [::1:9092<-51124]>: Abort (KafkaConnectionError: socket disconnected)
2026-06-19 18:22:47,787 - INFO - Metadata refresh (node_id=1)
2026-06-19 18:22:47,789 - ERROR - <KafkaTCPTransport [::1:9092<-51125]>: socket disconnected
2026-06-19 18:22:47,789 - ERROR - <KafkaTCPTransport [::1:9092<-51125]>: Abort (KafkaConnectionError: socket disconnected)
2026-06-19 18:22:47,790 - ERROR - Metadata refresh: failed KafkaConnectionError: socket disconnected
2026-06-19 18:22:47,790 - ERROR - KafkaConnectionError: socket disconnected
Traceback (most recent call last):
  File "C:\Users\monis\OneDrive\Documents\IntelliStream\venv\Lib\site-packages\kafka\cluster.py", line 127, in _refresh_loop
    await self.refresh_metadata()
  File "C:\Users\monis\OneDrive\Documents\IntelliStream\venv\Lib\site-packages\kafka\cluster.py", line 156, in refresh_metadata
    await self._do_refresh_metadata(node_id)
  File "C:\Users\monis\OneDrive\Documents\IntelliStream\venv\Lib\site-packages\kafka\cluster.py", line 175, in _do_refresh_metadata
    response = await self._manager.send(request, node_id)
               ^^^^^^^^^^^^^^^^^^^^^^^^^^^^^^^^^^^^^^^^^^
  File "C:\Users\monis\OneDrive\Documents\IntelliStream\venv\Lib\site-packages\kafka\future.py", line 165, in __await__
    raise self.exception
kafka.errors.KafkaConnectionError: KafkaConnectionError: socket disconnected
2026-06-19 18:22:47,795 - ERROR - <KafkaTCPTransport [::1:9092<-51126]>: socket disconnected
2026-06-19 18:22:47,795 - ERROR - <KafkaTCPTransport [::1:9092<-51126]>: Abort (KafkaConnectionError: socket disconnected)
2026-06-19 18:22:47,801 - ERROR - <KafkaTCPTransport [::1:9092<-51127]>: socket disconnected
2026-06-19 18:22:47,801 - ERROR - <KafkaTCPTransport [::1:9092<-51127]>: Abort (KafkaConnectionError: socket disconnected)
2026-06-19 18:22:47,809 - ERROR - <KafkaTCPTransport [::1:9092<-51128]>: socket disconnected
2026-06-19 18:22:47,809 - ERROR - <KafkaTCPTransport [::1:9092<-51128]>: Abort (KafkaConnectionError: socket disconnected)
2026-06-19 18:22:47,824 - ERROR - <KafkaTCPTransport [::1:9092<-51129]>: Error receiving network data closing socket
Traceback (most recent call last):
  File "C:\Users\monis\OneDrive\Documents\IntelliStream\venv\Lib\site-packages\kafka\net\transport.py", line 107, in _sock_recv
    data = self._sock.recv(4096)
ConnectionAbortedError: [WinError 10053] An established connection was aborted by the software in your host machine
2026-06-19 18:22:47,824 - ERROR - <KafkaTCPTransport [::1:9092<-51129]>: Abort (KafkaConnectionError: [WinError 10053] An established connection was aborted by the software in your host machine)
2026-06-19 18:22:47,830 - ERROR - <KafkaTCPTransport [::1:9092<-51130]>: socket disconnected
2026-06-19 18:22:47,830 - ERROR - <KafkaTCPTransport [::1:9092<-51130]>: Abort (KafkaConnectionError: socket disconnected)
2026-06-19 18:22:47,836 - ERROR - <KafkaTCPTransport [::1:9092<-51131]>: socket disconnected
2026-06-19 18:22:47,836 - ERROR - <KafkaTCPTransport [::1:9092<-51131]>: Abort (KafkaConnectionError: socket disconnected)
2026-06-19 18:22:47,842 - ERROR - <KafkaTCPTransport [::1:9092<-51132]>: socket disconnected
2026-06-19 18:22:47,842 - ERROR - <KafkaTCPTransport [::1:9092<-51132]>: Abort (KafkaConnectionError: socket disconnected)
2026-06-19 18:22:47,847 - ERROR - <KafkaTCPTransport [::1:9092<-51133]>: socket disconnected
2026-06-19 18:22:47,847 - ERROR - <KafkaTCPTransport [::1:9092<-51133]>: Abort (KafkaConnectionError: socket disconnected)
2026-06-19 18:22:47,853 - ERROR - <KafkaTCPTransport [::1:9092<-51134]>: socket disconnected
2026-06-19 18:22:47,853 - ERROR - <KafkaTCPTransport [::1:9092<-51134]>: Abort (KafkaConnectionError: socket disconnected)
2026-06-19 18:22:47,859 - ERROR - <KafkaTCPTransport [::1:9092<-51135]>: socket disconnected
2026-06-19 18:22:47,859 - ERROR - <KafkaTCPTransport [::1:9092<-51135]>: Abort (KafkaConnectionError: socket disconnected)
2026-06-19 18:22:47,864 - ERROR - <KafkaTCPTransport [::1:9092<-51136]>: socket disconnected
2026-06-19 18:22:47,864 - ERROR - <KafkaTCPTransport [::1:9092<-51136]>: Abort (KafkaConnectionError: socket disconnected)
2026-06-19 18:22:47,885 - ERROR - <KafkaTCPTransport [::1:9092<-51137]>: Error receiving network data closing socket
Traceback (most recent call last):
  File "C:\Users\monis\OneDrive\Documents\IntelliStream\venv\Lib\site-packages\kafka\net\transport.py", line 107, in _sock_recv
    data = self._sock.recv(4096)
ConnectionAbortedError: [WinError 10053] An established connection was aborted by the software in your host machine
2026-06-19 18:22:47,886 - ERROR - <KafkaTCPTransport [::1:9092<-51137]>: Abort (KafkaConnectionError: [WinError 10053] An established connection was aborted by the software in your host machine)
2026-06-19 18:22:47,890 - INFO - Metadata refresh (node_id=1)
2026-06-19 18:22:47,892 - ERROR - <KafkaTCPTransport [::1:9092<-51138]>: socket disconnected
2026-06-19 18:22:47,892 - ERROR - <KafkaTCPTransport [::1:9092<-51138]>: Abort (KafkaConnectionError: socket disconnected)
2026-06-19 18:22:47,893 - ERROR - Metadata refresh: failed KafkaConnectionError: socket disconnected
2026-06-19 18:22:47,893 - ERROR - KafkaConnectionError: socket disconnected
Traceback (most recent call last):
  File "C:\Users\monis\OneDrive\Documents\IntelliStream\venv\Lib\site-packages\kafka\cluster.py", line 127, in _refresh_loop
    await self.refresh_metadata()
  File "C:\Users\monis\OneDrive\Documents\IntelliStream\venv\Lib\site-packages\kafka\cluster.py", line 156, in refresh_metadata
    await self._do_refresh_metadata(node_id)
  File "C:\Users\monis\OneDrive\Documents\IntelliStream\venv\Lib\site-packages\kafka\cluster.py", line 175, in _do_refresh_metadata
    response = await self._manager.send(request, node_id)
               ^^^^^^^^^^^^^^^^^^^^^^^^^^^^^^^^^^^^^^^^^^
  File "C:\Users\monis\OneDrive\Documents\IntelliStream\venv\Lib\site-packages\kafka\future.py", line 165, in __await__
    raise self.exception
kafka.errors.KafkaConnectionError: KafkaConnectionError: socket disconnected
2026-06-19 18:22:47,899 - ERROR - <KafkaTCPTransport [::1:9092<-51139]>: socket disconnected
2026-06-19 18:22:47,899 - ERROR - <KafkaTCPTransport [::1:9092<-51139]>: Abort (KafkaConnectionError: socket disconnected)
2026-06-19 18:22:47,904 - ERROR - <KafkaTCPTransport [::1:9092<-51140]>: socket disconnected
2026-06-19 18:22:47,904 - ERROR - <KafkaTCPTransport [::1:9092<-51140]>: Abort (KafkaConnectionError: socket disconnected)
2026-06-19 18:22:47,909 - ERROR - <KafkaTCPTransport [::1:9092<-51141]>: socket disconnected
2026-06-19 18:22:47,910 - ERROR - <KafkaTCPTransport [::1:9092<-51141]>: Abort (KafkaConnectionError: socket disconnected)
2026-06-19 18:22:47,915 - ERROR - <KafkaTCPTransport [::1:9092<-51142]>: socket disconnected
2026-06-19 18:22:47,916 - ERROR - <KafkaTCPTransport [::1:9092<-51142]>: Abort (KafkaConnectionError: socket disconnected)
2026-06-19 18:22:47,920 - ERROR - <KafkaTCPTransport [::1:9092<-51143]>: socket disconnected
2026-06-19 18:22:47,921 - ERROR - <KafkaTCPTransport [::1:9092<-51143]>: Abort (KafkaConnectionError: socket disconnected)
2026-06-19 18:22:47,926 - ERROR - <KafkaTCPTransport [::1:9092<-51144]>: socket disconnected
2026-06-19 18:22:47,926 - ERROR - <KafkaTCPTransport [::1:9092<-51144]>: Abort (KafkaConnectionError: socket disconnected)
2026-06-19 18:22:47,931 - ERROR - <KafkaTCPTransport [::1:9092<-51145]>: socket disconnected
2026-06-19 18:22:47,931 - ERROR - <KafkaTCPTransport [::1:9092<-51145]>: Abort (KafkaConnectionError: socket disconnected)
2026-06-19 18:22:47,936 - ERROR - <KafkaTCPTransport [::1:9092<-51146]>: socket disconnected
2026-06-19 18:22:47,936 - ERROR - <KafkaTCPTransport [::1:9092<-51146]>: Abort (KafkaConnectionError: socket disconnected)
2026-06-19 18:22:47,963 - ERROR - <KafkaTCPTransport [::1:9092<-51147]>: Error receiving network data closing socket
Traceback (most recent call last):
  File "C:\Users\monis\OneDrive\Documents\IntelliStream\venv\Lib\site-packages\kafka\net\transport.py", line 107, in _sock_recv
    data = self._sock.recv(4096)
ConnectionAbortedError: [WinError 10053] An established connection was aborted by the software in your host machine
2026-06-19 18:22:47,964 - ERROR - <KafkaTCPTransport [::1:9092<-51147]>: Abort (KafkaConnectionError: [WinError 10053] An established connection was aborted by the software in your host machine)
2026-06-19 18:22:47,969 - ERROR - <KafkaTCPTransport [::1:9092<-51148]>: socket disconnected
2026-06-19 18:22:47,969 - ERROR - <KafkaTCPTransport [::1:9092<-51148]>: Abort (KafkaConnectionError: socket disconnected)
2026-06-19 18:22:47,975 - ERROR - <KafkaTCPTransport [::1:9092<-51149]>: socket disconnected
2026-06-19 18:22:47,975 - ERROR - <KafkaTCPTransport [::1:9092<-51149]>: Abort (KafkaConnectionError: socket disconnected)
2026-06-19 18:22:47,983 - ERROR - <KafkaTCPTransport [::1:9092<-51150]>: Error receiving network data closing socket
Traceback (most recent call last):
  File "C:\Users\monis\OneDrive\Documents\IntelliStream\venv\Lib\site-packages\kafka\net\transport.py", line 107, in _sock_recv
    data = self._sock.recv(4096)
ConnectionAbortedError: [WinError 10053] An established connection was aborted by the software in your host machine
2026-06-19 18:22:47,984 - ERROR - <KafkaTCPTransport [::1:9092<-51150]>: Abort (KafkaConnectionError: [WinError 10053] An established connection was aborted by the software in your host machine)
2026-06-19 18:22:47,989 - ERROR - <KafkaTCPTransport [::1:9092<-51151]>: socket disconnected
2026-06-19 18:22:47,989 - ERROR - <KafkaTCPTransport [::1:9092<-51151]>: Abort (KafkaConnectionError: socket disconnected)
2026-06-19 18:22:47,993 - INFO - Metadata refresh (node_id=1)
2026-06-19 18:22:47,995 - ERROR - <KafkaTCPTransport [::1:9092<-51152]>: socket disconnected
2026-06-19 18:22:47,995 - ERROR - <KafkaTCPTransport [::1:9092<-51152]>: Abort (KafkaConnectionError: socket disconnected)
2026-06-19 18:22:47,996 - ERROR - Metadata refresh: failed KafkaConnectionError: socket disconnected
2026-06-19 18:22:47,996 - ERROR - KafkaConnectionError: socket disconnected
Traceback (most recent call last):
  File "C:\Users\monis\OneDrive\Documents\IntelliStream\venv\Lib\site-packages\kafka\cluster.py", line 127, in _refresh_loop
    await self.refresh_metadata()
  File "C:\Users\monis\OneDrive\Documents\IntelliStream\venv\Lib\site-packages\kafka\cluster.py", line 156, in refresh_metadata
    await self._do_refresh_metadata(node_id)
  File "C:\Users\monis\OneDrive\Documents\IntelliStream\venv\Lib\site-packages\kafka\cluster.py", line 175, in _do_refresh_metadata
    response = await self._manager.send(request, node_id)
               ^^^^^^^^^^^^^^^^^^^^^^^^^^^^^^^^^^^^^^^^^^
  File "C:\Users\monis\OneDrive\Documents\IntelliStream\venv\Lib\site-packages\kafka\future.py", line 165, in __await__
    raise self.exception
kafka.errors.KafkaConnectionError: KafkaConnectionError: socket disconnected
2026-06-19 18:22:48,024 - ERROR - <KafkaTCPTransport [::1:9092<-51153]>: Error receiving network data closing socket
Traceback (most recent call last):
  File "C:\Users\monis\OneDrive\Documents\IntelliStream\venv\Lib\site-packages\kafka\net\transport.py", line 107, in _sock_recv
    data = self._sock.recv(4096)
ConnectionAbortedError: [WinError 10053] An established connection was aborted by the software in your host machine
2026-06-19 18:22:48,025 - ERROR - <KafkaTCPTransport [::1:9092<-51153]>: Abort (KafkaConnectionError: [WinError 10053] An established connection was aborted by the software in your host machine)
2026-06-19 18:22:48,030 - ERROR - <KafkaTCPTransport [::1:9092<-51154]>: socket disconnected
2026-06-19 18:22:48,031 - ERROR - <KafkaTCPTransport [::1:9092<-51154]>: Abort (KafkaConnectionError: socket disconnected)
2026-06-19 18:22:48,036 - ERROR - <KafkaTCPTransport [::1:9092<-51155]>: socket disconnected
2026-06-19 18:22:48,036 - ERROR - <KafkaTCPTransport [::1:9092<-51155]>: Abort (KafkaConnectionError: socket disconnected)
2026-06-19 18:22:48,055 - ERROR - <KafkaTCPTransport [::1:9092<-51156]>: Error receiving network data closing socket
Traceback (most recent call last):
  File "C:\Users\monis\OneDrive\Documents\IntelliStream\venv\Lib\site-packages\kafka\net\transport.py", line 107, in _sock_recv
    data = self._sock.recv(4096)
ConnectionAbortedError: [WinError 10053] An established connection was aborted by the software in your host machine
2026-06-19 18:22:48,056 - ERROR - <KafkaTCPTransport [::1:9092<-51156]>: Abort (KafkaConnectionError: [WinError 10053] An established connection was aborted by the software in your host machine)
2026-06-19 18:22:48,062 - ERROR - <KafkaTCPTransport [::1:9092<-51157]>: socket disconnected
2026-06-19 18:22:48,062 - ERROR - <KafkaTCPTransport [::1:9092<-51157]>: Abort (KafkaConnectionError: socket disconnected)
2026-06-19 18:22:48,067 - ERROR - <KafkaTCPTransport [::1:9092<-51158]>: socket disconnected
2026-06-19 18:22:48,068 - ERROR - <KafkaTCPTransport [::1:9092<-51158]>: Abort (KafkaConnectionError: socket disconnected)
2026-06-19 18:22:48,073 - ERROR - <KafkaTCPTransport [::1:9092<-51159]>: socket disconnected
2026-06-19 18:22:48,073 - ERROR - <KafkaTCPTransport [::1:9092<-51159]>: Abort (KafkaConnectionError: socket disconnected)
2026-06-19 18:22:48,078 - ERROR - <KafkaTCPTransport [::1:9092<-51160]>: socket disconnected
2026-06-19 18:22:48,078 - ERROR - <KafkaTCPTransport [::1:9092<-51160]>: Abort (KafkaConnectionError: socket disconnected)
2026-06-19 18:22:48,083 - ERROR - <KafkaTCPTransport [::1:9092<-51161]>: socket disconnected
2026-06-19 18:22:48,084 - ERROR - <KafkaTCPTransport [::1:9092<-51161]>: Abort (KafkaConnectionError: socket disconnected)
2026-06-19 18:22:48,089 - ERROR - <KafkaTCPTransport [::1:9092<-51162]>: socket disconnected
2026-06-19 18:22:48,090 - ERROR - <KafkaTCPTransport [::1:9092<-51162]>: Abort (KafkaConnectionError: socket disconnected)
2026-06-19 18:22:48,095 - ERROR - <KafkaTCPTransport [::1:9092<-51163]>: socket disconnected
2026-06-19 18:22:48,095 - ERROR - <KafkaTCPTransport [::1:9092<-51163]>: Abort (KafkaConnectionError: socket disconnected)
2026-06-19 18:22:48,115 - INFO - Metadata refresh (node_id=1)
2026-06-19 18:22:48,117 - ERROR - <KafkaTCPTransport [::1:9092<-51164]>: Error receiving network data closing socket
Traceback (most recent call last):
  File "C:\Users\monis\OneDrive\Documents\IntelliStream\venv\Lib\site-packages\kafka\net\transport.py", line 107, in _sock_recv
    data = self._sock.recv(4096)
ConnectionAbortedError: [WinError 10053] An established connection was aborted by the software in your host machine
2026-06-19 18:22:48,118 - ERROR - <KafkaTCPTransport [::1:9092<-51164]>: Abort (KafkaConnectionError: [WinError 10053] An established connection was aborted by the software in your host machine)
2026-06-19 18:22:48,119 - ERROR - Metadata refresh: failed KafkaConnectionError: [WinError 10053] An established connection was aborted by the software in your host machine
2026-06-19 18:22:48,119 - ERROR - KafkaConnectionError: [WinError 10053] An established connection was aborted by the software in your host machine
Traceback (most recent call last):
  File "C:\Users\monis\OneDrive\Documents\IntelliStream\venv\Lib\site-packages\kafka\cluster.py", line 127, in _refresh_loop
    await self.refresh_metadata()
  File "C:\Users\monis\OneDrive\Documents\IntelliStream\venv\Lib\site-packages\kafka\cluster.py", line 156, in refresh_metadata
    await self._do_refresh_metadata(node_id)
  File "C:\Users\monis\OneDrive\Documents\IntelliStream\venv\Lib\site-packages\kafka\cluster.py", line 175, in _do_refresh_metadata
    response = await self._manager.send(request, node_id)
               ^^^^^^^^^^^^^^^^^^^^^^^^^^^^^^^^^^^^^^^^^^
  File "C:\Users\monis\OneDrive\Documents\IntelliStream\venv\Lib\site-packages\kafka\future.py", line 165, in __await__
    raise self.exception
kafka.errors.KafkaConnectionError: KafkaConnectionError: [WinError 10053] An established connection was aborted by the software in your host machine
2026-06-19 18:22:48,128 - ERROR - <KafkaTCPTransport [::1:9092<-51165]>: socket disconnected
2026-06-19 18:22:48,129 - ERROR - <KafkaTCPTransport [::1:9092<-51165]>: Abort (KafkaConnectionError: socket disconnected)
2026-06-19 18:22:48,136 - ERROR - <KafkaTCPTransport [::1:9092<-51166]>: socket disconnected
2026-06-19 18:22:48,136 - ERROR - <KafkaTCPTransport [::1:9092<-51166]>: Abort (KafkaConnectionError: socket disconnected)
2026-06-19 18:22:48,142 - ERROR - <KafkaTCPTransport [::1:9092<-51167]>: socket disconnected
2026-06-19 18:22:48,142 - ERROR - <KafkaTCPTransport [::1:9092<-51167]>: Abort (KafkaConnectionError: socket disconnected)
2026-06-19 18:22:48,148 - ERROR - <KafkaTCPTransport [::1:9092<-51168]>: socket disconnected
2026-06-19 18:22:48,148 - ERROR - <KafkaTCPTransport [::1:9092<-51168]>: Abort (KafkaConnectionError: socket disconnected)
2026-06-19 18:22:48,154 - ERROR - <KafkaTCPTransport [::1:9092<-51169]>: socket disconnected
2026-06-19 18:22:48,155 - ERROR - <KafkaTCPTransport [::1:9092<-51169]>: Abort (KafkaConnectionError: socket disconnected)
2026-06-19 18:22:48,160 - ERROR - <KafkaTCPTransport [::1:9092<-51170]>: socket disconnected
2026-06-19 18:22:48,161 - ERROR - <KafkaTCPTransport [::1:9092<-51170]>: Abort (KafkaConnectionError: socket disconnected)
2026-06-19 18:22:48,178 - ERROR - <KafkaTCPTransport [::1:9092<-51171]>: Error receiving network data closing socket
Traceback (most recent call last):
  File "C:\Users\monis\OneDrive\Documents\IntelliStream\venv\Lib\site-packages\kafka\net\transport.py", line 107, in _sock_recv
    data = self._sock.recv(4096)
ConnectionAbortedError: [WinError 10053] An established connection was aborted by the software in your host machine
2026-06-19 18:22:48,179 - ERROR - <KafkaTCPTransport [::1:9092<-51171]>: Abort (KafkaConnectionError: [WinError 10053] An established connection was aborted by the software in your host machine)
2026-06-19 18:22:48,184 - ERROR - <KafkaTCPTransport [::1:9092<-51172]>: socket disconnected
2026-06-19 18:22:48,184 - ERROR - <KafkaTCPTransport [::1:9092<-51172]>: Abort (KafkaConnectionError: socket disconnected)
2026-06-19 18:22:48,192 - ERROR - <KafkaTCPTransport [::1:9092<-51173]>: socket disconnected
2026-06-19 18:22:48,192 - ERROR - <KafkaTCPTransport [::1:9092<-51173]>: Abort (KafkaConnectionError: socket disconnected)
2026-06-19 18:22:48,197 - ERROR - <KafkaTCPTransport [::1:9092<-51174]>: socket disconnected
2026-06-19 18:22:48,198 - ERROR - <KafkaTCPTransport [::1:9092<-51174]>: Abort (KafkaConnectionError: socket disconnected)
2026-06-19 18:22:48,203 - ERROR - <KafkaTCPTransport [::1:9092<-51175]>: socket disconnected
2026-06-19 18:22:48,203 - ERROR - <KafkaTCPTransport [::1:9092<-51175]>: Abort (KafkaConnectionError: socket disconnected)
2026-06-19 18:22:48,223 - INFO - Metadata refresh (node_id=1)
2026-06-19 18:22:48,224 - ERROR - <KafkaTCPTransport [::1:9092<-51176]>: Error receiving network data closing socket
Traceback (most recent call last):
  File "C:\Users\monis\OneDrive\Documents\IntelliStream\venv\Lib\site-packages\kafka\net\transport.py", line 107, in _sock_recv
    data = self._sock.recv(4096)
ConnectionAbortedError: [WinError 10053] An established connection was aborted by the software in your host machine
2026-06-19 18:22:48,224 - ERROR - <KafkaTCPTransport [::1:9092<-51176]>: Abort (KafkaConnectionError: [WinError 10053] An established connection was aborted by the software in your host machine)
2026-06-19 18:22:48,225 - ERROR - Metadata refresh: failed KafkaConnectionError: [WinError 10053] An established connection was aborted by the software in your host machine
2026-06-19 18:22:48,225 - ERROR - KafkaConnectionError: [WinError 10053] An established connection was aborted by the software in your host machine
Traceback (most recent call last):
  File "C:\Users\monis\OneDrive\Documents\IntelliStream\venv\Lib\site-packages\kafka\cluster.py", line 127, in _refresh_loop
    await self.refresh_metadata()
  File "C:\Users\monis\OneDrive\Documents\IntelliStream\venv\Lib\site-packages\kafka\cluster.py", line 156, in refresh_metadata
    await self._do_refresh_metadata(node_id)
  File "C:\Users\monis\OneDrive\Documents\IntelliStream\venv\Lib\site-packages\kafka\cluster.py", line 175, in _do_refresh_metadata
    response = await self._manager.send(request, node_id)
               ^^^^^^^^^^^^^^^^^^^^^^^^^^^^^^^^^^^^^^^^^^
  File "C:\Users\monis\OneDrive\Documents\IntelliStream\venv\Lib\site-packages\kafka\future.py", line 165, in __await__
    raise self.exception
kafka.errors.KafkaConnectionError: KafkaConnectionError: [WinError 10053] An established connection was aborted by the software in your host machine
2026-06-19 18:22:48,231 - ERROR - <KafkaTCPTransport [::1:9092<-51177]>: socket disconnected
2026-06-19 18:22:48,231 - ERROR - <KafkaTCPTransport [::1:9092<-51177]>: Abort (KafkaConnectionError: socket disconnected)
2026-06-19 18:22:48,236 - ERROR - <KafkaTCPTransport [::1:9092<-51178]>: socket disconnected
2026-06-19 18:22:48,236 - ERROR - <KafkaTCPTransport [::1:9092<-51178]>: Abort (KafkaConnectionError: socket disconnected)
2026-06-19 18:22:48,241 - ERROR - <KafkaTCPTransport [::1:9092<-51179]>: socket disconnected
2026-06-19 18:22:48,242 - ERROR - <KafkaTCPTransport [::1:9092<-51179]>: Abort (KafkaConnectionError: socket disconnected)
2026-06-19 18:22:48,256 - ERROR - <KafkaTCPTransport [::1:9092<-51180]>: Error receiving network data closing socket
Traceback (most recent call last):
  File "C:\Users\monis\OneDrive\Documents\IntelliStream\venv\Lib\site-packages\kafka\net\transport.py", line 107, in _sock_recv
    data = self._sock.recv(4096)
ConnectionAbortedError: [WinError 10053] An established connection was aborted by the software in your host machine
2026-06-19 18:22:48,256 - ERROR - <KafkaTCPTransport [::1:9092<-51180]>: Abort (KafkaConnectionError: [WinError 10053] An established connection was aborted by the software in your host machine)
2026-06-19 18:22:48,262 - ERROR - <KafkaTCPTransport [::1:9092<-51181]>: socket disconnected
2026-06-19 18:22:48,262 - ERROR - <KafkaTCPTransport [::1:9092<-51181]>: Abort (KafkaConnectionError: socket disconnected)
2026-06-19 18:22:48,268 - ERROR - <KafkaTCPTransport [::1:9092<-51182]>: socket disconnected
2026-06-19 18:22:48,268 - ERROR - <KafkaTCPTransport [::1:9092<-51182]>: Abort (KafkaConnectionError: socket disconnected)
2026-06-19 18:22:48,273 - ERROR - <KafkaTCPTransport [::1:9092<-51183]>: socket disconnected
2026-06-19 18:22:48,274 - ERROR - <KafkaTCPTransport [::1:9092<-51183]>: Abort (KafkaConnectionError: socket disconnected)
2026-06-19 18:22:48,279 - ERROR - <KafkaTCPTransport [::1:9092<-51184]>: socket disconnected
2026-06-19 18:22:48,279 - ERROR - <KafkaTCPTransport [::1:9092<-51184]>: Abort (KafkaConnectionError: socket disconnected)
2026-06-19 18:22:48,286 - ERROR - <KafkaTCPTransport [::1:9092<-51185]>: socket disconnected
2026-06-19 18:22:48,287 - ERROR - <KafkaTCPTransport [::1:9092<-51185]>: Abort (KafkaConnectionError: socket disconnected)
2026-06-19 18:22:48,295 - ERROR - <KafkaTCPTransport [::1:9092<-51186]>: socket disconnected
2026-06-19 18:22:48,295 - ERROR - <KafkaTCPTransport [::1:9092<-51186]>: Abort (KafkaConnectionError: socket disconnected)
2026-06-19 18:22:48,301 - ERROR - <KafkaTCPTransport [::1:9092<-51187]>: socket disconnected
2026-06-19 18:22:48,301 - ERROR - <KafkaTCPTransport [::1:9092<-51187]>: Abort (KafkaConnectionError: socket disconnected)
2026-06-19 18:22:48,306 - ERROR - <KafkaTCPTransport [::1:9092<-51188]>: socket disconnected
2026-06-19 18:22:48,307 - ERROR - <KafkaTCPTransport [::1:9092<-51188]>: Abort (KafkaConnectionError: socket disconnected)
2026-06-19 18:22:48,312 - ERROR - <KafkaTCPTransport [::1:9092<-51189]>: socket disconnected
2026-06-19 18:22:48,312 - ERROR - <KafkaTCPTransport [::1:9092<-51189]>: Abort (KafkaConnectionError: socket disconnected)
2026-06-19 18:22:48,318 - ERROR - <KafkaTCPTransport [::1:9092<-51190]>: socket disconnected
2026-06-19 18:22:48,318 - ERROR - <KafkaTCPTransport [::1:9092<-51190]>: Abort (KafkaConnectionError: socket disconnected)
2026-06-19 18:22:48,325 - INFO - Metadata refresh (node_id=1)
2026-06-19 18:22:48,335 - ERROR - <KafkaTCPTransport [::1:9092<-51191]>: socket disconnected
2026-06-19 18:22:48,336 - ERROR - <KafkaTCPTransport [::1:9092<-51191]>: Abort (KafkaConnectionError: socket disconnected)
2026-06-19 18:22:48,336 - ERROR - Metadata refresh: failed KafkaConnectionError: socket disconnected
2026-06-19 18:22:48,337 - ERROR - KafkaConnectionError: socket disconnected
Traceback (most recent call last):
  File "C:\Users\monis\OneDrive\Documents\IntelliStream\venv\Lib\site-packages\kafka\cluster.py", line 127, in _refresh_loop
    await self.refresh_metadata()
  File "C:\Users\monis\OneDrive\Documents\IntelliStream\venv\Lib\site-packages\kafka\cluster.py", line 156, in refresh_metadata
    await self._do_refresh_metadata(node_id)
  File "C:\Users\monis\OneDrive\Documents\IntelliStream\venv\Lib\site-packages\kafka\cluster.py", line 175, in _do_refresh_metadata
    response = await self._manager.send(request, node_id)
               ^^^^^^^^^^^^^^^^^^^^^^^^^^^^^^^^^^^^^^^^^^
  File "C:\Users\monis\OneDrive\Documents\IntelliStream\venv\Lib\site-packages\kafka\future.py", line 165, in __await__
    raise self.exception
kafka.errors.KafkaConnectionError: KafkaConnectionError: socket disconnected
2026-06-19 18:22:48,343 - ERROR - <KafkaTCPTransport [::1:9092<-51192]>: socket disconnected
2026-06-19 18:22:48,343 - ERROR - <KafkaTCPTransport [::1:9092<-51192]>: Abort (KafkaConnectionError: socket disconnected)
2026-06-19 18:22:48,348 - ERROR - <KafkaTCPTransport [::1:9092<-51193]>: socket disconnected
2026-06-19 18:22:48,348 - ERROR - <KafkaTCPTransport [::1:9092<-51193]>: Abort (KafkaConnectionError: socket disconnected)
2026-06-19 18:22:48,354 - ERROR - <KafkaTCPTransport [::1:9092<-51194]>: socket disconnected
2026-06-19 18:22:48,354 - ERROR - <KafkaTCPTransport [::1:9092<-51194]>: Abort (KafkaConnectionError: socket disconnected)
2026-06-19 18:22:48,360 - ERROR - <KafkaTCPTransport [::1:9092<-51195]>: socket disconnected
2026-06-19 18:22:48,360 - ERROR - <KafkaTCPTransport [::1:9092<-51195]>: Abort (KafkaConnectionError: socket disconnected)
2026-06-19 18:22:48,379 - ERROR - <KafkaTCPTransport [::1:9092<-51196]>: Error receiving network data closing socket
Traceback (most recent call last):
  File "C:\Users\monis\OneDrive\Documents\IntelliStream\venv\Lib\site-packages\kafka\net\transport.py", line 107, in _sock_recv
    data = self._sock.recv(4096)
ConnectionAbortedError: [WinError 10053] An established connection was aborted by the software in your host machine
2026-06-19 18:22:48,380 - ERROR - <KafkaTCPTransport [::1:9092<-51196]>: Abort (KafkaConnectionError: [WinError 10053] An established connection was aborted by the software in your host machine)
2026-06-19 18:22:48,386 - ERROR - <KafkaTCPTransport [::1:9092<-51197]>: socket disconnected
2026-06-19 18:22:48,386 - ERROR - <KafkaTCPTransport [::1:9092<-51197]>: Abort (KafkaConnectionError: socket disconnected)
2026-06-19 18:22:48,393 - ERROR - <KafkaTCPTransport [::1:9092<-51198]>: socket disconnected
2026-06-19 18:22:48,393 - ERROR - <KafkaTCPTransport [::1:9092<-51198]>: Abort (KafkaConnectionError: socket disconnected)
2026-06-19 18:22:48,420 - ERROR - <KafkaTCPTransport [::1:9092<-51199]>: socket disconnected
2026-06-19 18:22:48,420 - ERROR - <KafkaTCPTransport [::1:9092<-51199]>: Abort (KafkaConnectionError: socket disconnected)
2026-06-19 18:22:48,425 - ERROR - <KafkaTCPTransport [::1:9092<-51200]>: socket disconnected
2026-06-19 18:22:48,426 - ERROR - <KafkaTCPTransport [::1:9092<-51200]>: Abort (KafkaConnectionError: socket disconnected)
2026-06-19 18:22:48,431 - ERROR - <KafkaTCPTransport [::1:9092<-51201]>: socket disconnected
2026-06-19 18:22:48,431 - ERROR - <KafkaTCPTransport [::1:9092<-51201]>: Abort (KafkaConnectionError: socket disconnected)
2026-06-19 18:22:48,436 - ERROR - <KafkaTCPTransport [::1:9092<-51202]>: socket disconnected
2026-06-19 18:22:48,437 - ERROR - <KafkaTCPTransport [::1:9092<-51202]>: Abort (KafkaConnectionError: socket disconnected)
2026-06-19 18:22:48,439 - INFO - Metadata refresh (node_id=1)
2026-06-19 18:22:48,442 - ERROR - <KafkaTCPTransport [::1:9092<-51203]>: socket disconnected
2026-06-19 18:22:48,442 - ERROR - <KafkaTCPTransport [::1:9092<-51203]>: Abort (KafkaConnectionError: socket disconnected)
2026-06-19 18:22:48,443 - ERROR - Metadata refresh: failed KafkaConnectionError: socket disconnected
2026-06-19 18:22:48,443 - ERROR - KafkaConnectionError: socket disconnected
Traceback (most recent call last):
  File "C:\Users\monis\OneDrive\Documents\IntelliStream\venv\Lib\site-packages\kafka\cluster.py", line 127, in _refresh_loop
    await self.refresh_metadata()
  File "C:\Users\monis\OneDrive\Documents\IntelliStream\venv\Lib\site-packages\kafka\cluster.py", line 156, in refresh_metadata
    await self._do_refresh_metadata(node_id)
  File "C:\Users\monis\OneDrive\Documents\IntelliStream\venv\Lib\site-packages\kafka\cluster.py", line 175, in _do_refresh_metadata
    response = await self._manager.send(request, node_id)
               ^^^^^^^^^^^^^^^^^^^^^^^^^^^^^^^^^^^^^^^^^^
  File "C:\Users\monis\OneDrive\Documents\IntelliStream\venv\Lib\site-packages\kafka\future.py", line 165, in __await__
    raise self.exception
kafka.errors.KafkaConnectionError: KafkaConnectionError: socket disconnected
2026-06-19 18:22:48,449 - ERROR - <KafkaTCPTransport [::1:9092<-51204]>: socket disconnected
2026-06-19 18:22:48,450 - ERROR - <KafkaTCPTransport [::1:9092<-51204]>: Abort (KafkaConnectionError: socket disconnected)
2026-06-19 18:22:48,472 - ERROR - <KafkaTCPTransport [::1:9092<-51205]>: Error receiving network data closing socket
Traceback (most recent call last):
  File "C:\Users\monis\OneDrive\Documents\IntelliStream\venv\Lib\site-packages\kafka\net\transport.py", line 107, in _sock_recv
    data = self._sock.recv(4096)
ConnectionAbortedError: [WinError 10053] An established connection was aborted by the software in your host machine
2026-06-19 18:22:48,473 - ERROR - <KafkaTCPTransport [::1:9092<-51205]>: Abort (KafkaConnectionError: [WinError 10053] An established connection was aborted by the software in your host machine)
2026-06-19 18:22:48,478 - ERROR - <KafkaTCPTransport [::1:9092<-51206]>: socket disconnected
2026-06-19 18:22:48,479 - ERROR - <KafkaTCPTransport [::1:9092<-51206]>: Abort (KafkaConnectionError: socket disconnected)
2026-06-19 18:22:48,483 - ERROR - <KafkaTCPTransport [::1:9092<-51207]>: socket disconnected
2026-06-19 18:22:48,483 - ERROR - <KafkaTCPTransport [::1:9092<-51207]>: Abort (KafkaConnectionError: socket disconnected)
2026-06-19 18:22:48,488 - ERROR - <KafkaTCPTransport [::1:9092<-51208]>: socket disconnected
2026-06-19 18:22:48,488 - ERROR - <KafkaTCPTransport [::1:9092<-51208]>: Abort (KafkaConnectionError: socket disconnected)
2026-06-19 18:22:48,494 - ERROR - <KafkaTCPTransport [::1:9092<-51209]>: socket disconnected
2026-06-19 18:22:48,494 - ERROR - <KafkaTCPTransport [::1:9092<-51209]>: Abort (KafkaConnectionError: socket disconnected)
2026-06-19 18:22:48,500 - ERROR - <KafkaTCPTransport [::1:9092<-51210]>: socket disconnected
2026-06-19 18:22:48,500 - ERROR - <KafkaTCPTransport [::1:9092<-51210]>: Abort (KafkaConnectionError: socket disconnected)
2026-06-19 18:22:48,513 - ERROR - <KafkaTCPTransport [::1:9092<-51211]>: socket disconnected
2026-06-19 18:22:48,513 - ERROR - <KafkaTCPTransport [::1:9092<-51211]>: Abort (KafkaConnectionError: socket disconnected)
2026-06-19 18:22:48,519 - ERROR - <KafkaTCPTransport [::1:9092<-51212]>: socket disconnected
2026-06-19 18:22:48,519 - ERROR - <KafkaTCPTransport [::1:9092<-51212]>: Abort (KafkaConnectionError: socket disconnected)
2026-06-19 18:22:48,524 - ERROR - <KafkaTCPTransport [::1:9092<-51213]>: socket disconnected
2026-06-19 18:22:48,525 - ERROR - <KafkaTCPTransport [::1:9092<-51213]>: Abort (KafkaConnectionError: socket disconnected)
2026-06-19 18:22:48,533 - ERROR - <KafkaTCPTransport [::1:9092<-51214]>: socket disconnected
2026-06-19 18:22:48,534 - ERROR - <KafkaTCPTransport [::1:9092<-51214]>: Abort (KafkaConnectionError: socket disconnected)
2026-06-19 18:22:48,541 - ERROR - <KafkaTCPTransport [::1:9092<-51215]>: socket disconnected
2026-06-19 18:22:48,542 - ERROR - <KafkaTCPTransport [::1:9092<-51215]>: Abort (KafkaConnectionError: socket disconnected)
2026-06-19 18:22:48,544 - INFO - Metadata refresh (node_id=1)
2026-06-19 18:22:48,548 - ERROR - <KafkaTCPTransport [::1:9092<-51216]>: socket disconnected
2026-06-19 18:22:48,548 - ERROR - <KafkaTCPTransport [::1:9092<-51216]>: Abort (KafkaConnectionError: socket disconnected)
2026-06-19 18:22:48,549 - ERROR - Metadata refresh: failed KafkaConnectionError: socket disconnected
2026-06-19 18:22:48,549 - ERROR - KafkaConnectionError: socket disconnected
Traceback (most recent call last):
  File "C:\Users\monis\OneDrive\Documents\IntelliStream\venv\Lib\site-packages\kafka\cluster.py", line 127, in _refresh_loop
    await self.refresh_metadata()
  File "C:\Users\monis\OneDrive\Documents\IntelliStream\venv\Lib\site-packages\kafka\cluster.py", line 156, in refresh_metadata
    await self._do_refresh_metadata(node_id)
  File "C:\Users\monis\OneDrive\Documents\IntelliStream\venv\Lib\site-packages\kafka\cluster.py", line 175, in _do_refresh_metadata
    response = await self._manager.send(request, node_id)
               ^^^^^^^^^^^^^^^^^^^^^^^^^^^^^^^^^^^^^^^^^^
  File "C:\Users\monis\OneDrive\Documents\IntelliStream\venv\Lib\site-packages\kafka\future.py", line 165, in __await__
    raise self.exception
kafka.errors.KafkaConnectionError: KafkaConnectionError: socket disconnected
2026-06-19 18:22:48,560 - ERROR - <KafkaTCPTransport [::1:9092<-51217]>: socket disconnected
2026-06-19 18:22:48,560 - ERROR - <KafkaTCPTransport [::1:9092<-51217]>: Abort (KafkaConnectionError: socket disconnected)
2026-06-19 18:22:48,566 - ERROR - <KafkaTCPTransport [::1:9092<-51218]>: socket disconnected
2026-06-19 18:22:48,566 - ERROR - <KafkaTCPTransport [::1:9092<-51218]>: Abort (KafkaConnectionError: socket disconnected)
2026-06-19 18:22:48,572 - ERROR - <KafkaTCPTransport [::1:9092<-51219]>: socket disconnected
2026-06-19 18:22:48,572 - ERROR - <KafkaTCPTransport [::1:9092<-51219]>: Abort (KafkaConnectionError: socket disconnected)
2026-06-19 18:22:48,578 - ERROR - <KafkaTCPTransport [::1:9092<-51220]>: socket disconnected
2026-06-19 18:22:48,578 - ERROR - <KafkaTCPTransport [::1:9092<-51220]>: Abort (KafkaConnectionError: socket disconnected)
2026-06-19 18:22:48,583 - ERROR - <KafkaTCPTransport [::1:9092<-51221]>: socket disconnected
2026-06-19 18:22:48,583 - ERROR - <KafkaTCPTransport [::1:9092<-51221]>: Abort (KafkaConnectionError: socket disconnected)
2026-06-19 18:22:48,587 - ERROR - <KafkaTCPTransport [::1:9092<-51222]>: socket disconnected
2026-06-19 18:22:48,588 - ERROR - <KafkaTCPTransport [::1:9092<-51222]>: Abort (KafkaConnectionError: socket disconnected)
2026-06-19 18:22:48,608 - ERROR - <KafkaTCPTransport [::1:9092<-51223]>: socket disconnected
2026-06-19 18:22:48,608 - ERROR - <KafkaTCPTransport [::1:9092<-51223]>: Abort (KafkaConnectionError: socket disconnected)
2026-06-19 18:22:48,614 - ERROR - <KafkaTCPTransport [::1:9092<-51224]>: socket disconnected
2026-06-19 18:22:48,614 - ERROR - <KafkaTCPTransport [::1:9092<-51224]>: Abort (KafkaConnectionError: socket disconnected)
2026-06-19 18:22:48,619 - ERROR - <KafkaTCPTransport [::1:9092<-51225]>: socket disconnected
2026-06-19 18:22:48,619 - ERROR - <KafkaTCPTransport [::1:9092<-51225]>: Abort (KafkaConnectionError: socket disconnected)
2026-06-19 18:22:48,624 - ERROR - <KafkaTCPTransport [::1:9092<-51226]>: socket disconnected
2026-06-19 18:22:48,624 - ERROR - <KafkaTCPTransport [::1:9092<-51226]>: Abort (KafkaConnectionError: socket disconnected)
2026-06-19 18:22:48,629 - ERROR - <KafkaTCPTransport [::1:9092<-51227]>: socket disconnected
2026-06-19 18:22:48,629 - ERROR - <KafkaTCPTransport [::1:9092<-51227]>: Abort (KafkaConnectionError: socket disconnected)
2026-06-19 18:22:48,634 - ERROR - <KafkaTCPTransport [::1:9092<-51228]>: socket disconnected
2026-06-19 18:22:48,635 - ERROR - <KafkaTCPTransport [::1:9092<-51228]>: Abort (KafkaConnectionError: socket disconnected)
2026-06-19 18:22:48,640 - ERROR - <KafkaTCPTransport [::1:9092<-51229]>: socket disconnected
2026-06-19 18:22:48,640 - ERROR - <KafkaTCPTransport [::1:9092<-51229]>: Abort (KafkaConnectionError: socket disconnected)
2026-06-19 18:22:48,646 - ERROR - <KafkaTCPTransport [::1:9092<-51230]>: socket disconnected
2026-06-19 18:22:48,646 - ERROR - <KafkaTCPTransport [::1:9092<-51230]>: Abort (KafkaConnectionError: socket disconnected)
2026-06-19 18:22:48,649 - INFO - Metadata refresh (node_id=1)
2026-06-19 18:22:48,652 - ERROR - <KafkaTCPTransport [::1:9092<-51231]>: socket disconnected
2026-06-19 18:22:48,652 - ERROR - <KafkaTCPTransport [::1:9092<-51231]>: Abort (KafkaConnectionError: socket disconnected)
2026-06-19 18:22:48,653 - ERROR - Metadata refresh: failed KafkaConnectionError: socket disconnected
2026-06-19 18:22:48,653 - ERROR - KafkaConnectionError: socket disconnected
Traceback (most recent call last):
  File "C:\Users\monis\OneDrive\Documents\IntelliStream\venv\Lib\site-packages\kafka\cluster.py", line 127, in _refresh_loop
    await self.refresh_metadata()
  File "C:\Users\monis\OneDrive\Documents\IntelliStream\venv\Lib\site-packages\kafka\cluster.py", line 156, in refresh_metadata
    await self._do_refresh_metadata(node_id)
  File "C:\Users\monis\OneDrive\Documents\IntelliStream\venv\Lib\site-packages\kafka\cluster.py", line 175, in _do_refresh_metadata
    response = await self._manager.send(request, node_id)
               ^^^^^^^^^^^^^^^^^^^^^^^^^^^^^^^^^^^^^^^^^^
  File "C:\Users\monis\OneDrive\Documents\IntelliStream\venv\Lib\site-packages\kafka\future.py", line 165, in __await__
    raise self.exception
kafka.errors.KafkaConnectionError: KafkaConnectionError: socket disconnected
2026-06-19 18:22:48,660 - ERROR - <KafkaTCPTransport [::1:9092<-51232]>: socket disconnected
2026-06-19 18:22:48,661 - ERROR - <KafkaTCPTransport [::1:9092<-51232]>: Abort (KafkaConnectionError: socket disconnected)
2026-06-19 18:22:48,666 - ERROR - <KafkaTCPTransport [::1:9092<-51233]>: socket disconnected
2026-06-19 18:22:48,667 - ERROR - <KafkaTCPTransport [::1:9092<-51233]>: Abort (KafkaConnectionError: socket disconnected)
2026-06-19 18:22:48,673 - ERROR - <KafkaTCPTransport [::1:9092<-51234]>: socket disconnected
2026-06-19 18:22:48,673 - ERROR - <KafkaTCPTransport [::1:9092<-51234]>: Abort (KafkaConnectionError: socket disconnected)
2026-06-19 18:22:48,679 - ERROR - <KafkaTCPTransport [::1:9092<-51235]>: socket disconnected
2026-06-19 18:22:48,680 - ERROR - <KafkaTCPTransport [::1:9092<-51235]>: Abort (KafkaConnectionError: socket disconnected)
2026-06-19 18:22:48,690 - ERROR - <KafkaTCPTransport [::1:9092<-51236]>: socket disconnected
2026-06-19 18:22:48,690 - ERROR - <KafkaTCPTransport [::1:9092<-51236]>: Abort (KafkaConnectionError: socket disconnected)
2026-06-19 18:22:48,696 - ERROR - <KafkaTCPTransport [::1:9092<-51237]>: socket disconnected
2026-06-19 18:22:48,697 - ERROR - <KafkaTCPTransport [::1:9092<-51237]>: Abort (KafkaConnectionError: socket disconnected)
2026-06-19 18:22:48,707 - ERROR - <KafkaTCPTransport [::1:9092<-51238]>: socket disconnected
2026-06-19 18:22:48,707 - ERROR - <KafkaTCPTransport [::1:9092<-51238]>: Abort (KafkaConnectionError: socket disconnected)
2026-06-19 18:22:48,714 - ERROR - <KafkaTCPTransport [::1:9092<-51239]>: socket disconnected
2026-06-19 18:22:48,715 - ERROR - <KafkaTCPTransport [::1:9092<-51239]>: Abort (KafkaConnectionError: socket disconnected)
2026-06-19 18:22:48,725 - ERROR - <KafkaTCPTransport [::1:9092<-51240]>: socket disconnected
2026-06-19 18:22:48,726 - ERROR - <KafkaTCPTransport [::1:9092<-51240]>: Abort (KafkaConnectionError: socket disconnected)
2026-06-19 18:22:48,732 - ERROR - <KafkaTCPTransport [::1:9092<-51241]>: socket disconnected
2026-06-19 18:22:48,732 - ERROR - <KafkaTCPTransport [::1:9092<-51241]>: Abort (KafkaConnectionError: socket disconnected)
2026-06-19 18:22:48,741 - ERROR - <KafkaTCPTransport [::1:9092<-51242]>: socket disconnected
2026-06-19 18:22:48,741 - ERROR - <KafkaTCPTransport [::1:9092<-51242]>: Abort (KafkaConnectionError: socket disconnected)
2026-06-19 18:22:48,749 - ERROR - <KafkaTCPTransport [::1:9092<-51243]>: socket disconnected
2026-06-19 18:22:48,750 - ERROR - <KafkaTCPTransport [::1:9092<-51243]>: Abort (KafkaConnectionError: socket disconnected)
2026-06-19 18:22:48,754 - INFO - Metadata refresh (node_id=1)
2026-06-19 18:22:48,760 - ERROR - <KafkaTCPTransport [::1:9092<-51244]>: socket disconnected
2026-06-19 18:22:48,761 - ERROR - <KafkaTCPTransport [::1:9092<-51244]>: Abort (KafkaConnectionError: socket disconnected)
2026-06-19 18:22:48,762 - ERROR - Metadata refresh: failed KafkaConnectionError: socket disconnected
2026-06-19 18:22:48,762 - ERROR - KafkaConnectionError: socket disconnected
Traceback (most recent call last):
  File "C:\Users\monis\OneDrive\Documents\IntelliStream\venv\Lib\site-packages\kafka\cluster.py", line 127, in _refresh_loop
    await self.refresh_metadata()
  File "C:\Users\monis\OneDrive\Documents\IntelliStream\venv\Lib\site-packages\kafka\cluster.py", line 156, in refresh_metadata
    await self._do_refresh_metadata(node_id)
  File "C:\Users\monis\OneDrive\Documents\IntelliStream\venv\Lib\site-packages\kafka\cluster.py", line 175, in _do_refresh_metadata
    response = await self._manager.send(request, node_id)
               ^^^^^^^^^^^^^^^^^^^^^^^^^^^^^^^^^^^^^^^^^^
  File "C:\Users\monis\OneDrive\Documents\IntelliStream\venv\Lib\site-packages\kafka\future.py", line 165, in __await__
    raise self.exception
kafka.errors.KafkaConnectionError: KafkaConnectionError: socket disconnected
2026-06-19 18:22:48,768 - ERROR - <KafkaTCPTransport [::1:9092<-51245]>: socket disconnected
2026-06-19 18:22:48,768 - ERROR - <KafkaTCPTransport [::1:9092<-51245]>: Abort (KafkaConnectionError: socket disconnected)
2026-06-19 18:22:48,777 - ERROR - <KafkaTCPTransport [::1:9092<-51246]>: socket disconnected
2026-06-19 18:22:48,777 - ERROR - <KafkaTCPTransport [::1:9092<-51246]>: Abort (KafkaConnectionError: socket disconnected)
2026-06-19 18:22:48,783 - ERROR - <KafkaTCPTransport [::1:9092<-51247]>: socket disconnected
2026-06-19 18:22:48,784 - ERROR - <KafkaTCPTransport [::1:9092<-51247]>: Abort (KafkaConnectionError: socket disconnected)
2026-06-19 18:22:48,794 - ERROR - <KafkaTCPTransport [::1:9092<-51248]>: socket disconnected
2026-06-19 18:22:48,794 - ERROR - <KafkaTCPTransport [::1:9092<-51248]>: Abort (KafkaConnectionError: socket disconnected)
2026-06-19 18:22:48,803 - ERROR - <KafkaTCPTransport [::1:9092<-51249]>: socket disconnected
2026-06-19 18:22:48,803 - ERROR - <KafkaTCPTransport [::1:9092<-51249]>: Abort (KafkaConnectionError: socket disconnected)
2026-06-19 18:22:48,809 - ERROR - <KafkaTCPTransport [::1:9092<-51250]>: socket disconnected
2026-06-19 18:22:48,809 - ERROR - <KafkaTCPTransport [::1:9092<-51250]>: Abort (KafkaConnectionError: socket disconnected)
2026-06-19 18:22:48,815 - ERROR - <KafkaTCPTransport [::1:9092<-51251]>: socket disconnected
2026-06-19 18:22:48,816 - ERROR - <KafkaTCPTransport [::1:9092<-51251]>: Abort (KafkaConnectionError: socket disconnected)
2026-06-19 18:22:48,822 - ERROR - <KafkaTCPTransport [::1:9092<-51252]>: socket disconnected
2026-06-19 18:22:48,823 - ERROR - <KafkaTCPTransport [::1:9092<-51252]>: Abort (KafkaConnectionError: socket disconnected)
2026-06-19 18:22:48,832 - ERROR - <KafkaTCPTransport [::1:9092<-51253]>: socket disconnected
2026-06-19 18:22:48,832 - ERROR - <KafkaTCPTransport [::1:9092<-51253]>: Abort (KafkaConnectionError: socket disconnected)
2026-06-19 18:22:48,843 - ERROR - <KafkaTCPTransport [::1:9092<-51254]>: socket disconnected
2026-06-19 18:22:48,844 - ERROR - <KafkaTCPTransport [::1:9092<-51254]>: Abort (KafkaConnectionError: socket disconnected)
2026-06-19 18:22:48,850 - ERROR - <KafkaTCPTransport [::1:9092<-51255]>: socket disconnected
2026-06-19 18:22:48,850 - ERROR - <KafkaTCPTransport [::1:9092<-51255]>: Abort (KafkaConnectionError: socket disconnected)
2026-06-19 18:22:48,860 - ERROR - <KafkaTCPTransport [::1:9092<-51256]>: socket disconnected
2026-06-19 18:22:48,860 - ERROR - <KafkaTCPTransport [::1:9092<-51256]>: Abort (KafkaConnectionError: socket disconnected)
2026-06-19 18:22:48,863 - INFO - Metadata refresh (node_id=1)
2026-06-19 18:22:48,866 - ERROR - <KafkaTCPTransport [::1:9092<-51257]>: socket disconnected
2026-06-19 18:22:48,867 - ERROR - <KafkaTCPTransport [::1:9092<-51257]>: Abort (KafkaConnectionError: socket disconnected)
2026-06-19 18:22:48,868 - ERROR - Metadata refresh: failed KafkaConnectionError: socket disconnected
2026-06-19 18:22:48,868 - ERROR - KafkaConnectionError: socket disconnected
Traceback (most recent call last):
  File "C:\Users\monis\OneDrive\Documents\IntelliStream\venv\Lib\site-packages\kafka\cluster.py", line 127, in _refresh_loop
    await self.refresh_metadata()
  File "C:\Users\monis\OneDrive\Documents\IntelliStream\venv\Lib\site-packages\kafka\cluster.py", line 156, in refresh_metadata
    await self._do_refresh_metadata(node_id)
  File "C:\Users\monis\OneDrive\Documents\IntelliStream\venv\Lib\site-packages\kafka\cluster.py", line 175, in _do_refresh_metadata
    response = await self._manager.send(request, node_id)
               ^^^^^^^^^^^^^^^^^^^^^^^^^^^^^^^^^^^^^^^^^^
  File "C:\Users\monis\OneDrive\Documents\IntelliStream\venv\Lib\site-packages\kafka\future.py", line 165, in __await__
    raise self.exception
kafka.errors.KafkaConnectionError: KafkaConnectionError: socket disconnected
2026-06-19 18:22:48,875 - ERROR - <KafkaTCPTransport [::1:9092<-51258]>: socket disconnected
2026-06-19 18:22:48,875 - ERROR - <KafkaTCPTransport [::1:9092<-51258]>: Abort (KafkaConnectionError: socket disconnected)
2026-06-19 18:22:48,881 - ERROR - <KafkaTCPTransport [::1:9092<-51259]>: socket disconnected
2026-06-19 18:22:48,881 - ERROR - <KafkaTCPTransport [::1:9092<-51259]>: Abort (KafkaConnectionError: socket disconnected)
2026-06-19 18:22:48,888 - ERROR - <KafkaTCPTransport [::1:9092<-51260]>: socket disconnected
2026-06-19 18:22:48,888 - ERROR - <KafkaTCPTransport [::1:9092<-51260]>: Abort (KafkaConnectionError: socket disconnected)
2026-06-19 18:22:48,896 - ERROR - <KafkaTCPTransport [::1:9092<-51261]>: socket disconnected
2026-06-19 18:22:48,896 - ERROR - <KafkaTCPTransport [::1:9092<-51261]>: Abort (KafkaConnectionError: socket disconnected)
2026-06-19 18:22:48,903 - ERROR - <KafkaTCPTransport [::1:9092<-51262]>: socket disconnected
2026-06-19 18:22:48,903 - ERROR - <KafkaTCPTransport [::1:9092<-51262]>: Abort (KafkaConnectionError: socket disconnected)
2026-06-19 18:22:48,915 - ERROR - <KafkaTCPTransport [::1:9092<-51263]>: socket disconnected
2026-06-19 18:22:48,916 - ERROR - <KafkaTCPTransport [::1:9092<-51263]>: Abort (KafkaConnectionError: socket disconnected)
2026-06-19 18:22:48,922 - ERROR - <KafkaTCPTransport [::1:9092<-51264]>: socket disconnected
2026-06-19 18:22:48,923 - ERROR - <KafkaTCPTransport [::1:9092<-51264]>: Abort (KafkaConnectionError: socket disconnected)
2026-06-19 18:22:48,931 - ERROR - <KafkaTCPTransport [::1:9092<-51265]>: socket disconnected
2026-06-19 18:22:48,931 - ERROR - <KafkaTCPTransport [::1:9092<-51265]>: Abort (KafkaConnectionError: socket disconnected)
2026-06-19 18:22:48,938 - ERROR - <KafkaTCPTransport [::1:9092<-51266]>: socket disconnected
2026-06-19 18:22:48,938 - ERROR - <KafkaTCPTransport [::1:9092<-51266]>: Abort (KafkaConnectionError: socket disconnected)
2026-06-19 18:22:48,944 - ERROR - <KafkaTCPTransport [::1:9092<-51267]>: socket disconnected
2026-06-19 18:22:48,944 - ERROR - <KafkaTCPTransport [::1:9092<-51267]>: Abort (KafkaConnectionError: socket disconnected)
2026-06-19 18:22:48,951 - ERROR - <KafkaTCPTransport [::1:9092<-51268]>: socket disconnected
2026-06-19 18:22:48,952 - ERROR - <KafkaTCPTransport [::1:9092<-51268]>: Abort (KafkaConnectionError: socket disconnected)
2026-06-19 18:22:48,958 - ERROR - <KafkaTCPTransport [::1:9092<-51269]>: socket disconnected
2026-06-19 18:22:48,958 - ERROR - <KafkaTCPTransport [::1:9092<-51269]>: Abort (KafkaConnectionError: socket disconnected)
2026-06-19 18:22:48,968 - ERROR - <KafkaTCPTransport [::1:9092<-51270]>: socket disconnected
2026-06-19 18:22:48,968 - ERROR - <KafkaTCPTransport [::1:9092<-51270]>: Abort (KafkaConnectionError: socket disconnected)
2026-06-19 18:22:48,972 - INFO - Metadata refresh (node_id=1)
2026-06-19 18:22:48,980 - ERROR - <KafkaTCPTransport [::1:9092<-51271]>: socket disconnected
2026-06-19 18:22:48,980 - ERROR - <KafkaTCPTransport [::1:9092<-51271]>: Abort (KafkaConnectionError: socket disconnected)
2026-06-19 18:22:48,981 - ERROR - Metadata refresh: failed KafkaConnectionError: socket disconnected
2026-06-19 18:22:48,982 - ERROR - KafkaConnectionError: socket disconnected
Traceback (most recent call last):
  File "C:\Users\monis\OneDrive\Documents\IntelliStream\venv\Lib\site-packages\kafka\cluster.py", line 127, in _refresh_loop
    await self.refresh_metadata()
  File "C:\Users\monis\OneDrive\Documents\IntelliStream\venv\Lib\site-packages\kafka\cluster.py", line 156, in refresh_metadata
    await self._do_refresh_metadata(node_id)
  File "C:\Users\monis\OneDrive\Documents\IntelliStream\venv\Lib\site-packages\kafka\cluster.py", line 175, in _do_refresh_metadata
    response = await self._manager.send(request, node_id)
               ^^^^^^^^^^^^^^^^^^^^^^^^^^^^^^^^^^^^^^^^^^
  File "C:\Users\monis\OneDrive\Documents\IntelliStream\venv\Lib\site-packages\kafka\future.py", line 165, in __await__
    raise self.exception
kafka.errors.KafkaConnectionError: KafkaConnectionError: socket disconnected
2026-06-19 18:22:48,989 - ERROR - <KafkaTCPTransport [::1:9092<-51272]>: socket disconnected
2026-06-19 18:22:48,989 - ERROR - <KafkaTCPTransport [::1:9092<-51272]>: Abort (KafkaConnectionError: socket disconnected)
2026-06-19 18:22:48,995 - ERROR - <KafkaTCPTransport [::1:9092<-51273]>: socket disconnected
2026-06-19 18:22:48,996 - ERROR - <KafkaTCPTransport [::1:9092<-51273]>: Abort (KafkaConnectionError: socket disconnected)
2026-06-19 18:22:49,001 - ERROR - <KafkaTCPTransport [::1:9092<-51274]>: socket disconnected
2026-06-19 18:22:49,002 - ERROR - <KafkaTCPTransport [::1:9092<-51274]>: Abort (KafkaConnectionError: socket disconnected)
2026-06-19 18:22:49,008 - ERROR - <KafkaTCPTransport [::1:9092<-51275]>: socket disconnected
2026-06-19 18:22:49,008 - ERROR - <KafkaTCPTransport [::1:9092<-51275]>: Abort (KafkaConnectionError: socket disconnected)
2026-06-19 18:22:49,014 - ERROR - <KafkaTCPTransport [::1:9092<-51276]>: socket disconnected
2026-06-19 18:22:49,014 - ERROR - <KafkaTCPTransport [::1:9092<-51276]>: Abort (KafkaConnectionError: socket disconnected)
2026-06-19 18:22:49,024 - ERROR - <KafkaTCPTransport [::1:9092<-51277]>: socket disconnected
2026-06-19 18:22:49,024 - ERROR - <KafkaTCPTransport [::1:9092<-51277]>: Abort (KafkaConnectionError: socket disconnected)
2026-06-19 18:22:49,030 - ERROR - <KafkaTCPTransport [::1:9092<-51278]>: socket disconnected
2026-06-19 18:22:49,030 - ERROR - <KafkaTCPTransport [::1:9092<-51278]>: Abort (KafkaConnectionError: socket disconnected)
2026-06-19 18:22:49,041 - ERROR - <KafkaTCPTransport [::1:9092<-51279]>: socket disconnected
2026-06-19 18:22:49,041 - ERROR - <KafkaTCPTransport [::1:9092<-51279]>: Abort (KafkaConnectionError: socket disconnected)
2026-06-19 18:22:49,047 - ERROR - <KafkaTCPTransport [::1:9092<-51280]>: socket disconnected
2026-06-19 18:22:49,048 - ERROR - <KafkaTCPTransport [::1:9092<-51280]>: Abort (KafkaConnectionError: socket disconnected)
2026-06-19 18:22:49,054 - ERROR - <KafkaTCPTransport [::1:9092<-51281]>: socket disconnected
2026-06-19 18:22:49,054 - ERROR - <KafkaTCPTransport [::1:9092<-51281]>: Abort (KafkaConnectionError: socket disconnected)
2026-06-19 18:22:49,060 - ERROR - <KafkaTCPTransport [::1:9092<-51282]>: socket disconnected
2026-06-19 18:22:49,061 - ERROR - <KafkaTCPTransport [::1:9092<-51282]>: Abort (KafkaConnectionError: socket disconnected)
2026-06-19 18:22:49,067 - ERROR - <KafkaTCPTransport [::1:9092<-51283]>: socket disconnected
2026-06-19 18:22:49,067 - ERROR - <KafkaTCPTransport [::1:9092<-51283]>: Abort (KafkaConnectionError: socket disconnected)
2026-06-19 18:22:49,073 - ERROR - <KafkaTCPTransport [::1:9092<-51284]>: socket disconnected
2026-06-19 18:22:49,074 - ERROR - <KafkaTCPTransport [::1:9092<-51284]>: Abort (KafkaConnectionError: socket disconnected)
2026-06-19 18:22:49,081 - ERROR - <KafkaTCPTransport [::1:9092<-51285]>: socket disconnected
2026-06-19 18:22:49,081 - ERROR - <KafkaTCPTransport [::1:9092<-51285]>: Abort (KafkaConnectionError: socket disconnected)
2026-06-19 18:22:49,084 - INFO - Metadata refresh (node_id=1)
2026-06-19 18:22:49,093 - ERROR - <KafkaTCPTransport [::1:9092<-51286]>: socket disconnected
2026-06-19 18:22:49,093 - ERROR - <KafkaTCPTransport [::1:9092<-51286]>: Abort (KafkaConnectionError: socket disconnected)
2026-06-19 18:22:49,094 - ERROR - Metadata refresh: failed KafkaConnectionError: socket disconnected
2026-06-19 18:22:49,095 - ERROR - KafkaConnectionError: socket disconnected
Traceback (most recent call last):
  File "C:\Users\monis\OneDrive\Documents\IntelliStream\venv\Lib\site-packages\kafka\cluster.py", line 127, in _refresh_loop
    await self.refresh_metadata()
  File "C:\Users\monis\OneDrive\Documents\IntelliStream\venv\Lib\site-packages\kafka\cluster.py", line 156, in refresh_metadata
    await self._do_refresh_metadata(node_id)
  File "C:\Users\monis\OneDrive\Documents\IntelliStream\venv\Lib\site-packages\kafka\cluster.py", line 175, in _do_refresh_metadata
    response = await self._manager.send(request, node_id)
               ^^^^^^^^^^^^^^^^^^^^^^^^^^^^^^^^^^^^^^^^^^
  File "C:\Users\monis\OneDrive\Documents\IntelliStream\venv\Lib\site-packages\kafka\future.py", line 165, in __await__
    raise self.exception
kafka.errors.KafkaConnectionError: KafkaConnectionError: socket disconnected
2026-06-19 18:22:49,104 - ERROR - <KafkaTCPTransport [::1:9092<-51287]>: socket disconnected
2026-06-19 18:22:49,104 - ERROR - <KafkaTCPTransport [::1:9092<-51287]>: Abort (KafkaConnectionError: socket disconnected)
2026-06-19 18:22:49,112 - ERROR - <KafkaTCPTransport [::1:9092<-51288]>: socket disconnected
2026-06-19 18:22:49,112 - ERROR - <KafkaTCPTransport [::1:9092<-51288]>: Abort (KafkaConnectionError: socket disconnected)
2026-06-19 18:22:49,121 - ERROR - <KafkaTCPTransport [::1:9092<-51289]>: socket disconnected
2026-06-19 18:22:49,121 - ERROR - <KafkaTCPTransport [::1:9092<-51289]>: Abort (KafkaConnectionError: socket disconnected)
2026-06-19 18:22:49,127 - ERROR - <KafkaTCPTransport [::1:9092<-51290]>: socket disconnected
2026-06-19 18:22:49,128 - ERROR - <KafkaTCPTransport [::1:9092<-51290]>: Abort (KafkaConnectionError: socket disconnected)
2026-06-19 18:22:49,155 - ERROR - <KafkaTCPTransport [::1:9092<-51291]>: Error receiving network data closing socket
Traceback (most recent call last):
  File "C:\Users\monis\OneDrive\Documents\IntelliStream\venv\Lib\site-packages\kafka\net\transport.py", line 107, in _sock_recv
    data = self._sock.recv(4096)
ConnectionAbortedError: [WinError 10053] An established connection was aborted by the software in your host machine
2026-06-19 18:22:49,156 - ERROR - <KafkaTCPTransport [::1:9092<-51291]>: Abort (KafkaConnectionError: [WinError 10053] An established connection was aborted by the software in your host machine)
2026-06-19 18:22:49,162 - ERROR - <KafkaTCPTransport [::1:9092<-51292]>: socket disconnected
2026-06-19 18:22:49,163 - ERROR - <KafkaTCPTransport [::1:9092<-51292]>: Abort (KafkaConnectionError: socket disconnected)
2026-06-19 18:22:49,170 - ERROR - <KafkaTCPTransport [::1:9092<-51293]>: socket disconnected
2026-06-19 18:22:49,170 - ERROR - <KafkaTCPTransport [::1:9092<-51293]>: Abort (KafkaConnectionError: socket disconnected)
2026-06-19 18:22:49,176 - ERROR - <KafkaTCPTransport [::1:9092<-51294]>: socket disconnected
2026-06-19 18:22:49,177 - ERROR - <KafkaTCPTransport [::1:9092<-51294]>: Abort (KafkaConnectionError: socket disconnected)
2026-06-19 18:22:49,184 - ERROR - <KafkaTCPTransport [::1:9092<-51295]>: socket disconnected
2026-06-19 18:22:49,185 - ERROR - <KafkaTCPTransport [::1:9092<-51295]>: Abort (KafkaConnectionError: socket disconnected)
2026-06-19 18:22:49,191 - ERROR - <KafkaTCPTransport [::1:9092<-51296]>: socket disconnected
2026-06-19 18:22:49,191 - ERROR - <KafkaTCPTransport [::1:9092<-51296]>: Abort (KafkaConnectionError: socket disconnected)
2026-06-19 18:22:49,195 - INFO - Metadata refresh (node_id=1)
2026-06-19 18:22:49,201 - ERROR - <KafkaTCPTransport [::1:9092<-51297]>: socket disconnected
2026-06-19 18:22:49,202 - ERROR - <KafkaTCPTransport [::1:9092<-51297]>: Abort (KafkaConnectionError: socket disconnected)
2026-06-19 18:22:49,202 - ERROR - Metadata refresh: failed KafkaConnectionError: socket disconnected
2026-06-19 18:22:49,202 - ERROR - KafkaConnectionError: socket disconnected
Traceback (most recent call last):
  File "C:\Users\monis\OneDrive\Documents\IntelliStream\venv\Lib\site-packages\kafka\cluster.py", line 127, in _refresh_loop
    await self.refresh_metadata()
  File "C:\Users\monis\OneDrive\Documents\IntelliStream\venv\Lib\site-packages\kafka\cluster.py", line 156, in refresh_metadata
    await self._do_refresh_metadata(node_id)
  File "C:\Users\monis\OneDrive\Documents\IntelliStream\venv\Lib\site-packages\kafka\cluster.py", line 175, in _do_refresh_metadata
    response = await self._manager.send(request, node_id)
               ^^^^^^^^^^^^^^^^^^^^^^^^^^^^^^^^^^^^^^^^^^
  File "C:\Users\monis\OneDrive\Documents\IntelliStream\venv\Lib\site-packages\kafka\future.py", line 165, in __await__
    raise self.exception
kafka.errors.KafkaConnectionError: KafkaConnectionError: socket disconnected
2026-06-19 18:22:49,208 - ERROR - <KafkaTCPTransport [::1:9092<-51298]>: socket disconnected
2026-06-19 18:22:49,209 - ERROR - <KafkaTCPTransport [::1:9092<-51298]>: Abort (KafkaConnectionError: socket disconnected)
2026-06-19 18:22:49,215 - ERROR - <KafkaTCPTransport [::1:9092<-51299]>: socket disconnected
2026-06-19 18:22:49,216 - ERROR - <KafkaTCPTransport [::1:9092<-51299]>: Abort (KafkaConnectionError: socket disconnected)
2026-06-19 18:22:49,222 - ERROR - <KafkaTCPTransport [::1:9092<-51300]>: socket disconnected
2026-06-19 18:22:49,222 - ERROR - <KafkaTCPTransport [::1:9092<-51300]>: Abort (KafkaConnectionError: socket disconnected)
2026-06-19 18:22:49,228 - ERROR - <KafkaTCPTransport [::1:9092<-51301]>: socket disconnected
2026-06-19 18:22:49,228 - ERROR - <KafkaTCPTransport [::1:9092<-51301]>: Abort (KafkaConnectionError: socket disconnected)
2026-06-19 18:22:49,248 - ERROR - <KafkaTCPTransport [::1:9092<-51302]>: Error receiving network data closing socket
Traceback (most recent call last):
  File "C:\Users\monis\OneDrive\Documents\IntelliStream\venv\Lib\site-packages\kafka\net\transport.py", line 107, in _sock_recv
    data = self._sock.recv(4096)
ConnectionAbortedError: [WinError 10053] An established connection was aborted by the software in your host machine
2026-06-19 18:22:49,248 - ERROR - <KafkaTCPTransport [::1:9092<-51302]>: Abort (KafkaConnectionError: [WinError 10053] An established connection was aborted by the software in your host machine)
2026-06-19 18:22:49,254 - ERROR - <KafkaTCPTransport [::1:9092<-51303]>: socket disconnected
2026-06-19 18:22:49,255 - ERROR - <KafkaTCPTransport [::1:9092<-51303]>: Abort (KafkaConnectionError: socket disconnected)
2026-06-19 18:22:49,261 - ERROR - <KafkaTCPTransport [::1:9092<-51304]>: socket disconnected
2026-06-19 18:22:49,261 - ERROR - <KafkaTCPTransport [::1:9092<-51304]>: Abort (KafkaConnectionError: socket disconnected)
2026-06-19 18:22:49,266 - ERROR - <KafkaTCPTransport [::1:9092<-51305]>: socket disconnected
2026-06-19 18:22:49,266 - ERROR - <KafkaTCPTransport [::1:9092<-51305]>: Abort (KafkaConnectionError: socket disconnected)
2026-06-19 18:22:49,275 - ERROR - <KafkaTCPTransport [::1:9092<-51306]>: socket disconnected
2026-06-19 18:22:49,276 - ERROR - <KafkaTCPTransport [::1:9092<-51306]>: Abort (KafkaConnectionError: socket disconnected)
2026-06-19 18:22:49,281 - ERROR - <KafkaTCPTransport [::1:9092<-51307]>: socket disconnected
2026-06-19 18:22:49,282 - ERROR - <KafkaTCPTransport [::1:9092<-51307]>: Abort (KafkaConnectionError: socket disconnected)
2026-06-19 18:22:49,287 - ERROR - <KafkaTCPTransport [::1:9092<-51308]>: socket disconnected
2026-06-19 18:22:49,288 - ERROR - <KafkaTCPTransport [::1:9092<-51308]>: Abort (KafkaConnectionError: socket disconnected)
2026-06-19 18:22:49,295 - ERROR - <KafkaTCPTransport [::1:9092<-51309]>: socket disconnected
2026-06-19 18:22:49,295 - ERROR - <KafkaTCPTransport [::1:9092<-51309]>: Abort (KafkaConnectionError: socket disconnected)
2026-06-19 18:22:49,301 - ERROR - <KafkaTCPTransport [::1:9092<-51310]>: socket disconnected
2026-06-19 18:22:49,301 - ERROR - <KafkaTCPTransport [::1:9092<-51310]>: Abort (KafkaConnectionError: socket disconnected)
2026-06-19 18:22:49,303 - INFO - Metadata refresh (node_id=1)
2026-06-19 18:22:49,307 - ERROR - <KafkaTCPTransport [::1:9092<-51311]>: socket disconnected
2026-06-19 18:22:49,307 - ERROR - <KafkaTCPTransport [::1:9092<-51311]>: Abort (KafkaConnectionError: socket disconnected)
2026-06-19 18:22:49,308 - ERROR - Metadata refresh: failed KafkaConnectionError: socket disconnected
2026-06-19 18:22:49,308 - ERROR - KafkaConnectionError: socket disconnected
Traceback (most recent call last):
  File "C:\Users\monis\OneDrive\Documents\IntelliStream\venv\Lib\site-packages\kafka\cluster.py", line 127, in _refresh_loop
    await self.refresh_metadata()
  File "C:\Users\monis\OneDrive\Documents\IntelliStream\venv\Lib\site-packages\kafka\cluster.py", line 156, in refresh_metadata
    await self._do_refresh_metadata(node_id)
  File "C:\Users\monis\OneDrive\Documents\IntelliStream\venv\Lib\site-packages\kafka\cluster.py", line 175, in _do_refresh_metadata
    response = await self._manager.send(request, node_id)
               ^^^^^^^^^^^^^^^^^^^^^^^^^^^^^^^^^^^^^^^^^^
  File "C:\Users\monis\OneDrive\Documents\IntelliStream\venv\Lib\site-packages\kafka\future.py", line 165, in __await__
    raise self.exception
kafka.errors.KafkaConnectionError: KafkaConnectionError: socket disconnected
2026-06-19 18:22:49,315 - ERROR - <KafkaTCPTransport [::1:9092<-51312]>: socket disconnected
2026-06-19 18:22:49,315 - ERROR - <KafkaTCPTransport [::1:9092<-51312]>: Abort (KafkaConnectionError: socket disconnected)
2026-06-19 18:22:49,320 - ERROR - <KafkaTCPTransport [::1:9092<-51313]>: socket disconnected
2026-06-19 18:22:49,321 - ERROR - <KafkaTCPTransport [::1:9092<-51313]>: Abort (KafkaConnectionError: socket disconnected)
2026-06-19 18:22:49,327 - ERROR - <KafkaTCPTransport [::1:9092<-51314]>: socket disconnected
2026-06-19 18:22:49,327 - ERROR - <KafkaTCPTransport [::1:9092<-51314]>: Abort (KafkaConnectionError: socket disconnected)
2026-06-19 18:22:49,332 - ERROR - <KafkaTCPTransport [::1:9092<-51315]>: socket disconnected
2026-06-19 18:22:49,333 - ERROR - <KafkaTCPTransport [::1:9092<-51315]>: Abort (KafkaConnectionError: socket disconnected)
2026-06-19 18:22:49,338 - ERROR - <KafkaTCPTransport [::1:9092<-51316]>: socket disconnected
2026-06-19 18:22:49,338 - ERROR - <KafkaTCPTransport [::1:9092<-51316]>: Abort (KafkaConnectionError: socket disconnected)
2026-06-19 18:22:49,344 - ERROR - <KafkaTCPTransport [::1:9092<-51317]>: socket disconnected
2026-06-19 18:22:49,345 - ERROR - <KafkaTCPTransport [::1:9092<-51317]>: Abort (KafkaConnectionError: socket disconnected)
2026-06-19 18:22:49,351 - ERROR - <KafkaTCPTransport [::1:9092<-51318]>: socket disconnected
2026-06-19 18:22:49,352 - ERROR - <KafkaTCPTransport [::1:9092<-51318]>: Abort (KafkaConnectionError: socket disconnected)
2026-06-19 18:22:49,373 - ERROR - <KafkaTCPTransport [::1:9092<-51319]>: Error receiving network data closing socket
Traceback (most recent call last):
  File "C:\Users\monis\OneDrive\Documents\IntelliStream\venv\Lib\site-packages\kafka\net\transport.py", line 107, in _sock_recv
    data = self._sock.recv(4096)
ConnectionAbortedError: [WinError 10053] An established connection was aborted by the software in your host machine
2026-06-19 18:22:49,374 - ERROR - <KafkaTCPTransport [::1:9092<-51319]>: Abort (KafkaConnectionError: [WinError 10053] An established connection was aborted by the software in your host machine)
2026-06-19 18:22:49,382 - ERROR - <KafkaTCPTransport [::1:9092<-51320]>: socket disconnected
2026-06-19 18:22:49,382 - ERROR - <KafkaTCPTransport [::1:9092<-51320]>: Abort (KafkaConnectionError: socket disconnected)
2026-06-19 18:22:49,387 - ERROR - <KafkaTCPTransport [::1:9092<-51321]>: socket disconnected
2026-06-19 18:22:49,387 - ERROR - <KafkaTCPTransport [::1:9092<-51321]>: Abort (KafkaConnectionError: socket disconnected)
2026-06-19 18:22:49,392 - ERROR - <KafkaTCPTransport [::1:9092<-51322]>: socket disconnected
2026-06-19 18:22:49,393 - ERROR - <KafkaTCPTransport [::1:9092<-51322]>: Abort (KafkaConnectionError: socket disconnected)
2026-06-19 18:22:49,399 - ERROR - <KafkaTCPTransport [::1:9092<-51323]>: socket disconnected
2026-06-19 18:22:49,399 - ERROR - <KafkaTCPTransport [::1:9092<-51323]>: Abort (KafkaConnectionError: socket disconnected)
2026-06-19 18:22:49,404 - ERROR - <KafkaTCPTransport [::1:9092<-51324]>: socket disconnected
2026-06-19 18:22:49,404 - ERROR - <KafkaTCPTransport [::1:9092<-51324]>: Abort (KafkaConnectionError: socket disconnected)
2026-06-19 18:22:49,409 - INFO - Metadata refresh (node_id=1)
2026-06-19 18:22:49,410 - ERROR - <KafkaTCPTransport [::1:9092<-51325]>: socket disconnected
2026-06-19 18:22:49,410 - ERROR - <KafkaTCPTransport [::1:9092<-51325]>: Abort (KafkaConnectionError: socket disconnected)
2026-06-19 18:22:49,411 - ERROR - Metadata refresh: failed KafkaConnectionError: socket disconnected
2026-06-19 18:22:49,411 - ERROR - KafkaConnectionError: socket disconnected
Traceback (most recent call last):
  File "C:\Users\monis\OneDrive\Documents\IntelliStream\venv\Lib\site-packages\kafka\cluster.py", line 127, in _refresh_loop
    await self.refresh_metadata()
  File "C:\Users\monis\OneDrive\Documents\IntelliStream\venv\Lib\site-packages\kafka\cluster.py", line 156, in refresh_metadata
    await self._do_refresh_metadata(node_id)
  File "C:\Users\monis\OneDrive\Documents\IntelliStream\venv\Lib\site-packages\kafka\cluster.py", line 175, in _do_refresh_metadata
    response = await self._manager.send(request, node_id)
               ^^^^^^^^^^^^^^^^^^^^^^^^^^^^^^^^^^^^^^^^^^
  File "C:\Users\monis\OneDrive\Documents\IntelliStream\venv\Lib\site-packages\kafka\future.py", line 165, in __await__
    raise self.exception
kafka.errors.KafkaConnectionError: KafkaConnectionError: socket disconnected
2026-06-19 18:22:49,416 - ERROR - <KafkaTCPTransport [::1:9092<-51326]>: socket disconnected
2026-06-19 18:22:49,416 - ERROR - <KafkaTCPTransport [::1:9092<-51326]>: Abort (KafkaConnectionError: socket disconnected)
2026-06-19 18:22:49,422 - ERROR - <KafkaTCPTransport [::1:9092<-51327]>: socket disconnected
2026-06-19 18:22:49,422 - ERROR - <KafkaTCPTransport [::1:9092<-51327]>: Abort (KafkaConnectionError: socket disconnected)
2026-06-19 18:22:49,427 - ERROR - <KafkaTCPTransport [::1:9092<-51328]>: socket disconnected
2026-06-19 18:22:49,427 - ERROR - <KafkaTCPTransport [::1:9092<-51328]>: Abort (KafkaConnectionError: socket disconnected)
2026-06-19 18:22:49,433 - ERROR - <KafkaTCPTransport [::1:9092<-51329]>: socket disconnected
2026-06-19 18:22:49,433 - ERROR - <KafkaTCPTransport [::1:9092<-51329]>: Abort (KafkaConnectionError: socket disconnected)
2026-06-19 18:22:49,443 - ERROR - <KafkaTCPTransport [::1:9092<-51330]>: socket disconnected
2026-06-19 18:22:49,443 - ERROR - <KafkaTCPTransport [::1:9092<-51330]>: Abort (KafkaConnectionError: socket disconnected)
2026-06-19 18:22:49,448 - ERROR - <KafkaTCPTransport [::1:9092<-51331]>: socket disconnected
2026-06-19 18:22:49,448 - ERROR - <KafkaTCPTransport [::1:9092<-51331]>: Abort (KafkaConnectionError: socket disconnected)
2026-06-19 18:22:49,454 - ERROR - <KafkaTCPTransport [::1:9092<-51332]>: socket disconnected
2026-06-19 18:22:49,454 - ERROR - <KafkaTCPTransport [::1:9092<-51332]>: Abort (KafkaConnectionError: socket disconnected)
2026-06-19 18:22:49,461 - ERROR - <KafkaTCPTransport [::1:9092<-51333]>: socket disconnected
2026-06-19 18:22:49,461 - ERROR - <KafkaTCPTransport [::1:9092<-51333]>: Abort (KafkaConnectionError: socket disconnected)
2026-06-19 18:22:49,467 - ERROR - <KafkaTCPTransport [::1:9092<-51334]>: socket disconnected
2026-06-19 18:22:49,467 - ERROR - <KafkaTCPTransport [::1:9092<-51334]>: Abort (KafkaConnectionError: socket disconnected)
2026-06-19 18:22:49,472 - ERROR - <KafkaTCPTransport [::1:9092<-51335]>: socket disconnected
2026-06-19 18:22:49,472 - ERROR - <KafkaTCPTransport [::1:9092<-51335]>: Abort (KafkaConnectionError: socket disconnected)
2026-06-19 18:22:49,478 - ERROR - <KafkaTCPTransport [::1:9092<-51336]>: socket disconnected
2026-06-19 18:22:49,478 - ERROR - <KafkaTCPTransport [::1:9092<-51336]>: Abort (KafkaConnectionError: socket disconnected)
2026-06-19 18:22:49,483 - ERROR - <KafkaTCPTransport [::1:9092<-51337]>: socket disconnected
2026-06-19 18:22:49,483 - ERROR - <KafkaTCPTransport [::1:9092<-51337]>: Abort (KafkaConnectionError: socket disconnected)
2026-06-19 18:22:49,495 - ERROR - <KafkaTCPTransport [::1:9092<-51338]>: Error receiving network data closing socket
Traceback (most recent call last):
  File "C:\Users\monis\OneDrive\Documents\IntelliStream\venv\Lib\site-packages\kafka\net\transport.py", line 107, in _sock_recv
    data = self._sock.recv(4096)
ConnectionAbortedError: [WinError 10053] An established connection was aborted by the software in your host machine
2026-06-19 18:22:49,496 - ERROR - <KafkaTCPTransport [::1:9092<-51338]>: Abort (KafkaConnectionError: [WinError 10053] An established connection was aborted by the software in your host machine)
2026-06-19 18:22:49,500 - ERROR - <KafkaTCPTransport [::1:9092<-51339]>: socket disconnected
2026-06-19 18:22:49,500 - ERROR - <KafkaTCPTransport [::1:9092<-51339]>: Abort (KafkaConnectionError: socket disconnected)
2026-06-19 18:22:49,505 - ERROR - <KafkaTCPTransport [::1:9092<-51340]>: socket disconnected
2026-06-19 18:22:49,505 - ERROR - <KafkaTCPTransport [::1:9092<-51340]>: Abort (KafkaConnectionError: socket disconnected)
2026-06-19 18:22:49,510 - ERROR - <KafkaTCPTransport [::1:9092<-51341]>: socket disconnected
2026-06-19 18:22:49,511 - ERROR - <KafkaTCPTransport [::1:9092<-51341]>: Abort (KafkaConnectionError: socket disconnected)
2026-06-19 18:22:49,513 - INFO - Metadata refresh (node_id=1)
2026-06-19 18:22:49,517 - ERROR - <KafkaTCPTransport [::1:9092<-51342]>: socket disconnected
2026-06-19 18:22:49,517 - ERROR - <KafkaTCPTransport [::1:9092<-51342]>: Abort (KafkaConnectionError: socket disconnected)
2026-06-19 18:22:49,518 - ERROR - Metadata refresh: failed KafkaConnectionError: socket disconnected
2026-06-19 18:22:49,518 - ERROR - KafkaConnectionError: socket disconnected
Traceback (most recent call last):
  File "C:\Users\monis\OneDrive\Documents\IntelliStream\venv\Lib\site-packages\kafka\cluster.py", line 127, in _refresh_loop
    await self.refresh_metadata()
  File "C:\Users\monis\OneDrive\Documents\IntelliStream\venv\Lib\site-packages\kafka\cluster.py", line 156, in refresh_metadata
    await self._do_refresh_metadata(node_id)
  File "C:\Users\monis\OneDrive\Documents\IntelliStream\venv\Lib\site-packages\kafka\cluster.py", line 175, in _do_refresh_metadata
    response = await self._manager.send(request, node_id)
               ^^^^^^^^^^^^^^^^^^^^^^^^^^^^^^^^^^^^^^^^^^
  File "C:\Users\monis\OneDrive\Documents\IntelliStream\venv\Lib\site-packages\kafka\future.py", line 165, in __await__
    raise self.exception
kafka.errors.KafkaConnectionError: KafkaConnectionError: socket disconnected
2026-06-19 18:22:49,524 - ERROR - <KafkaTCPTransport [::1:9092<-51343]>: socket disconnected
2026-06-19 18:22:49,524 - ERROR - <KafkaTCPTransport [::1:9092<-51343]>: Abort (KafkaConnectionError: socket disconnected)
2026-06-19 18:22:49,529 - ERROR - <KafkaTCPTransport [::1:9092<-51344]>: socket disconnected
2026-06-19 18:22:49,530 - ERROR - <KafkaTCPTransport [::1:9092<-51344]>: Abort (KafkaConnectionError: socket disconnected)
2026-06-19 18:22:49,534 - ERROR - <KafkaTCPTransport [::1:9092<-51345]>: socket disconnected
2026-06-19 18:22:49,534 - ERROR - <KafkaTCPTransport [::1:9092<-51345]>: Abort (KafkaConnectionError: socket disconnected)
2026-06-19 18:22:49,540 - ERROR - <KafkaTCPTransport [::1:9092<-51346]>: socket disconnected
2026-06-19 18:22:49,540 - ERROR - <KafkaTCPTransport [::1:9092<-51346]>: Abort (KafkaConnectionError: socket disconnected)
2026-06-19 18:22:49,545 - ERROR - <KafkaTCPTransport [::1:9092<-51347]>: socket disconnected
2026-06-19 18:22:49,545 - ERROR - <KafkaTCPTransport [::1:9092<-51347]>: Abort (KafkaConnectionError: socket disconnected)
2026-06-19 18:22:49,550 - ERROR - <KafkaTCPTransport [::1:9092<-51348]>: socket disconnected
2026-06-19 18:22:49,550 - ERROR - <KafkaTCPTransport [::1:9092<-51348]>: Abort (KafkaConnectionError: socket disconnected)
2026-06-19 18:22:49,555 - ERROR - <KafkaTCPTransport [::1:9092<-51349]>: socket disconnected
2026-06-19 18:22:49,555 - ERROR - <KafkaTCPTransport [::1:9092<-51349]>: Abort (KafkaConnectionError: socket disconnected)
2026-06-19 18:22:49,560 - ERROR - <KafkaTCPTransport [::1:9092<-51350]>: socket disconnected
2026-06-19 18:22:49,560 - ERROR - <KafkaTCPTransport [::1:9092<-51350]>: Abort (KafkaConnectionError: socket disconnected)
2026-06-19 18:22:49,565 - ERROR - <KafkaTCPTransport [::1:9092<-51351]>: socket disconnected
2026-06-19 18:22:49,565 - ERROR - <KafkaTCPTransport [::1:9092<-51351]>: Abort (KafkaConnectionError: socket disconnected)
2026-06-19 18:22:49,570 - ERROR - <KafkaTCPTransport [::1:9092<-51352]>: socket disconnected
2026-06-19 18:22:49,570 - ERROR - <KafkaTCPTransport [::1:9092<-51352]>: Abort (KafkaConnectionError: socket disconnected)
2026-06-19 18:22:49,588 - ERROR - <KafkaTCPTransport [::1:9092<-51353]>: Error receiving network data closing socket
Traceback (most recent call last):
  File "C:\Users\monis\OneDrive\Documents\IntelliStream\venv\Lib\site-packages\kafka\net\transport.py", line 107, in _sock_recv
    data = self._sock.recv(4096)
ConnectionAbortedError: [WinError 10053] An established connection was aborted by the software in your host machine
2026-06-19 18:22:49,588 - ERROR - <KafkaTCPTransport [::1:9092<-51353]>: Abort (KafkaConnectionError: [WinError 10053] An established connection was aborted by the software in your host machine)
2026-06-19 18:22:49,593 - ERROR - <KafkaTCPTransport [::1:9092<-51354]>: socket disconnected
2026-06-19 18:22:49,594 - ERROR - <KafkaTCPTransport [::1:9092<-51354]>: Abort (KafkaConnectionError: socket disconnected)
2026-06-19 18:22:49,599 - ERROR - <KafkaTCPTransport [::1:9092<-51355]>: socket disconnected
2026-06-19 18:22:49,599 - ERROR - <KafkaTCPTransport [::1:9092<-51355]>: Abort (KafkaConnectionError: socket disconnected)
2026-06-19 18:22:49,604 - ERROR - <KafkaTCPTransport [::1:9092<-51356]>: socket disconnected
2026-06-19 18:22:49,604 - ERROR - <KafkaTCPTransport [::1:9092<-51356]>: Abort (KafkaConnectionError: socket disconnected)
2026-06-19 18:22:49,610 - ERROR - <KafkaTCPTransport [::1:9092<-51357]>: socket disconnected
2026-06-19 18:22:49,610 - ERROR - <KafkaTCPTransport [::1:9092<-51357]>: Abort (KafkaConnectionError: socket disconnected)
2026-06-19 18:22:49,633 - INFO - Metadata refresh (node_id=1)
2026-06-19 18:22:49,634 - ERROR - <KafkaTCPTransport [::1:9092<-51358]>: Error receiving network data closing socket
Traceback (most recent call last):
  File "C:\Users\monis\OneDrive\Documents\IntelliStream\venv\Lib\site-packages\kafka\net\transport.py", line 107, in _sock_recv
    data = self._sock.recv(4096)
ConnectionAbortedError: [WinError 10053] An established connection was aborted by the software in your host machine
2026-06-19 18:22:49,635 - ERROR - <KafkaTCPTransport [::1:9092<-51358]>: Abort (KafkaConnectionError: [WinError 10053] An established connection was aborted by the software in your host machine)
2026-06-19 18:22:49,635 - ERROR - Metadata refresh: failed KafkaConnectionError: [WinError 10053] An established connection was aborted by the software in your host machine
2026-06-19 18:22:49,635 - ERROR - KafkaConnectionError: [WinError 10053] An established connection was aborted by the software in your host machine
Traceback (most recent call last):
  File "C:\Users\monis\OneDrive\Documents\IntelliStream\venv\Lib\site-packages\kafka\cluster.py", line 127, in _refresh_loop
    await self.refresh_metadata()
  File "C:\Users\monis\OneDrive\Documents\IntelliStream\venv\Lib\site-packages\kafka\cluster.py", line 156, in refresh_metadata
    await self._do_refresh_metadata(node_id)
  File "C:\Users\monis\OneDrive\Documents\IntelliStream\venv\Lib\site-packages\kafka\cluster.py", line 175, in _do_refresh_metadata
    response = await self._manager.send(request, node_id)
               ^^^^^^^^^^^^^^^^^^^^^^^^^^^^^^^^^^^^^^^^^^
  File "C:\Users\monis\OneDrive\Documents\IntelliStream\venv\Lib\site-packages\kafka\future.py", line 165, in __await__
    raise self.exception
kafka.errors.KafkaConnectionError: KafkaConnectionError: [WinError 10053] An established connection was aborted by the software in your host machine
2026-06-19 18:22:49,649 - ERROR - <KafkaTCPTransport [::1:9092<-51359]>: Error receiving network data closing socket
Traceback (most recent call last):
  File "C:\Users\monis\OneDrive\Documents\IntelliStream\venv\Lib\site-packages\kafka\net\transport.py", line 107, in _sock_recv
    data = self._sock.recv(4096)
ConnectionAbortedError: [WinError 10053] An established connection was aborted by the software in your host machine
2026-06-19 18:22:49,650 - ERROR - <KafkaTCPTransport [::1:9092<-51359]>: Abort (KafkaConnectionError: [WinError 10053] An established connection was aborted by the software in your host machine)
2026-06-19 18:22:49,655 - ERROR - <KafkaTCPTransport [::1:9092<-51360]>: socket disconnected
2026-06-19 18:22:49,655 - ERROR - <KafkaTCPTransport [::1:9092<-51360]>: Abort (KafkaConnectionError: socket disconnected)
2026-06-19 18:22:49,661 - ERROR - <KafkaTCPTransport [::1:9092<-51361]>: socket disconnected
2026-06-19 18:22:49,662 - ERROR - <KafkaTCPTransport [::1:9092<-51361]>: Abort (KafkaConnectionError: socket disconnected)
2026-06-19 18:22:49,666 - ERROR - <KafkaTCPTransport [::1:9092<-51362]>: socket disconnected
2026-06-19 18:22:49,666 - ERROR - <KafkaTCPTransport [::1:9092<-51362]>: Abort (KafkaConnectionError: socket disconnected)
2026-06-19 18:22:49,670 - ERROR - <KafkaTCPTransport [::1:9092<-51363]>: socket disconnected
2026-06-19 18:22:49,670 - ERROR - <KafkaTCPTransport [::1:9092<-51363]>: Abort (KafkaConnectionError: socket disconnected)
2026-06-19 18:22:49,695 - ERROR - <KafkaTCPTransport [::1:9092<-51364]>: Error receiving network data closing socket
Traceback (most recent call last):
  File "C:\Users\monis\OneDrive\Documents\IntelliStream\venv\Lib\site-packages\kafka\net\transport.py", line 107, in _sock_recv
    data = self._sock.recv(4096)
ConnectionAbortedError: [WinError 10053] An established connection was aborted by the software in your host machine
2026-06-19 18:22:49,696 - ERROR - <KafkaTCPTransport [::1:9092<-51364]>: Abort (KafkaConnectionError: [WinError 10053] An established connection was aborted by the software in your host machine)
2026-06-19 18:22:49,701 - ERROR - <KafkaTCPTransport [::1:9092<-51365]>: socket disconnected
2026-06-19 18:22:49,701 - ERROR - <KafkaTCPTransport [::1:9092<-51365]>: Abort (KafkaConnectionError: socket disconnected)
2026-06-19 18:22:49,727 - ERROR - <KafkaTCPTransport [::1:9092<-51366]>: Error receiving network data closing socket
Traceback (most recent call last):
  File "C:\Users\monis\OneDrive\Documents\IntelliStream\venv\Lib\site-packages\kafka\net\transport.py", line 107, in _sock_recv
    data = self._sock.recv(4096)
ConnectionAbortedError: [WinError 10053] An established connection was aborted by the software in your host machine
2026-06-19 18:22:49,728 - ERROR - <KafkaTCPTransport [::1:9092<-51366]>: Abort (KafkaConnectionError: [WinError 10053] An established connection was aborted by the software in your host machine)
2026-06-19 18:22:49,742 - INFO - Metadata refresh (node_id=1)
2026-06-19 18:22:49,743 - ERROR - <KafkaTCPTransport [::1:9092<-51367]>: Error receiving network data closing socket
Traceback (most recent call last):
  File "C:\Users\monis\OneDrive\Documents\IntelliStream\venv\Lib\site-packages\kafka\net\transport.py", line 107, in _sock_recv
    data = self._sock.recv(4096)
ConnectionAbortedError: [WinError 10053] An established connection was aborted by the software in your host machine
2026-06-19 18:22:49,743 - ERROR - <KafkaTCPTransport [::1:9092<-51367]>: Abort (KafkaConnectionError: [WinError 10053] An established connection was aborted by the software in your host machine)
2026-06-19 18:22:49,744 - ERROR - Metadata refresh: failed KafkaConnectionError: [WinError 10053] An established connection was aborted by the software in your host machine
2026-06-19 18:22:49,744 - ERROR - KafkaConnectionError: [WinError 10053] An established connection was aborted by the software in your host machine
Traceback (most recent call last):
  File "C:\Users\monis\OneDrive\Documents\IntelliStream\venv\Lib\site-packages\kafka\cluster.py", line 127, in _refresh_loop
    await self.refresh_metadata()
  File "C:\Users\monis\OneDrive\Documents\IntelliStream\venv\Lib\site-packages\kafka\cluster.py", line 156, in refresh_metadata
    await self._do_refresh_metadata(node_id)
  File "C:\Users\monis\OneDrive\Documents\IntelliStream\venv\Lib\site-packages\kafka\cluster.py", line 175, in _do_refresh_metadata
    response = await self._manager.send(request, node_id)
               ^^^^^^^^^^^^^^^^^^^^^^^^^^^^^^^^^^^^^^^^^^
  File "C:\Users\monis\OneDrive\Documents\IntelliStream\venv\Lib\site-packages\kafka\future.py", line 165, in __await__
    raise self.exception
kafka.errors.KafkaConnectionError: KafkaConnectionError: [WinError 10053] An established connection was aborted by the software in your host machine
2026-06-19 18:22:49,758 - ERROR - <KafkaTCPTransport [::1:9092<-51368]>: Error receiving network data closing socket
Traceback (most recent call last):
  File "C:\Users\monis\OneDrive\Documents\IntelliStream\venv\Lib\site-packages\kafka\net\transport.py", line 107, in _sock_recv
    data = self._sock.recv(4096)
ConnectionAbortedError: [WinError 10053] An established connection was aborted by the software in your host machine
2026-06-19 18:22:49,758 - ERROR - <KafkaTCPTransport [::1:9092<-51368]>: Abort (KafkaConnectionError: [WinError 10053] An established connection was aborted by the software in your host machine)
2026-06-19 18:22:49,763 - ERROR - <KafkaTCPTransport [::1:9092<-51369]>: socket disconnected
2026-06-19 18:22:49,763 - ERROR - <KafkaTCPTransport [::1:9092<-51369]>: Abort (KafkaConnectionError: socket disconnected)
2026-06-19 18:22:49,768 - ERROR - <KafkaTCPTransport [::1:9092<-51370]>: socket disconnected
2026-06-19 18:22:49,768 - ERROR - <KafkaTCPTransport [::1:9092<-51370]>: Abort (KafkaConnectionError: socket disconnected)
2026-06-19 18:22:49,773 - ERROR - <KafkaTCPTransport [::1:9092<-51371]>: socket disconnected
2026-06-19 18:22:49,773 - ERROR - <KafkaTCPTransport [::1:9092<-51371]>: Abort (KafkaConnectionError: socket disconnected)
2026-06-19 18:22:49,778 - ERROR - <KafkaTCPTransport [::1:9092<-51372]>: socket disconnected
2026-06-19 18:22:49,778 - ERROR - <KafkaTCPTransport [::1:9092<-51372]>: Abort (KafkaConnectionError: socket disconnected)
2026-06-19 18:22:49,805 - ERROR - <KafkaTCPTransport [::1:9092<-51373]>: Error receiving network data closing socket
Traceback (most recent call last):
  File "C:\Users\monis\OneDrive\Documents\IntelliStream\venv\Lib\site-packages\kafka\net\transport.py", line 107, in _sock_recv
    data = self._sock.recv(4096)
ConnectionAbortedError: [WinError 10053] An established connection was aborted by the software in your host machine
2026-06-19 18:22:49,806 - ERROR - <KafkaTCPTransport [::1:9092<-51373]>: Abort (KafkaConnectionError: [WinError 10053] An established connection was aborted by the software in your host machine)
2026-06-19 18:22:49,812 - ERROR - <KafkaTCPTransport [::1:9092<-51374]>: socket disconnected
2026-06-19 18:22:49,813 - ERROR - <KafkaTCPTransport [::1:9092<-51374]>: Abort (KafkaConnectionError: socket disconnected)
2026-06-19 18:22:49,821 - ERROR - <KafkaTCPTransport [::1:9092<-51375]>: socket disconnected
2026-06-19 18:22:49,822 - ERROR - <KafkaTCPTransport [::1:9092<-51375]>: Abort (KafkaConnectionError: socket disconnected)
2026-06-19 18:22:49,826 - ERROR - <KafkaTCPTransport [::1:9092<-51376]>: socket disconnected
2026-06-19 18:22:49,826 - ERROR - <KafkaTCPTransport [::1:9092<-51376]>: Abort (KafkaConnectionError: socket disconnected)
2026-06-19 18:22:49,831 - ERROR - <KafkaTCPTransport [::1:9092<-51377]>: socket disconnected
2026-06-19 18:22:49,831 - ERROR - <KafkaTCPTransport [::1:9092<-51377]>: Abort (KafkaConnectionError: socket disconnected)
2026-06-19 18:22:49,839 - ERROR - <KafkaTCPTransport [::1:9092<-51378]>: socket disconnected
2026-06-19 18:22:49,840 - ERROR - <KafkaTCPTransport [::1:9092<-51378]>: Abort (KafkaConnectionError: socket disconnected)
2026-06-19 18:22:49,865 - INFO - Metadata refresh (node_id=1)
2026-06-19 18:22:49,866 - ERROR - <KafkaTCPTransport [::1:9092<-51379]>: Error receiving network data closing socket
Traceback (most recent call last):
  File "C:\Users\monis\OneDrive\Documents\IntelliStream\venv\Lib\site-packages\kafka\net\transport.py", line 107, in _sock_recv
    data = self._sock.recv(4096)
ConnectionAbortedError: [WinError 10053] An established connection was aborted by the software in your host machine
2026-06-19 18:22:49,866 - ERROR - <KafkaTCPTransport [::1:9092<-51379]>: Abort (KafkaConnectionError: [WinError 10053] An established connection was aborted by the software in your host machine)
2026-06-19 18:22:49,866 - ERROR - Metadata refresh: failed KafkaConnectionError: [WinError 10053] An established connection was aborted by the software in your host machine
2026-06-19 18:22:49,867 - ERROR - KafkaConnectionError: [WinError 10053] An established connection was aborted by the software in your host machine
Traceback (most recent call last):
  File "C:\Users\monis\OneDrive\Documents\IntelliStream\venv\Lib\site-packages\kafka\cluster.py", line 127, in _refresh_loop
    await self.refresh_metadata()
  File "C:\Users\monis\OneDrive\Documents\IntelliStream\venv\Lib\site-packages\kafka\cluster.py", line 156, in refresh_metadata
    await self._do_refresh_metadata(node_id)
  File "C:\Users\monis\OneDrive\Documents\IntelliStream\venv\Lib\site-packages\kafka\cluster.py", line 175, in _do_refresh_metadata
    response = await self._manager.send(request, node_id)
               ^^^^^^^^^^^^^^^^^^^^^^^^^^^^^^^^^^^^^^^^^^
  File "C:\Users\monis\OneDrive\Documents\IntelliStream\venv\Lib\site-packages\kafka\future.py", line 165, in __await__
    raise self.exception
kafka.errors.KafkaConnectionError: KafkaConnectionError: [WinError 10053] An established connection was aborted by the software in your host machine
2026-06-19 18:22:49,871 - ERROR - <KafkaTCPTransport [::1:9092<-51380]>: socket disconnected
2026-06-19 18:22:49,871 - ERROR - <KafkaTCPTransport [::1:9092<-51380]>: Abort (KafkaConnectionError: socket disconnected)
2026-06-19 18:22:49,876 - ERROR - <KafkaTCPTransport [::1:9092<-51381]>: socket disconnected
2026-06-19 18:22:49,876 - ERROR - <KafkaTCPTransport [::1:9092<-51381]>: Abort (KafkaConnectionError: socket disconnected)
2026-06-19 18:22:49,896 - ERROR - <KafkaTCPTransport [::1:9092<-51382]>: Error receiving network data closing socket
Traceback (most recent call last):
  File "C:\Users\monis\OneDrive\Documents\IntelliStream\venv\Lib\site-packages\kafka\net\transport.py", line 107, in _sock_recv
    data = self._sock.recv(4096)
ConnectionAbortedError: [WinError 10053] An established connection was aborted by the software in your host machine
2026-06-19 18:22:49,897 - ERROR - <KafkaTCPTransport [::1:9092<-51382]>: Abort (KafkaConnectionError: [WinError 10053] An established connection was aborted by the software in your host machine)
2026-06-19 18:22:49,911 - ERROR - <KafkaTCPTransport [::1:9092<-51383]>: Error receiving network data closing socket
Traceback (most recent call last):
  File "C:\Users\monis\OneDrive\Documents\IntelliStream\venv\Lib\site-packages\kafka\net\transport.py", line 107, in _sock_recv
    data = self._sock.recv(4096)
ConnectionAbortedError: [WinError 10053] An established connection was aborted by the software in your host machine
2026-06-19 18:22:49,912 - ERROR - <KafkaTCPTransport [::1:9092<-51383]>: Abort (KafkaConnectionError: [WinError 10053] An established connection was aborted by the software in your host machine)
2026-06-19 18:22:49,916 - ERROR - <KafkaTCPTransport [::1:9092<-51384]>: socket disconnected
2026-06-19 18:22:49,916 - ERROR - <KafkaTCPTransport [::1:9092<-51384]>: Abort (KafkaConnectionError: socket disconnected)
2026-06-19 18:22:49,942 - ERROR - <KafkaTCPTransport [::1:9092<-51385]>: Error receiving network data closing socket
Traceback (most recent call last):
  File "C:\Users\monis\OneDrive\Documents\IntelliStream\venv\Lib\site-packages\kafka\net\transport.py", line 107, in _sock_recv
    data = self._sock.recv(4096)
ConnectionAbortedError: [WinError 10053] An established connection was aborted by the software in your host machine
2026-06-19 18:22:49,943 - ERROR - <KafkaTCPTransport [::1:9092<-51385]>: Abort (KafkaConnectionError: [WinError 10053] An established connection was aborted by the software in your host machine)
2026-06-19 18:22:49,958 - ERROR - <KafkaTCPTransport [::1:9092<-51386]>: Error receiving network data closing socket
Traceback (most recent call last):
  File "C:\Users\monis\OneDrive\Documents\IntelliStream\venv\Lib\site-packages\kafka\net\transport.py", line 107, in _sock_recv
    data = self._sock.recv(4096)
ConnectionAbortedError: [WinError 10053] An established connection was aborted by the software in your host machine
2026-06-19 18:22:49,958 - ERROR - <KafkaTCPTransport [::1:9092<-51386]>: Abort (KafkaConnectionError: [WinError 10053] An established connection was aborted by the software in your host machine)
2026-06-19 18:22:49,963 - ERROR - <KafkaTCPTransport [::1:9092<-51387]>: socket disconnected
2026-06-19 18:22:49,963 - ERROR - <KafkaTCPTransport [::1:9092<-51387]>: Abort (KafkaConnectionError: socket disconnected)
2026-06-19 18:22:49,967 - INFO - Metadata refresh (node_id=1)
2026-06-19 18:22:49,968 - ERROR - <KafkaTCPTransport [::1:9092<-51388]>: socket disconnected
2026-06-19 18:22:49,968 - ERROR - <KafkaTCPTransport [::1:9092<-51388]>: Abort (KafkaConnectionError: socket disconnected)
2026-06-19 18:22:49,969 - ERROR - Metadata refresh: failed KafkaConnectionError: socket disconnected
2026-06-19 18:22:49,969 - ERROR - KafkaConnectionError: socket disconnected
Traceback (most recent call last):
  File "C:\Users\monis\OneDrive\Documents\IntelliStream\venv\Lib\site-packages\kafka\cluster.py", line 127, in _refresh_loop
    await self.refresh_metadata()
  File "C:\Users\monis\OneDrive\Documents\IntelliStream\venv\Lib\site-packages\kafka\cluster.py", line 156, in refresh_metadata
    await self._do_refresh_metadata(node_id)
  File "C:\Users\monis\OneDrive\Documents\IntelliStream\venv\Lib\site-packages\kafka\cluster.py", line 175, in _do_refresh_metadata
    response = await self._manager.send(request, node_id)
               ^^^^^^^^^^^^^^^^^^^^^^^^^^^^^^^^^^^^^^^^^^
  File "C:\Users\monis\OneDrive\Documents\IntelliStream\venv\Lib\site-packages\kafka\future.py", line 165, in __await__
    raise self.exception
kafka.errors.KafkaConnectionError: KafkaConnectionError: socket disconnected
2026-06-19 18:22:49,975 - ERROR - <KafkaTCPTransport [::1:9092<-51389]>: socket disconnected
2026-06-19 18:22:49,975 - ERROR - <KafkaTCPTransport [::1:9092<-51389]>: Abort (KafkaConnectionError: socket disconnected)
2026-06-19 18:22:49,980 - ERROR - <KafkaTCPTransport [::1:9092<-51390]>: socket disconnected
2026-06-19 18:22:49,980 - ERROR - <KafkaTCPTransport [::1:9092<-51390]>: Abort (KafkaConnectionError: socket disconnected)
2026-06-19 18:22:49,985 - ERROR - <KafkaTCPTransport [::1:9092<-51391]>: socket disconnected
2026-06-19 18:22:49,985 - ERROR - <KafkaTCPTransport [::1:9092<-51391]>: Abort (KafkaConnectionError: socket disconnected)
2026-06-19 18:22:49,991 - ERROR - <KafkaTCPTransport [::1:9092<-51392]>: socket disconnected
2026-06-19 18:22:49,992 - ERROR - <KafkaTCPTransport [::1:9092<-51392]>: Abort (KafkaConnectionError: socket disconnected)
2026-06-19 18:22:49,996 - ERROR - <KafkaTCPTransport [::1:9092<-51393]>: socket disconnected
2026-06-19 18:22:49,996 - ERROR - <KafkaTCPTransport [::1:9092<-51393]>: Abort (KafkaConnectionError: socket disconnected)
2026-06-19 18:22:50,001 - ERROR - <KafkaTCPTransport [::1:9092<-51394]>: socket disconnected
2026-06-19 18:22:50,001 - ERROR - <KafkaTCPTransport [::1:9092<-51394]>: Abort (KafkaConnectionError: socket disconnected)
2026-06-19 18:22:50,019 - ERROR - <KafkaTCPTransport [::1:9092<-51395]>: Error receiving network data closing socket
Traceback (most recent call last):
  File "C:\Users\monis\OneDrive\Documents\IntelliStream\venv\Lib\site-packages\kafka\net\transport.py", line 107, in _sock_recv
    data = self._sock.recv(4096)
ConnectionAbortedError: [WinError 10053] An established connection was aborted by the software in your host machine
2026-06-19 18:22:50,019 - ERROR - <KafkaTCPTransport [::1:9092<-51395]>: Abort (KafkaConnectionError: [WinError 10053] An established connection was aborted by the software in your host machine)
2026-06-19 18:22:50,034 - ERROR - <KafkaTCPTransport [::1:9092<-51396]>: Error receiving network data closing socket
Traceback (most recent call last):
  File "C:\Users\monis\OneDrive\Documents\IntelliStream\venv\Lib\site-packages\kafka\net\transport.py", line 107, in _sock_recv
    data = self._sock.recv(4096)
ConnectionAbortedError: [WinError 10053] An established connection was aborted by the software in your host machine
2026-06-19 18:22:50,035 - ERROR - <KafkaTCPTransport [::1:9092<-51396]>: Abort (KafkaConnectionError: [WinError 10053] An established connection was aborted by the software in your host machine)
2026-06-19 18:22:50,040 - ERROR - <KafkaTCPTransport [::1:9092<-51397]>: socket disconnected
2026-06-19 18:22:50,040 - ERROR - <KafkaTCPTransport [::1:9092<-51397]>: Abort (KafkaConnectionError: socket disconnected)
2026-06-19 18:22:50,045 - ERROR - <KafkaTCPTransport [::1:9092<-51398]>: socket disconnected
2026-06-19 18:22:50,045 - ERROR - <KafkaTCPTransport [::1:9092<-51398]>: Abort (KafkaConnectionError: socket disconnected)
2026-06-19 18:22:50,053 - ERROR - <KafkaTCPTransport [::1:9092<-51399]>: socket disconnected
2026-06-19 18:22:50,053 - ERROR - <KafkaTCPTransport [::1:9092<-51399]>: Abort (KafkaConnectionError: socket disconnected)
2026-06-19 18:22:50,059 - ERROR - <KafkaTCPTransport [::1:9092<-51400]>: socket disconnected
2026-06-19 18:22:50,059 - ERROR - <KafkaTCPTransport [::1:9092<-51400]>: Abort (KafkaConnectionError: socket disconnected)
2026-06-19 18:22:50,064 - ERROR - <KafkaTCPTransport [::1:9092<-51401]>: socket disconnected
2026-06-19 18:22:50,064 - ERROR - <KafkaTCPTransport [::1:9092<-51401]>: Abort (KafkaConnectionError: socket disconnected)
2026-06-19 18:22:50,069 - INFO - Metadata refresh (node_id=1)
2026-06-19 18:22:50,075 - ERROR - <KafkaTCPTransport [::1:9092<-51402]>: socket disconnected
2026-06-19 18:22:50,075 - ERROR - <KafkaTCPTransport [::1:9092<-51402]>: Abort (KafkaConnectionError: socket disconnected)
2026-06-19 18:22:50,075 - ERROR - Metadata refresh: failed KafkaConnectionError: socket disconnected
2026-06-19 18:22:50,076 - ERROR - KafkaConnectionError: socket disconnected
Traceback (most recent call last):
  File "C:\Users\monis\OneDrive\Documents\IntelliStream\venv\Lib\site-packages\kafka\cluster.py", line 127, in _refresh_loop
    await self.refresh_metadata()
  File "C:\Users\monis\OneDrive\Documents\IntelliStream\venv\Lib\site-packages\kafka\cluster.py", line 156, in refresh_metadata
    await self._do_refresh_metadata(node_id)
  File "C:\Users\monis\OneDrive\Documents\IntelliStream\venv\Lib\site-packages\kafka\cluster.py", line 175, in _do_refresh_metadata
    response = await self._manager.send(request, node_id)
               ^^^^^^^^^^^^^^^^^^^^^^^^^^^^^^^^^^^^^^^^^^
  File "C:\Users\monis\OneDrive\Documents\IntelliStream\venv\Lib\site-packages\kafka\future.py", line 165, in __await__
    raise self.exception
kafka.errors.KafkaConnectionError: KafkaConnectionError: socket disconnected
2026-06-19 18:22:50,081 - ERROR - <KafkaTCPTransport [::1:9092<-51403]>: socket disconnected
2026-06-19 18:22:50,082 - ERROR - <KafkaTCPTransport [::1:9092<-51403]>: Abort (KafkaConnectionError: socket disconnected)
2026-06-19 18:22:50,087 - ERROR - <KafkaTCPTransport [::1:9092<-51404]>: socket disconnected
2026-06-19 18:22:50,087 - ERROR - <KafkaTCPTransport [::1:9092<-51404]>: Abort (KafkaConnectionError: socket disconnected)
2026-06-19 18:22:50,092 - ERROR - <KafkaTCPTransport [::1:9092<-51405]>: socket disconnected
2026-06-19 18:22:50,092 - ERROR - <KafkaTCPTransport [::1:9092<-51405]>: Abort (KafkaConnectionError: socket disconnected)
2026-06-19 18:22:50,097 - ERROR - <KafkaTCPTransport [::1:9092<-51406]>: socket disconnected
2026-06-19 18:22:50,097 - ERROR - <KafkaTCPTransport [::1:9092<-51406]>: Abort (KafkaConnectionError: socket disconnected)
2026-06-19 18:22:50,112 - ERROR - <KafkaTCPTransport [::1:9092<-51407]>: Error receiving network data closing socket
Traceback (most recent call last):
  File "C:\Users\monis\OneDrive\Documents\IntelliStream\venv\Lib\site-packages\kafka\net\transport.py", line 107, in _sock_recv
    data = self._sock.recv(4096)
ConnectionAbortedError: [WinError 10053] An established connection was aborted by the software in your host machine
2026-06-19 18:22:50,113 - ERROR - <KafkaTCPTransport [::1:9092<-51407]>: Abort (KafkaConnectionError: [WinError 10053] An established connection was aborted by the software in your host machine)
2026-06-19 18:22:50,128 - ERROR - <KafkaTCPTransport [::1:9092<-51408]>: Error receiving network data closing socket
Traceback (most recent call last):
  File "C:\Users\monis\OneDrive\Documents\IntelliStream\venv\Lib\site-packages\kafka\net\transport.py", line 107, in _sock_recv
    data = self._sock.recv(4096)
ConnectionAbortedError: [WinError 10053] An established connection was aborted by the software in your host machine
2026-06-19 18:22:50,128 - ERROR - <KafkaTCPTransport [::1:9092<-51408]>: Abort (KafkaConnectionError: [WinError 10053] An established connection was aborted by the software in your host machine)
2026-06-19 18:22:50,132 - ERROR - <KafkaTCPTransport [::1:9092<-51409]>: socket disconnected
2026-06-19 18:22:50,133 - ERROR - <KafkaTCPTransport [::1:9092<-51409]>: Abort (KafkaConnectionError: socket disconnected)
2026-06-19 18:22:50,137 - ERROR - <KafkaTCPTransport [::1:9092<-51410]>: socket disconnected
2026-06-19 18:22:50,138 - ERROR - <KafkaTCPTransport [::1:9092<-51410]>: Abort (KafkaConnectionError: socket disconnected)
2026-06-19 18:22:50,144 - ERROR - <KafkaTCPTransport [::1:9092<-51411]>: socket disconnected
2026-06-19 18:22:50,144 - ERROR - <KafkaTCPTransport [::1:9092<-51411]>: Abort (KafkaConnectionError: socket disconnected)
2026-06-19 18:22:50,148 - ERROR - <KafkaTCPTransport [::1:9092<-51412]>: socket disconnected
2026-06-19 18:22:50,148 - ERROR - <KafkaTCPTransport [::1:9092<-51412]>: Abort (KafkaConnectionError: socket disconnected)
2026-06-19 18:22:50,173 - ERROR - <KafkaTCPTransport [::1:9092<-51413]>: Error receiving network data closing socket
Traceback (most recent call last):
  File "C:\Users\monis\OneDrive\Documents\IntelliStream\venv\Lib\site-packages\kafka\net\transport.py", line 107, in _sock_recv
    data = self._sock.recv(4096)
ConnectionAbortedError: [WinError 10053] An established connection was aborted by the software in your host machine
2026-06-19 18:22:50,174 - ERROR - <KafkaTCPTransport [::1:9092<-51413]>: Abort (KafkaConnectionError: [WinError 10053] An established connection was aborted by the software in your host machine)
2026-06-19 18:22:50,176 - INFO - Metadata refresh (node_id=1)
2026-06-19 18:22:50,179 - ERROR - <KafkaTCPTransport [::1:9092<-51414]>: socket disconnected
2026-06-19 18:22:50,179 - ERROR - <KafkaTCPTransport [::1:9092<-51414]>: Abort (KafkaConnectionError: socket disconnected)
2026-06-19 18:22:50,180 - ERROR - Metadata refresh: failed KafkaConnectionError: socket disconnected
2026-06-19 18:22:50,180 - ERROR - KafkaConnectionError: socket disconnected
Traceback (most recent call last):
  File "C:\Users\monis\OneDrive\Documents\IntelliStream\venv\Lib\site-packages\kafka\cluster.py", line 127, in _refresh_loop
    await self.refresh_metadata()
  File "C:\Users\monis\OneDrive\Documents\IntelliStream\venv\Lib\site-packages\kafka\cluster.py", line 156, in refresh_metadata
    await self._do_refresh_metadata(node_id)
  File "C:\Users\monis\OneDrive\Documents\IntelliStream\venv\Lib\site-packages\kafka\cluster.py", line 175, in _do_refresh_metadata
    response = await self._manager.send(request, node_id)
               ^^^^^^^^^^^^^^^^^^^^^^^^^^^^^^^^^^^^^^^^^^
  File "C:\Users\monis\OneDrive\Documents\IntelliStream\venv\Lib\site-packages\kafka\future.py", line 165, in __await__
    raise self.exception
kafka.errors.KafkaConnectionError: KafkaConnectionError: socket disconnected
2026-06-19 18:22:50,186 - ERROR - <KafkaTCPTransport [::1:9092<-51415]>: socket disconnected
2026-06-19 18:22:50,186 - ERROR - <KafkaTCPTransport [::1:9092<-51415]>: Abort (KafkaConnectionError: socket disconnected)
2026-06-19 18:22:50,192 - ERROR - <KafkaTCPTransport [::1:9092<-51416]>: socket disconnected
2026-06-19 18:22:50,192 - ERROR - <KafkaTCPTransport [::1:9092<-51416]>: Abort (KafkaConnectionError: socket disconnected)
2026-06-19 18:22:50,199 - ERROR - <KafkaTCPTransport [::1:9092<-51417]>: socket disconnected
2026-06-19 18:22:50,200 - ERROR - <KafkaTCPTransport [::1:9092<-51417]>: Abort (KafkaConnectionError: socket disconnected)
2026-06-19 18:22:50,207 - ERROR - <KafkaTCPTransport [::1:9092<-51418]>: socket disconnected
2026-06-19 18:22:50,207 - ERROR - <KafkaTCPTransport [::1:9092<-51418]>: Abort (KafkaConnectionError: socket disconnected)
2026-06-19 18:22:50,214 - ERROR - <KafkaTCPTransport [::1:9092<-51419]>: socket disconnected
2026-06-19 18:22:50,214 - ERROR - <KafkaTCPTransport [::1:9092<-51419]>: Abort (KafkaConnectionError: socket disconnected)
2026-06-19 18:22:50,222 - ERROR - <KafkaTCPTransport [::1:9092<-51420]>: socket disconnected
2026-06-19 18:22:50,223 - ERROR - <KafkaTCPTransport [::1:9092<-51420]>: Abort (KafkaConnectionError: socket disconnected)
2026-06-19 18:22:50,229 - ERROR - <KafkaTCPTransport [::1:9092<-51421]>: socket disconnected
2026-06-19 18:22:50,229 - ERROR - <KafkaTCPTransport [::1:9092<-51421]>: Abort (KafkaConnectionError: socket disconnected)
2026-06-19 18:22:50,244 - ERROR - <KafkaTCPTransport [::1:9092<-51422]>: socket disconnected
2026-06-19 18:22:50,244 - ERROR - <KafkaTCPTransport [::1:9092<-51422]>: Abort (KafkaConnectionError: socket disconnected)
2026-06-19 18:22:50,251 - ERROR - <KafkaTCPTransport [::1:9092<-51423]>: socket disconnected
2026-06-19 18:22:50,252 - ERROR - <KafkaTCPTransport [::1:9092<-51423]>: Abort (KafkaConnectionError: socket disconnected)
2026-06-19 18:22:50,258 - ERROR - <KafkaTCPTransport [::1:9092<-51424]>: socket disconnected
2026-06-19 18:22:50,258 - ERROR - <KafkaTCPTransport [::1:9092<-51424]>: Abort (KafkaConnectionError: socket disconnected)
2026-06-19 18:22:50,265 - ERROR - <KafkaTCPTransport [::1:9092<-51425]>: socket disconnected
2026-06-19 18:22:50,266 - ERROR - <KafkaTCPTransport [::1:9092<-51425]>: Abort (KafkaConnectionError: socket disconnected)
2026-06-19 18:22:50,273 - ERROR - <KafkaTCPTransport [::1:9092<-51426]>: socket disconnected
2026-06-19 18:22:50,273 - ERROR - <KafkaTCPTransport [::1:9092<-51426]>: Abort (KafkaConnectionError: socket disconnected)
2026-06-19 18:22:50,280 - ERROR - <KafkaTCPTransport [::1:9092<-51427]>: socket disconnected
2026-06-19 18:22:50,280 - ERROR - <KafkaTCPTransport [::1:9092<-51427]>: Abort (KafkaConnectionError: socket disconnected)
2026-06-19 18:22:50,284 - INFO - Metadata refresh (node_id=1)
2026-06-19 18:22:50,287 - ERROR - <KafkaTCPTransport [::1:9092<-51428]>: socket disconnected
2026-06-19 18:22:50,287 - ERROR - <KafkaTCPTransport [::1:9092<-51428]>: Abort (KafkaConnectionError: socket disconnected)
2026-06-19 18:22:50,288 - ERROR - Metadata refresh: failed KafkaConnectionError: socket disconnected
2026-06-19 18:22:50,289 - ERROR - KafkaConnectionError: socket disconnected
Traceback (most recent call last):
  File "C:\Users\monis\OneDrive\Documents\IntelliStream\venv\Lib\site-packages\kafka\cluster.py", line 127, in _refresh_loop
    await self.refresh_metadata()
  File "C:\Users\monis\OneDrive\Documents\IntelliStream\venv\Lib\site-packages\kafka\cluster.py", line 156, in refresh_metadata
    await self._do_refresh_metadata(node_id)
  File "C:\Users\monis\OneDrive\Documents\IntelliStream\venv\Lib\site-packages\kafka\cluster.py", line 175, in _do_refresh_metadata
    response = await self._manager.send(request, node_id)
               ^^^^^^^^^^^^^^^^^^^^^^^^^^^^^^^^^^^^^^^^^^
  File "C:\Users\monis\OneDrive\Documents\IntelliStream\venv\Lib\site-packages\kafka\future.py", line 165, in __await__
    raise self.exception
kafka.errors.KafkaConnectionError: KafkaConnectionError: socket disconnected
2026-06-19 18:22:50,297 - ERROR - <KafkaTCPTransport [::1:9092<-51429]>: socket disconnected
2026-06-19 18:22:50,297 - ERROR - <KafkaTCPTransport [::1:9092<-51429]>: Abort (KafkaConnectionError: socket disconnected)
2026-06-19 18:22:50,304 - ERROR - <KafkaTCPTransport [::1:9092<-51430]>: socket disconnected
2026-06-19 18:22:50,304 - ERROR - <KafkaTCPTransport [::1:9092<-51430]>: Abort (KafkaConnectionError: socket disconnected)
2026-06-19 18:22:50,311 - ERROR - <KafkaTCPTransport [::1:9092<-51431]>: socket disconnected
2026-06-19 18:22:50,312 - ERROR - <KafkaTCPTransport [::1:9092<-51431]>: Abort (KafkaConnectionError: socket disconnected)
2026-06-19 18:22:50,318 - ERROR - <KafkaTCPTransport [::1:9092<-51432]>: socket disconnected
2026-06-19 18:22:50,318 - ERROR - <KafkaTCPTransport [::1:9092<-51432]>: Abort (KafkaConnectionError: socket disconnected)
2026-06-19 18:22:50,324 - ERROR - <KafkaTCPTransport [::1:9092<-51433]>: socket disconnected
2026-06-19 18:22:50,324 - ERROR - <KafkaTCPTransport [::1:9092<-51433]>: Abort (KafkaConnectionError: socket disconnected)
2026-06-19 18:22:50,330 - ERROR - <KafkaTCPTransport [::1:9092<-51434]>: socket disconnected
2026-06-19 18:22:50,331 - ERROR - <KafkaTCPTransport [::1:9092<-51434]>: Abort (KafkaConnectionError: socket disconnected)
2026-06-19 18:22:50,338 - ERROR - <KafkaTCPTransport [::1:9092<-51435]>: socket disconnected
2026-06-19 18:22:50,338 - ERROR - <KafkaTCPTransport [::1:9092<-51435]>: Abort (KafkaConnectionError: socket disconnected)
2026-06-19 18:22:50,343 - ERROR - <KafkaTCPTransport [::1:9092<-51436]>: socket disconnected
2026-06-19 18:22:50,344 - ERROR - <KafkaTCPTransport [::1:9092<-51436]>: Abort (KafkaConnectionError: socket disconnected)
2026-06-19 18:22:50,351 - ERROR - <KafkaTCPTransport [::1:9092<-51437]>: socket disconnected
2026-06-19 18:22:50,351 - ERROR - <KafkaTCPTransport [::1:9092<-51437]>: Abort (KafkaConnectionError: socket disconnected)
2026-06-19 18:22:50,357 - ERROR - <KafkaTCPTransport [::1:9092<-51438]>: socket disconnected
2026-06-19 18:22:50,357 - ERROR - <KafkaTCPTransport [::1:9092<-51438]>: Abort (KafkaConnectionError: socket disconnected)
2026-06-19 18:22:50,363 - ERROR - <KafkaTCPTransport [::1:9092<-51439]>: socket disconnected
2026-06-19 18:22:50,364 - ERROR - <KafkaTCPTransport [::1:9092<-51439]>: Abort (KafkaConnectionError: socket disconnected)
2026-06-19 18:22:50,371 - ERROR - <KafkaTCPTransport [::1:9092<-51440]>: socket disconnected
2026-06-19 18:22:50,371 - ERROR - <KafkaTCPTransport [::1:9092<-51440]>: Abort (KafkaConnectionError: socket disconnected)
2026-06-19 18:22:50,377 - ERROR - <KafkaTCPTransport [::1:9092<-51441]>: socket disconnected
2026-06-19 18:22:50,377 - ERROR - <KafkaTCPTransport [::1:9092<-51441]>: Abort (KafkaConnectionError: socket disconnected)
2026-06-19 18:22:50,384 - ERROR - <KafkaTCPTransport [::1:9092<-51442]>: socket disconnected
2026-06-19 18:22:50,384 - ERROR - <KafkaTCPTransport [::1:9092<-51442]>: Abort (KafkaConnectionError: socket disconnected)
2026-06-19 18:22:50,393 - INFO - Metadata refresh (node_id=1)
2026-06-19 18:22:50,394 - ERROR - <KafkaTCPTransport [::1:9092<-51443]>: socket disconnected
2026-06-19 18:22:50,394 - ERROR - <KafkaTCPTransport [::1:9092<-51443]>: Abort (KafkaConnectionError: socket disconnected)
2026-06-19 18:22:50,395 - ERROR - Metadata refresh: failed KafkaConnectionError: socket disconnected
2026-06-19 18:22:50,396 - ERROR - KafkaConnectionError: socket disconnected
Traceback (most recent call last):
  File "C:\Users\monis\OneDrive\Documents\IntelliStream\venv\Lib\site-packages\kafka\cluster.py", line 127, in _refresh_loop
    await self.refresh_metadata()
  File "C:\Users\monis\OneDrive\Documents\IntelliStream\venv\Lib\site-packages\kafka\cluster.py", line 156, in refresh_metadata
    await self._do_refresh_metadata(node_id)
  File "C:\Users\monis\OneDrive\Documents\IntelliStream\venv\Lib\site-packages\kafka\cluster.py", line 175, in _do_refresh_metadata
    response = await self._manager.send(request, node_id)
               ^^^^^^^^^^^^^^^^^^^^^^^^^^^^^^^^^^^^^^^^^^
  File "C:\Users\monis\OneDrive\Documents\IntelliStream\venv\Lib\site-packages\kafka\future.py", line 165, in __await__
    raise self.exception
kafka.errors.KafkaConnectionError: KafkaConnectionError: socket disconnected
2026-06-19 18:22:50,404 - ERROR - <KafkaTCPTransport [::1:9092<-51444]>: socket disconnected
2026-06-19 18:22:50,404 - ERROR - <KafkaTCPTransport [::1:9092<-51444]>: Abort (KafkaConnectionError: socket disconnected)
2026-06-19 18:22:50,417 - ERROR - <KafkaTCPTransport [::1:9092<-51445]>: socket disconnected
2026-06-19 18:22:50,417 - ERROR - <KafkaTCPTransport [::1:9092<-51445]>: Abort (KafkaConnectionError: socket disconnected)
2026-06-19 18:22:50,423 - ERROR - <KafkaTCPTransport [::1:9092<-51446]>: socket disconnected
2026-06-19 18:22:50,423 - ERROR - <KafkaTCPTransport [::1:9092<-51446]>: Abort (KafkaConnectionError: socket disconnected)
2026-06-19 18:22:50,430 - ERROR - <KafkaTCPTransport [::1:9092<-51447]>: socket disconnected
2026-06-19 18:22:50,430 - ERROR - <KafkaTCPTransport [::1:9092<-51447]>: Abort (KafkaConnectionError: socket disconnected)
2026-06-19 18:22:50,438 - ERROR - <KafkaTCPTransport [::1:9092<-51448]>: socket disconnected
2026-06-19 18:22:50,438 - ERROR - <KafkaTCPTransport [::1:9092<-51448]>: Abort (KafkaConnectionError: socket disconnected)
2026-06-19 18:22:50,444 - ERROR - <KafkaTCPTransport [::1:9092<-51449]>: socket disconnected
2026-06-19 18:22:50,444 - ERROR - <KafkaTCPTransport [::1:9092<-51449]>: Abort (KafkaConnectionError: socket disconnected)
2026-06-19 18:22:50,451 - ERROR - <KafkaTCPTransport [::1:9092<-51450]>: socket disconnected
2026-06-19 18:22:50,452 - ERROR - <KafkaTCPTransport [::1:9092<-51450]>: Abort (KafkaConnectionError: socket disconnected)
2026-06-19 18:22:50,460 - ERROR - <KafkaTCPTransport [::1:9092<-51451]>: socket disconnected
2026-06-19 18:22:50,460 - ERROR - <KafkaTCPTransport [::1:9092<-51451]>: Abort (KafkaConnectionError: socket disconnected)
2026-06-19 18:22:50,467 - ERROR - <KafkaTCPTransport [::1:9092<-51452]>: socket disconnected
2026-06-19 18:22:50,467 - ERROR - <KafkaTCPTransport [::1:9092<-51452]>: Abort (KafkaConnectionError: socket disconnected)
2026-06-19 18:22:50,473 - ERROR - <KafkaTCPTransport [::1:9092<-51453]>: socket disconnected
2026-06-19 18:22:50,474 - ERROR - <KafkaTCPTransport [::1:9092<-51453]>: Abort (KafkaConnectionError: socket disconnected)
2026-06-19 18:22:50,482 - ERROR - <KafkaTCPTransport [::1:9092<-51454]>: socket disconnected
2026-06-19 18:22:50,482 - ERROR - <KafkaTCPTransport [::1:9092<-51454]>: Abort (KafkaConnectionError: socket disconnected)
2026-06-19 18:22:50,491 - ERROR - <KafkaTCPTransport [::1:9092<-51455]>: socket disconnected
2026-06-19 18:22:50,492 - ERROR - <KafkaTCPTransport [::1:9092<-51455]>: Abort (KafkaConnectionError: socket disconnected)
2026-06-19 18:22:50,496 - INFO - Metadata refresh (node_id=1)
2026-06-19 18:22:50,497 - ERROR - <KafkaTCPTransport [::1:9092<-51456]>: socket disconnected
2026-06-19 18:22:50,498 - ERROR - <KafkaTCPTransport [::1:9092<-51456]>: Abort (KafkaConnectionError: socket disconnected)
2026-06-19 18:22:50,499 - ERROR - Metadata refresh: failed KafkaConnectionError: socket disconnected
2026-06-19 18:22:50,499 - ERROR - KafkaConnectionError: socket disconnected
Traceback (most recent call last):
  File "C:\Users\monis\OneDrive\Documents\IntelliStream\venv\Lib\site-packages\kafka\cluster.py", line 127, in _refresh_loop
    await self.refresh_metadata()
  File "C:\Users\monis\OneDrive\Documents\IntelliStream\venv\Lib\site-packages\kafka\cluster.py", line 156, in refresh_metadata
    await self._do_refresh_metadata(node_id)
  File "C:\Users\monis\OneDrive\Documents\IntelliStream\venv\Lib\site-packages\kafka\cluster.py", line 175, in _do_refresh_metadata
    response = await self._manager.send(request, node_id)
               ^^^^^^^^^^^^^^^^^^^^^^^^^^^^^^^^^^^^^^^^^^
  File "C:\Users\monis\OneDrive\Documents\IntelliStream\venv\Lib\site-packages\kafka\future.py", line 165, in __await__
    raise self.exception
kafka.errors.KafkaConnectionError: KafkaConnectionError: socket disconnected
2026-06-19 18:22:50,507 - ERROR - <KafkaTCPTransport [::1:9092<-51457]>: socket disconnected
2026-06-19 18:22:50,507 - ERROR - <KafkaTCPTransport [::1:9092<-51457]>: Abort (KafkaConnectionError: socket disconnected)
2026-06-19 18:22:50,520 - ERROR - <KafkaTCPTransport [::1:9092<-51458]>: socket disconnected
2026-06-19 18:22:50,520 - ERROR - <KafkaTCPTransport [::1:9092<-51458]>: Abort (KafkaConnectionError: socket disconnected)
2026-06-19 18:22:50,527 - ERROR - <KafkaTCPTransport [::1:9092<-51459]>: socket disconnected
2026-06-19 18:22:50,527 - ERROR - <KafkaTCPTransport [::1:9092<-51459]>: Abort (KafkaConnectionError: socket disconnected)
2026-06-19 18:22:50,533 - ERROR - <KafkaTCPTransport [::1:9092<-51460]>: socket disconnected
2026-06-19 18:22:50,533 - ERROR - <KafkaTCPTransport [::1:9092<-51460]>: Abort (KafkaConnectionError: socket disconnected)
2026-06-19 18:22:50,540 - ERROR - <KafkaTCPTransport [::1:9092<-51461]>: socket disconnected
2026-06-19 18:22:50,541 - ERROR - <KafkaTCPTransport [::1:9092<-51461]>: Abort (KafkaConnectionError: socket disconnected)
2026-06-19 18:22:50,548 - ERROR - <KafkaTCPTransport [::1:9092<-51462]>: socket disconnected
2026-06-19 18:22:50,548 - ERROR - <KafkaTCPTransport [::1:9092<-51462]>: Abort (KafkaConnectionError: socket disconnected)
2026-06-19 18:22:50,554 - ERROR - <KafkaTCPTransport [::1:9092<-51463]>: socket disconnected
2026-06-19 18:22:50,555 - ERROR - <KafkaTCPTransport [::1:9092<-51463]>: Abort (KafkaConnectionError: socket disconnected)
2026-06-19 18:22:50,562 - ERROR - <KafkaTCPTransport [::1:9092<-51464]>: socket disconnected
2026-06-19 18:22:50,562 - ERROR - <KafkaTCPTransport [::1:9092<-51464]>: Abort (KafkaConnectionError: socket disconnected)
2026-06-19 18:22:50,568 - ERROR - <KafkaTCPTransport [::1:9092<-51465]>: socket disconnected
2026-06-19 18:22:50,568 - ERROR - <KafkaTCPTransport [::1:9092<-51465]>: Abort (KafkaConnectionError: socket disconnected)
2026-06-19 18:22:50,576 - ERROR - <KafkaTCPTransport [::1:9092<-51466]>: socket disconnected
2026-06-19 18:22:50,577 - ERROR - <KafkaTCPTransport [::1:9092<-51466]>: Abort (KafkaConnectionError: socket disconnected)
2026-06-19 18:22:50,584 - ERROR - <KafkaTCPTransport [::1:9092<-51467]>: socket disconnected
2026-06-19 18:22:50,585 - ERROR - <KafkaTCPTransport [::1:9092<-51467]>: Abort (KafkaConnectionError: socket disconnected)
2026-06-19 18:22:50,592 - ERROR - <KafkaTCPTransport [::1:9092<-51468]>: socket disconnected
2026-06-19 18:22:50,593 - ERROR - <KafkaTCPTransport [::1:9092<-51468]>: Abort (KafkaConnectionError: socket disconnected)
2026-06-19 18:22:50,599 - ERROR - <KafkaTCPTransport [::1:9092<-51469]>: socket disconnected
2026-06-19 18:22:50,599 - ERROR - <KafkaTCPTransport [::1:9092<-51469]>: Abort (KafkaConnectionError: socket disconnected)
2026-06-19 18:22:50,603 - INFO - Metadata refresh (node_id=1)
2026-06-19 18:22:50,607 - ERROR - <KafkaTCPTransport [::1:9092<-51470]>: socket disconnected
2026-06-19 18:22:50,608 - ERROR - <KafkaTCPTransport [::1:9092<-51470]>: Abort (KafkaConnectionError: socket disconnected)
2026-06-19 18:22:50,609 - ERROR - Metadata refresh: failed KafkaConnectionError: socket disconnected
2026-06-19 18:22:50,609 - ERROR - KafkaConnectionError: socket disconnected
Traceback (most recent call last):
  File "C:\Users\monis\OneDrive\Documents\IntelliStream\venv\Lib\site-packages\kafka\cluster.py", line 127, in _refresh_loop
    await self.refresh_metadata()
  File "C:\Users\monis\OneDrive\Documents\IntelliStream\venv\Lib\site-packages\kafka\cluster.py", line 156, in refresh_metadata
    await self._do_refresh_metadata(node_id)
  File "C:\Users\monis\OneDrive\Documents\IntelliStream\venv\Lib\site-packages\kafka\cluster.py", line 175, in _do_refresh_metadata
    response = await self._manager.send(request, node_id)
               ^^^^^^^^^^^^^^^^^^^^^^^^^^^^^^^^^^^^^^^^^^
  File "C:\Users\monis\OneDrive\Documents\IntelliStream\venv\Lib\site-packages\kafka\future.py", line 165, in __await__
    raise self.exception
kafka.errors.KafkaConnectionError: KafkaConnectionError: socket disconnected
2026-06-19 18:22:50,618 - ERROR - <KafkaTCPTransport [::1:9092<-51471]>: socket disconnected
2026-06-19 18:22:50,618 - ERROR - <KafkaTCPTransport [::1:9092<-51471]>: Abort (KafkaConnectionError: socket disconnected)
2026-06-19 18:22:50,626 - ERROR - <KafkaTCPTransport [::1:9092<-51472]>: socket disconnected
2026-06-19 18:22:50,626 - ERROR - <KafkaTCPTransport [::1:9092<-51472]>: Abort (KafkaConnectionError: socket disconnected)
2026-06-19 18:22:50,633 - ERROR - <KafkaTCPTransport [::1:9092<-51473]>: socket disconnected
2026-06-19 18:22:50,633 - ERROR - <KafkaTCPTransport [::1:9092<-51473]>: Abort (KafkaConnectionError: socket disconnected)
2026-06-19 18:22:50,640 - ERROR - <KafkaTCPTransport [::1:9092<-51474]>: socket disconnected
2026-06-19 18:22:50,640 - ERROR - <KafkaTCPTransport [::1:9092<-51474]>: Abort (KafkaConnectionError: socket disconnected)
2026-06-19 18:22:50,647 - ERROR - <KafkaTCPTransport [::1:9092<-51475]>: socket disconnected
2026-06-19 18:22:50,647 - ERROR - <KafkaTCPTransport [::1:9092<-51475]>: Abort (KafkaConnectionError: socket disconnected)
2026-06-19 18:22:50,656 - ERROR - <KafkaTCPTransport [::1:9092<-51476]>: socket disconnected
2026-06-19 18:22:50,656 - ERROR - <KafkaTCPTransport [::1:9092<-51476]>: Abort (KafkaConnectionError: socket disconnected)
2026-06-19 18:22:50,663 - ERROR - <KafkaTCPTransport [::1:9092<-51477]>: socket disconnected
2026-06-19 18:22:50,663 - ERROR - <KafkaTCPTransport [::1:9092<-51477]>: Abort (KafkaConnectionError: socket disconnected)
2026-06-19 18:22:50,670 - ERROR - <KafkaTCPTransport [::1:9092<-51478]>: socket disconnected
2026-06-19 18:22:50,670 - ERROR - <KafkaTCPTransport [::1:9092<-51478]>: Abort (KafkaConnectionError: socket disconnected)
2026-06-19 18:22:50,677 - ERROR - <KafkaTCPTransport [::1:9092<-51479]>: socket disconnected
2026-06-19 18:22:50,678 - ERROR - <KafkaTCPTransport [::1:9092<-51479]>: Abort (KafkaConnectionError: socket disconnected)
2026-06-19 18:22:50,684 - ERROR - <KafkaTCPTransport [::1:9092<-51480]>: socket disconnected
2026-06-19 18:22:50,685 - ERROR - <KafkaTCPTransport [::1:9092<-51480]>: Abort (KafkaConnectionError: socket disconnected)
2026-06-19 18:22:50,691 - ERROR - <KafkaTCPTransport [::1:9092<-51481]>: socket disconnected
2026-06-19 18:22:50,692 - ERROR - <KafkaTCPTransport [::1:9092<-51481]>: Abort (KafkaConnectionError: socket disconnected)
2026-06-19 18:22:50,700 - ERROR - <KafkaTCPTransport [::1:9092<-51482]>: socket disconnected
2026-06-19 18:22:50,700 - ERROR - <KafkaTCPTransport [::1:9092<-51482]>: Abort (KafkaConnectionError: socket disconnected)
2026-06-19 18:22:50,707 - ERROR - <KafkaTCPTransport [::1:9092<-51483]>: socket disconnected
2026-06-19 18:22:50,708 - ERROR - <KafkaTCPTransport [::1:9092<-51483]>: Abort (KafkaConnectionError: socket disconnected)
2026-06-19 18:22:50,711 - INFO - Metadata refresh (node_id=1)
2026-06-19 18:22:50,714 - ERROR - <KafkaTCPTransport [::1:9092<-51484]>: socket disconnected
2026-06-19 18:22:50,715 - ERROR - <KafkaTCPTransport [::1:9092<-51484]>: Abort (KafkaConnectionError: socket disconnected)
2026-06-19 18:22:50,716 - ERROR - Metadata refresh: failed KafkaConnectionError: socket disconnected
2026-06-19 18:22:50,716 - ERROR - KafkaConnectionError: socket disconnected
Traceback (most recent call last):
  File "C:\Users\monis\OneDrive\Documents\IntelliStream\venv\Lib\site-packages\kafka\cluster.py", line 127, in _refresh_loop
    await self.refresh_metadata()
  File "C:\Users\monis\OneDrive\Documents\IntelliStream\venv\Lib\site-packages\kafka\cluster.py", line 156, in refresh_metadata
    await self._do_refresh_metadata(node_id)
  File "C:\Users\monis\OneDrive\Documents\IntelliStream\venv\Lib\site-packages\kafka\cluster.py", line 175, in _do_refresh_metadata
    response = await self._manager.send(request, node_id)
               ^^^^^^^^^^^^^^^^^^^^^^^^^^^^^^^^^^^^^^^^^^
  File "C:\Users\monis\OneDrive\Documents\IntelliStream\venv\Lib\site-packages\kafka\future.py", line 165, in __await__
    raise self.exception
kafka.errors.KafkaConnectionError: KafkaConnectionError: socket disconnected
2026-06-19 18:22:50,723 - ERROR - <KafkaTCPTransport [::1:9092<-51485]>: socket disconnected
2026-06-19 18:22:50,723 - ERROR - <KafkaTCPTransport [::1:9092<-51485]>: Abort (KafkaConnectionError: socket disconnected)
2026-06-19 18:22:50,730 - ERROR - <KafkaTCPTransport [::1:9092<-51486]>: socket disconnected
2026-06-19 18:22:50,730 - ERROR - <KafkaTCPTransport [::1:9092<-51486]>: Abort (KafkaConnectionError: socket disconnected)
2026-06-19 18:22:50,741 - ERROR - <KafkaTCPTransport [::1:9092<-51487]>: socket disconnected
2026-06-19 18:22:50,742 - ERROR - <KafkaTCPTransport [::1:9092<-51487]>: Abort (KafkaConnectionError: socket disconnected)
2026-06-19 18:22:50,752 - ERROR - <KafkaTCPTransport [::1:9092<-51488]>: Error receiving network data closing socket
Traceback (most recent call last):
  File "C:\Users\monis\OneDrive\Documents\IntelliStream\venv\Lib\site-packages\kafka\net\transport.py", line 107, in _sock_recv
    data = self._sock.recv(4096)
ConnectionAbortedError: [WinError 10053] An established connection was aborted by the software in your host machine
2026-06-19 18:22:50,753 - ERROR - <KafkaTCPTransport [::1:9092<-51488]>: Abort (KafkaConnectionError: [WinError 10053] An established connection was aborted by the software in your host machine)
2026-06-19 18:22:50,760 - ERROR - <KafkaTCPTransport [::1:9092<-51489]>: socket disconnected
2026-06-19 18:22:50,760 - ERROR - <KafkaTCPTransport [::1:9092<-51489]>: Abort (KafkaConnectionError: socket disconnected)
2026-06-19 18:22:50,768 - ERROR - <KafkaTCPTransport [::1:9092<-51490]>: socket disconnected
2026-06-19 18:22:50,768 - ERROR - <KafkaTCPTransport [::1:9092<-51490]>: Abort (KafkaConnectionError: socket disconnected)
2026-06-19 18:22:50,777 - ERROR - <KafkaTCPTransport [::1:9092<-51491]>: socket disconnected
2026-06-19 18:22:50,777 - ERROR - <KafkaTCPTransport [::1:9092<-51491]>: Abort (KafkaConnectionError: socket disconnected)
2026-06-19 18:22:50,785 - ERROR - <KafkaTCPTransport [::1:9092<-51492]>: socket disconnected
2026-06-19 18:22:50,785 - ERROR - <KafkaTCPTransport [::1:9092<-51492]>: Abort (KafkaConnectionError: socket disconnected)
2026-06-19 18:22:50,793 - ERROR - <KafkaTCPTransport [::1:9092<-51493]>: socket disconnected
2026-06-19 18:22:50,793 - ERROR - <KafkaTCPTransport [::1:9092<-51493]>: Abort (KafkaConnectionError: socket disconnected)
2026-06-19 18:22:50,800 - ERROR - <KafkaTCPTransport [::1:9092<-51494]>: socket disconnected
2026-06-19 18:22:50,801 - ERROR - <KafkaTCPTransport [::1:9092<-51494]>: Abort (KafkaConnectionError: socket disconnected)
2026-06-19 18:22:50,809 - ERROR - <KafkaTCPTransport [::1:9092<-51495]>: socket disconnected
2026-06-19 18:22:50,809 - ERROR - <KafkaTCPTransport [::1:9092<-51495]>: Abort (KafkaConnectionError: socket disconnected)
2026-06-19 18:22:50,816 - ERROR - <KafkaTCPTransport [::1:9092<-51496]>: socket disconnected
2026-06-19 18:22:50,816 - ERROR - <KafkaTCPTransport [::1:9092<-51496]>: Abort (KafkaConnectionError: socket disconnected)
2026-06-19 18:22:50,818 - INFO - Metadata refresh (node_id=1)
2026-06-19 18:22:50,826 - ERROR - <KafkaTCPTransport [::1:9092<-51497]>: socket disconnected
2026-06-19 18:22:50,827 - ERROR - <KafkaTCPTransport [::1:9092<-51497]>: Abort (KafkaConnectionError: socket disconnected)
2026-06-19 18:22:50,828 - ERROR - Metadata refresh: failed KafkaConnectionError: socket disconnected
2026-06-19 18:22:50,828 - ERROR - KafkaConnectionError: socket disconnected
Traceback (most recent call last):
  File "C:\Users\monis\OneDrive\Documents\IntelliStream\venv\Lib\site-packages\kafka\cluster.py", line 127, in _refresh_loop
    await self.refresh_metadata()
  File "C:\Users\monis\OneDrive\Documents\IntelliStream\venv\Lib\site-packages\kafka\cluster.py", line 156, in refresh_metadata
    await self._do_refresh_metadata(node_id)
  File "C:\Users\monis\OneDrive\Documents\IntelliStream\venv\Lib\site-packages\kafka\cluster.py", line 175, in _do_refresh_metadata
    response = await self._manager.send(request, node_id)
               ^^^^^^^^^^^^^^^^^^^^^^^^^^^^^^^^^^^^^^^^^^
  File "C:\Users\monis\OneDrive\Documents\IntelliStream\venv\Lib\site-packages\kafka\future.py", line 165, in __await__
    raise self.exception
kafka.errors.KafkaConnectionError: KafkaConnectionError: socket disconnected
2026-06-19 18:22:50,838 - ERROR - <KafkaTCPTransport [::1:9092<-51498]>: socket disconnected
2026-06-19 18:22:50,838 - ERROR - <KafkaTCPTransport [::1:9092<-51498]>: Abort (KafkaConnectionError: socket disconnected)
2026-06-19 18:22:50,848 - ERROR - <KafkaTCPTransport [::1:9092<-51499]>: socket disconnected
2026-06-19 18:22:50,849 - ERROR - <KafkaTCPTransport [::1:9092<-51499]>: Abort (KafkaConnectionError: socket disconnected)
2026-06-19 18:22:50,856 - ERROR - <KafkaTCPTransport [::1:9092<-51500]>: socket disconnected
2026-06-19 18:22:50,856 - ERROR - <KafkaTCPTransport [::1:9092<-51500]>: Abort (KafkaConnectionError: socket disconnected)
2026-06-19 18:22:50,863 - ERROR - <KafkaTCPTransport [::1:9092<-51501]>: socket disconnected
2026-06-19 18:22:50,863 - ERROR - <KafkaTCPTransport [::1:9092<-51501]>: Abort (KafkaConnectionError: socket disconnected)
2026-06-19 18:22:50,871 - ERROR - <KafkaTCPTransport [::1:9092<-51502]>: socket disconnected
2026-06-19 18:22:50,871 - ERROR - <KafkaTCPTransport [::1:9092<-51502]>: Abort (KafkaConnectionError: socket disconnected)
2026-06-19 18:22:50,878 - ERROR - <KafkaTCPTransport [::1:9092<-51503]>: socket disconnected
2026-06-19 18:22:50,878 - ERROR - <KafkaTCPTransport [::1:9092<-51503]>: Abort (KafkaConnectionError: socket disconnected)
2026-06-19 18:22:50,885 - ERROR - <KafkaTCPTransport [::1:9092<-51504]>: socket disconnected
2026-06-19 18:22:50,885 - ERROR - <KafkaTCPTransport [::1:9092<-51504]>: Abort (KafkaConnectionError: socket disconnected)
2026-06-19 18:22:50,893 - ERROR - <KafkaTCPTransport [::1:9092<-51505]>: socket disconnected
2026-06-19 18:22:50,893 - ERROR - <KafkaTCPTransport [::1:9092<-51505]>: Abort (KafkaConnectionError: socket disconnected)
2026-06-19 18:22:50,901 - ERROR - <KafkaTCPTransport [::1:9092<-51506]>: socket disconnected
2026-06-19 18:22:50,901 - ERROR - <KafkaTCPTransport [::1:9092<-51506]>: Abort (KafkaConnectionError: socket disconnected)
2026-06-19 18:22:50,913 - ERROR - <KafkaTCPTransport [::1:9092<-51507]>: socket disconnected
2026-06-19 18:22:50,913 - ERROR - <KafkaTCPTransport [::1:9092<-51507]>: Abort (KafkaConnectionError: socket disconnected)
2026-06-19 18:22:50,921 - ERROR - <KafkaTCPTransport [::1:9092<-51508]>: socket disconnected
2026-06-19 18:22:50,921 - ERROR - <KafkaTCPTransport [::1:9092<-51508]>: Abort (KafkaConnectionError: socket disconnected)
2026-06-19 18:22:50,929 - INFO - Metadata refresh (node_id=1)
2026-06-19 18:22:50,930 - ERROR - <KafkaTCPTransport [::1:9092<-51509]>: socket disconnected
2026-06-19 18:22:50,930 - ERROR - <KafkaTCPTransport [::1:9092<-51509]>: Abort (KafkaConnectionError: socket disconnected)
2026-06-19 18:22:50,931 - ERROR - Metadata refresh: failed KafkaConnectionError: socket disconnected
2026-06-19 18:22:50,931 - ERROR - KafkaConnectionError: socket disconnected
Traceback (most recent call last):
  File "C:\Users\monis\OneDrive\Documents\IntelliStream\venv\Lib\site-packages\kafka\cluster.py", line 127, in _refresh_loop
    await self.refresh_metadata()
  File "C:\Users\monis\OneDrive\Documents\IntelliStream\venv\Lib\site-packages\kafka\cluster.py", line 156, in refresh_metadata
    await self._do_refresh_metadata(node_id)
  File "C:\Users\monis\OneDrive\Documents\IntelliStream\venv\Lib\site-packages\kafka\cluster.py", line 175, in _do_refresh_metadata
    response = await self._manager.send(request, node_id)
               ^^^^^^^^^^^^^^^^^^^^^^^^^^^^^^^^^^^^^^^^^^
  File "C:\Users\monis\OneDrive\Documents\IntelliStream\venv\Lib\site-packages\kafka\future.py", line 165, in __await__
    raise self.exception
kafka.errors.KafkaConnectionError: KafkaConnectionError: socket disconnected
2026-06-19 18:22:50,943 - ERROR - <KafkaTCPTransport [::1:9092<-51510]>: socket disconnected
2026-06-19 18:22:50,944 - ERROR - <KafkaTCPTransport [::1:9092<-51510]>: Abort (KafkaConnectionError: socket disconnected)
2026-06-19 18:22:50,950 - ERROR - <KafkaTCPTransport [::1:9092<-51511]>: socket disconnected
2026-06-19 18:22:50,951 - ERROR - <KafkaTCPTransport [::1:9092<-51511]>: Abort (KafkaConnectionError: socket disconnected)
2026-06-19 18:22:50,958 - ERROR - <KafkaTCPTransport [::1:9092<-51512]>: socket disconnected
2026-06-19 18:22:50,958 - ERROR - <KafkaTCPTransport [::1:9092<-51512]>: Abort (KafkaConnectionError: socket disconnected)
2026-06-19 18:22:50,964 - ERROR - <KafkaTCPTransport [::1:9092<-51513]>: socket disconnected
2026-06-19 18:22:50,965 - ERROR - <KafkaTCPTransport [::1:9092<-51513]>: Abort (KafkaConnectionError: socket disconnected)
2026-06-19 18:22:50,972 - ERROR - <KafkaTCPTransport [::1:9092<-51514]>: socket disconnected
2026-06-19 18:22:50,973 - ERROR - <KafkaTCPTransport [::1:9092<-51514]>: Abort (KafkaConnectionError: socket disconnected)
2026-06-19 18:22:50,980 - ERROR - <KafkaTCPTransport [::1:9092<-51515]>: socket disconnected
2026-06-19 18:22:50,980 - ERROR - <KafkaTCPTransport [::1:9092<-51515]>: Abort (KafkaConnectionError: socket disconnected)
2026-06-19 18:22:50,987 - ERROR - <KafkaTCPTransport [::1:9092<-51516]>: socket disconnected
2026-06-19 18:22:50,987 - ERROR - <KafkaTCPTransport [::1:9092<-51516]>: Abort (KafkaConnectionError: socket disconnected)
2026-06-19 18:22:50,994 - ERROR - <KafkaTCPTransport [::1:9092<-51517]>: socket disconnected
2026-06-19 18:22:50,995 - ERROR - <KafkaTCPTransport [::1:9092<-51517]>: Abort (KafkaConnectionError: socket disconnected)
2026-06-19 18:22:51,002 - ERROR - <KafkaTCPTransport [::1:9092<-51518]>: socket disconnected
2026-06-19 18:22:51,002 - ERROR - <KafkaTCPTransport [::1:9092<-51518]>: Abort (KafkaConnectionError: socket disconnected)
2026-06-19 18:22:51,010 - ERROR - <KafkaTCPTransport [::1:9092<-51519]>: socket disconnected
2026-06-19 18:22:51,010 - ERROR - <KafkaTCPTransport [::1:9092<-51519]>: Abort (KafkaConnectionError: socket disconnected)
2026-06-19 18:22:51,017 - ERROR - <KafkaTCPTransport [::1:9092<-51520]>: socket disconnected
2026-06-19 18:22:51,018 - ERROR - <KafkaTCPTransport [::1:9092<-51520]>: Abort (KafkaConnectionError: socket disconnected)
2026-06-19 18:22:51,024 - ERROR - <KafkaTCPTransport [::1:9092<-51521]>: socket disconnected
2026-06-19 18:22:51,025 - ERROR - <KafkaTCPTransport [::1:9092<-51521]>: Abort (KafkaConnectionError: socket disconnected)
2026-06-19 18:22:51,031 - INFO - Metadata refresh (node_id=1)
2026-06-19 18:22:51,032 - ERROR - <KafkaTCPTransport [::1:9092<-51522]>: socket disconnected
2026-06-19 18:22:51,032 - ERROR - <KafkaTCPTransport [::1:9092<-51522]>: Abort (KafkaConnectionError: socket disconnected)
2026-06-19 18:22:51,033 - ERROR - Metadata refresh: failed KafkaConnectionError: socket disconnected
2026-06-19 18:22:51,034 - ERROR - KafkaConnectionError: socket disconnected
Traceback (most recent call last):
  File "C:\Users\monis\OneDrive\Documents\IntelliStream\venv\Lib\site-packages\kafka\cluster.py", line 127, in _refresh_loop
    await self.refresh_metadata()
  File "C:\Users\monis\OneDrive\Documents\IntelliStream\venv\Lib\site-packages\kafka\cluster.py", line 156, in refresh_metadata
    await self._do_refresh_metadata(node_id)
  File "C:\Users\monis\OneDrive\Documents\IntelliStream\venv\Lib\site-packages\kafka\cluster.py", line 175, in _do_refresh_metadata
    response = await self._manager.send(request, node_id)
               ^^^^^^^^^^^^^^^^^^^^^^^^^^^^^^^^^^^^^^^^^^
  File "C:\Users\monis\OneDrive\Documents\IntelliStream\venv\Lib\site-packages\kafka\future.py", line 165, in __await__
    raise self.exception
kafka.errors.KafkaConnectionError: KafkaConnectionError: socket disconnected
2026-06-19 18:22:51,042 - ERROR - <KafkaTCPTransport [::1:9092<-51523]>: socket disconnected
2026-06-19 18:22:51,042 - ERROR - <KafkaTCPTransport [::1:9092<-51523]>: Abort (KafkaConnectionError: socket disconnected)
2026-06-19 18:22:51,048 - ERROR - <KafkaTCPTransport [::1:9092<-51524]>: socket disconnected
2026-06-19 18:22:51,048 - ERROR - <KafkaTCPTransport [::1:9092<-51524]>: Abort (KafkaConnectionError: socket disconnected)
2026-06-19 18:22:51,055 - ERROR - <KafkaTCPTransport [::1:9092<-51525]>: socket disconnected
2026-06-19 18:22:51,055 - ERROR - <KafkaTCPTransport [::1:9092<-51525]>: Abort (KafkaConnectionError: socket disconnected)
2026-06-19 18:22:51,063 - ERROR - <KafkaTCPTransport [::1:9092<-51526]>: socket disconnected
2026-06-19 18:22:51,063 - ERROR - <KafkaTCPTransport [::1:9092<-51526]>: Abort (KafkaConnectionError: socket disconnected)
2026-06-19 18:22:51,073 - ERROR - <KafkaTCPTransport [::1:9092<-51527]>: socket disconnected
2026-06-19 18:22:51,074 - ERROR - <KafkaTCPTransport [::1:9092<-51527]>: Abort (KafkaConnectionError: socket disconnected)
2026-06-19 18:22:51,088 - ERROR - <KafkaTCPTransport [::1:9092<-51528]>: socket disconnected
2026-06-19 18:22:51,089 - ERROR - <KafkaTCPTransport [::1:9092<-51528]>: Abort (KafkaConnectionError: socket disconnected)
2026-06-19 18:22:51,094 - ERROR - <KafkaTCPTransport [::1:9092<-51529]>: socket disconnected
2026-06-19 18:22:51,094 - ERROR - <KafkaTCPTransport [::1:9092<-51529]>: Abort (KafkaConnectionError: socket disconnected)
2026-06-19 18:22:51,100 - ERROR - <KafkaTCPTransport [::1:9092<-51530]>: socket disconnected
2026-06-19 18:22:51,100 - ERROR - <KafkaTCPTransport [::1:9092<-51530]>: Abort (KafkaConnectionError: socket disconnected)
2026-06-19 18:22:51,106 - ERROR - <KafkaTCPTransport [::1:9092<-51531]>: socket disconnected
2026-06-19 18:22:51,106 - ERROR - <KafkaTCPTransport [::1:9092<-51531]>: Abort (KafkaConnectionError: socket disconnected)
2026-06-19 18:22:51,112 - ERROR - <KafkaTCPTransport [::1:9092<-51532]>: socket disconnected
2026-06-19 18:22:51,113 - ERROR - <KafkaTCPTransport [::1:9092<-51532]>: Abort (KafkaConnectionError: socket disconnected)
2026-06-19 18:22:51,119 - ERROR - <KafkaTCPTransport [::1:9092<-51533]>: socket disconnected
2026-06-19 18:22:51,120 - ERROR - <KafkaTCPTransport [::1:9092<-51533]>: Abort (KafkaConnectionError: socket disconnected)
2026-06-19 18:22:51,127 - ERROR - <KafkaTCPTransport [::1:9092<-51534]>: socket disconnected
2026-06-19 18:22:51,127 - ERROR - <KafkaTCPTransport [::1:9092<-51534]>: Abort (KafkaConnectionError: socket disconnected)
2026-06-19 18:22:51,134 - INFO - Metadata refresh (node_id=1)
2026-06-19 18:22:51,135 - ERROR - <KafkaTCPTransport [::1:9092<-51535]>: socket disconnected
2026-06-19 18:22:51,135 - ERROR - <KafkaTCPTransport [::1:9092<-51535]>: Abort (KafkaConnectionError: socket disconnected)
2026-06-19 18:22:51,136 - ERROR - Metadata refresh: failed KafkaConnectionError: socket disconnected
2026-06-19 18:22:51,137 - ERROR - KafkaConnectionError: socket disconnected
Traceback (most recent call last):
  File "C:\Users\monis\OneDrive\Documents\IntelliStream\venv\Lib\site-packages\kafka\cluster.py", line 127, in _refresh_loop
    await self.refresh_metadata()
  File "C:\Users\monis\OneDrive\Documents\IntelliStream\venv\Lib\site-packages\kafka\cluster.py", line 156, in refresh_metadata
    await self._do_refresh_metadata(node_id)
  File "C:\Users\monis\OneDrive\Documents\IntelliStream\venv\Lib\site-packages\kafka\cluster.py", line 175, in _do_refresh_metadata
    response = await self._manager.send(request, node_id)
               ^^^^^^^^^^^^^^^^^^^^^^^^^^^^^^^^^^^^^^^^^^
  File "C:\Users\monis\OneDrive\Documents\IntelliStream\venv\Lib\site-packages\kafka\future.py", line 165, in __await__
    raise self.exception
kafka.errors.KafkaConnectionError: KafkaConnectionError: socket disconnected
2026-06-19 18:22:51,144 - ERROR - <KafkaTCPTransport [::1:9092<-51536]>: socket disconnected
2026-06-19 18:22:51,145 - ERROR - <KafkaTCPTransport [::1:9092<-51536]>: Abort (KafkaConnectionError: socket disconnected)
2026-06-19 18:22:51,154 - ERROR - <KafkaTCPTransport [::1:9092<-51537]>: socket disconnected
2026-06-19 18:22:51,155 - ERROR - <KafkaTCPTransport [::1:9092<-51537]>: Abort (KafkaConnectionError: socket disconnected)
2026-06-19 18:22:51,162 - ERROR - <KafkaTCPTransport [::1:9092<-51538]>: socket disconnected
2026-06-19 18:22:51,162 - ERROR - <KafkaTCPTransport [::1:9092<-51538]>: Abort (KafkaConnectionError: socket disconnected)
2026-06-19 18:22:51,171 - ERROR - <KafkaTCPTransport [::1:9092<-51539]>: socket disconnected
2026-06-19 18:22:51,171 - ERROR - <KafkaTCPTransport [::1:9092<-51539]>: Abort (KafkaConnectionError: socket disconnected)
2026-06-19 18:22:51,179 - ERROR - <KafkaTCPTransport [::1:9092<-51540]>: socket disconnected
2026-06-19 18:22:51,180 - ERROR - <KafkaTCPTransport [::1:9092<-51540]>: Abort (KafkaConnectionError: socket disconnected)
2026-06-19 18:22:51,186 - ERROR - <KafkaTCPTransport [::1:9092<-51541]>: socket disconnected
2026-06-19 18:22:51,186 - ERROR - <KafkaTCPTransport [::1:9092<-51541]>: Abort (KafkaConnectionError: socket disconnected)
2026-06-19 18:22:51,193 - ERROR - <KafkaTCPTransport [::1:9092<-51542]>: socket disconnected
2026-06-19 18:22:51,193 - ERROR - <KafkaTCPTransport [::1:9092<-51542]>: Abort (KafkaConnectionError: socket disconnected)
2026-06-19 18:22:51,200 - ERROR - <KafkaTCPTransport [::1:9092<-51543]>: socket disconnected
2026-06-19 18:22:51,200 - ERROR - <KafkaTCPTransport [::1:9092<-51543]>: Abort (KafkaConnectionError: socket disconnected)
2026-06-19 18:22:51,218 - ERROR - <KafkaTCPTransport [::1:9092<-51544]>: Error receiving network data closing socket
Traceback (most recent call last):
  File "C:\Users\monis\OneDrive\Documents\IntelliStream\venv\Lib\site-packages\kafka\net\transport.py", line 107, in _sock_recv
    data = self._sock.recv(4096)
ConnectionAbortedError: [WinError 10053] An established connection was aborted by the software in your host machine
2026-06-19 18:22:51,220 - ERROR - <KafkaTCPTransport [::1:9092<-51544]>: Abort (KafkaConnectionError: [WinError 10053] An established connection was aborted by the software in your host machine)
2026-06-19 18:22:51,248 - INFO - Metadata refresh (node_id=1)
2026-06-19 18:22:51,251 - ERROR - <KafkaTCPTransport [::1:9092<-51545]>: Error receiving network data closing socket
Traceback (most recent call last):
  File "C:\Users\monis\OneDrive\Documents\IntelliStream\venv\Lib\site-packages\kafka\net\transport.py", line 107, in _sock_recv
    data = self._sock.recv(4096)
ConnectionAbortedError: [WinError 10053] An established connection was aborted by the software in your host machine
2026-06-19 18:22:51,252 - ERROR - <KafkaTCPTransport [::1:9092<-51545]>: Abort (KafkaConnectionError: [WinError 10053] An established connection was aborted by the software in your host machine)
2026-06-19 18:22:51,253 - ERROR - Metadata refresh: failed KafkaConnectionError: [WinError 10053] An established connection was aborted by the software in your host machine
2026-06-19 18:22:51,254 - ERROR - KafkaConnectionError: [WinError 10053] An established connection was aborted by the software in your host machine
Traceback (most recent call last):
  File "C:\Users\monis\OneDrive\Documents\IntelliStream\venv\Lib\site-packages\kafka\cluster.py", line 127, in _refresh_loop
    await self.refresh_metadata()
  File "C:\Users\monis\OneDrive\Documents\IntelliStream\venv\Lib\site-packages\kafka\cluster.py", line 156, in refresh_metadata
    await self._do_refresh_metadata(node_id)
  File "C:\Users\monis\OneDrive\Documents\IntelliStream\venv\Lib\site-packages\kafka\cluster.py", line 175, in _do_refresh_metadata
    response = await self._manager.send(request, node_id)
               ^^^^^^^^^^^^^^^^^^^^^^^^^^^^^^^^^^^^^^^^^^
  File "C:\Users\monis\OneDrive\Documents\IntelliStream\venv\Lib\site-packages\kafka\future.py", line 165, in __await__
    raise self.exception
kafka.errors.KafkaConnectionError: KafkaConnectionError: [WinError 10053] An established connection was aborted by the software in your host machine
2026-06-19 18:22:51,270 - ERROR - <KafkaTCPTransport [::1:9092<-51546]>: socket disconnected
2026-06-19 18:22:51,270 - ERROR - <KafkaTCPTransport [::1:9092<-51546]>: Abort (KafkaConnectionError: socket disconnected)
2026-06-19 18:22:51,276 - ERROR - <KafkaTCPTransport [::1:9092<-51547]>: socket disconnected
2026-06-19 18:22:51,276 - ERROR - <KafkaTCPTransport [::1:9092<-51547]>: Abort (KafkaConnectionError: socket disconnected)
2026-06-19 18:22:51,282 - ERROR - <KafkaTCPTransport [::1:9092<-51548]>: socket disconnected
2026-06-19 18:22:51,282 - ERROR - <KafkaTCPTransport [::1:9092<-51548]>: Abort (KafkaConnectionError: socket disconnected)
2026-06-19 18:22:51,289 - ERROR - <KafkaTCPTransport [::1:9092<-51549]>: socket disconnected
2026-06-19 18:22:51,289 - ERROR - <KafkaTCPTransport [::1:9092<-51549]>: Abort (KafkaConnectionError: socket disconnected)
2026-06-19 18:22:51,298 - ERROR - <KafkaTCPTransport [::1:9092<-51550]>: socket disconnected
2026-06-19 18:22:51,298 - ERROR - <KafkaTCPTransport [::1:9092<-51550]>: Abort (KafkaConnectionError: socket disconnected)
2026-06-19 18:22:51,306 - ERROR - <KafkaTCPTransport [::1:9092<-51551]>: socket disconnected
2026-06-19 18:22:51,307 - ERROR - <KafkaTCPTransport [::1:9092<-51551]>: Abort (KafkaConnectionError: socket disconnected)
2026-06-19 18:22:51,316 - ERROR - <KafkaTCPTransport [::1:9092<-51552]>: socket disconnected
2026-06-19 18:22:51,317 - ERROR - <KafkaTCPTransport [::1:9092<-51552]>: Abort (KafkaConnectionError: socket disconnected)
2026-06-19 18:22:51,324 - ERROR - <KafkaTCPTransport [::1:9092<-51553]>: socket disconnected
2026-06-19 18:22:51,324 - ERROR - <KafkaTCPTransport [::1:9092<-51553]>: Abort (KafkaConnectionError: socket disconnected)
2026-06-19 18:22:51,330 - ERROR - <KafkaTCPTransport [::1:9092<-51554]>: socket disconnected
2026-06-19 18:22:51,331 - ERROR - <KafkaTCPTransport [::1:9092<-51554]>: Abort (KafkaConnectionError: socket disconnected)
2026-06-19 18:22:51,337 - ERROR - <KafkaTCPTransport [::1:9092<-51555]>: socket disconnected
2026-06-19 18:22:51,338 - ERROR - <KafkaTCPTransport [::1:9092<-51555]>: Abort (KafkaConnectionError: socket disconnected)
2026-06-19 18:22:51,344 - ERROR - <KafkaTCPTransport [::1:9092<-51556]>: socket disconnected
2026-06-19 18:22:51,345 - ERROR - <KafkaTCPTransport [::1:9092<-51556]>: Abort (KafkaConnectionError: socket disconnected)
2026-06-19 18:22:51,351 - ERROR - <KafkaTCPTransport [::1:9092<-51557]>: socket disconnected
2026-06-19 18:22:51,351 - ERROR - <KafkaTCPTransport [::1:9092<-51557]>: Abort (KafkaConnectionError: socket disconnected)
2026-06-19 18:22:51,355 - INFO - Metadata refresh (node_id=1)
2026-06-19 18:22:51,359 - ERROR - <KafkaTCPTransport [::1:9092<-51558]>: socket disconnected
2026-06-19 18:22:51,359 - ERROR - <KafkaTCPTransport [::1:9092<-51558]>: Abort (KafkaConnectionError: socket disconnected)
2026-06-19 18:22:51,360 - ERROR - Metadata refresh: failed KafkaConnectionError: socket disconnected
2026-06-19 18:22:51,361 - ERROR - KafkaConnectionError: socket disconnected
Traceback (most recent call last):
  File "C:\Users\monis\OneDrive\Documents\IntelliStream\venv\Lib\site-packages\kafka\cluster.py", line 127, in _refresh_loop
    await self.refresh_metadata()
  File "C:\Users\monis\OneDrive\Documents\IntelliStream\venv\Lib\site-packages\kafka\cluster.py", line 156, in refresh_metadata
    await self._do_refresh_metadata(node_id)
  File "C:\Users\monis\OneDrive\Documents\IntelliStream\venv\Lib\site-packages\kafka\cluster.py", line 175, in _do_refresh_metadata
    response = await self._manager.send(request, node_id)
               ^^^^^^^^^^^^^^^^^^^^^^^^^^^^^^^^^^^^^^^^^^
  File "C:\Users\monis\OneDrive\Documents\IntelliStream\venv\Lib\site-packages\kafka\future.py", line 165, in __await__
    raise self.exception
kafka.errors.KafkaConnectionError: KafkaConnectionError: socket disconnected
2026-06-19 18:22:51,371 - ERROR - <KafkaTCPTransport [::1:9092<-51559]>: socket disconnected
2026-06-19 18:22:51,372 - ERROR - <KafkaTCPTransport [::1:9092<-51559]>: Abort (KafkaConnectionError: socket disconnected)
2026-06-19 18:22:51,379 - ERROR - <KafkaTCPTransport [::1:9092<-51560]>: socket disconnected
2026-06-19 18:22:51,379 - ERROR - <KafkaTCPTransport [::1:9092<-51560]>: Abort (KafkaConnectionError: socket disconnected)
2026-06-19 18:22:51,387 - ERROR - <KafkaTCPTransport [::1:9092<-51561]>: socket disconnected
2026-06-19 18:22:51,388 - ERROR - <KafkaTCPTransport [::1:9092<-51561]>: Abort (KafkaConnectionError: socket disconnected)
2026-06-19 18:22:51,394 - ERROR - <KafkaTCPTransport [::1:9092<-51562]>: socket disconnected
2026-06-19 18:22:51,394 - ERROR - <KafkaTCPTransport [::1:9092<-51562]>: Abort (KafkaConnectionError: socket disconnected)
2026-06-19 18:22:51,400 - ERROR - <KafkaTCPTransport [::1:9092<-51563]>: socket disconnected
2026-06-19 18:22:51,401 - ERROR - <KafkaTCPTransport [::1:9092<-51563]>: Abort (KafkaConnectionError: socket disconnected)
2026-06-19 18:22:51,407 - ERROR - <KafkaTCPTransport [::1:9092<-51564]>: socket disconnected
2026-06-19 18:22:51,407 - ERROR - <KafkaTCPTransport [::1:9092<-51564]>: Abort (KafkaConnectionError: socket disconnected)
2026-06-19 18:22:51,419 - ERROR - <KafkaTCPTransport [::1:9092<-51565]>: socket disconnected
2026-06-19 18:22:51,419 - ERROR - <KafkaTCPTransport [::1:9092<-51565]>: Abort (KafkaConnectionError: socket disconnected)
2026-06-19 18:22:51,425 - ERROR - <KafkaTCPTransport [::1:9092<-51566]>: socket disconnected
2026-06-19 18:22:51,425 - ERROR - <KafkaTCPTransport [::1:9092<-51566]>: Abort (KafkaConnectionError: socket disconnected)
2026-06-19 18:22:51,431 - ERROR - <KafkaTCPTransport [::1:9092<-51567]>: socket disconnected
2026-06-19 18:22:51,431 - ERROR - <KafkaTCPTransport [::1:9092<-51567]>: Abort (KafkaConnectionError: socket disconnected)
2026-06-19 18:22:51,438 - ERROR - <KafkaTCPTransport [::1:9092<-51568]>: socket disconnected
2026-06-19 18:22:51,438 - ERROR - <KafkaTCPTransport [::1:9092<-51568]>: Abort (KafkaConnectionError: socket disconnected)
2026-06-19 18:22:51,445 - ERROR - <KafkaTCPTransport [::1:9092<-51569]>: socket disconnected
2026-06-19 18:22:51,446 - ERROR - <KafkaTCPTransport [::1:9092<-51569]>: Abort (KafkaConnectionError: socket disconnected)
2026-06-19 18:22:51,451 - ERROR - <KafkaTCPTransport [::1:9092<-51570]>: socket disconnected
2026-06-19 18:22:51,452 - ERROR - <KafkaTCPTransport [::1:9092<-51570]>: Abort (KafkaConnectionError: socket disconnected)
2026-06-19 18:22:51,457 - ERROR - <KafkaTCPTransport [::1:9092<-51571]>: socket disconnected
2026-06-19 18:22:51,457 - ERROR - <KafkaTCPTransport [::1:9092<-51571]>: Abort (KafkaConnectionError: socket disconnected)
2026-06-19 18:22:51,461 - INFO - Metadata refresh (node_id=1)
2026-06-19 18:22:51,464 - ERROR - <KafkaTCPTransport [::1:9092<-51572]>: socket disconnected
2026-06-19 18:22:51,464 - ERROR - <KafkaTCPTransport [::1:9092<-51572]>: Abort (KafkaConnectionError: socket disconnected)
2026-06-19 18:22:51,465 - ERROR - Metadata refresh: failed KafkaConnectionError: socket disconnected
2026-06-19 18:22:51,465 - ERROR - KafkaConnectionError: socket disconnected
Traceback (most recent call last):
  File "C:\Users\monis\OneDrive\Documents\IntelliStream\venv\Lib\site-packages\kafka\cluster.py", line 127, in _refresh_loop
    await self.refresh_metadata()
  File "C:\Users\monis\OneDrive\Documents\IntelliStream\venv\Lib\site-packages\kafka\cluster.py", line 156, in refresh_metadata
    await self._do_refresh_metadata(node_id)
  File "C:\Users\monis\OneDrive\Documents\IntelliStream\venv\Lib\site-packages\kafka\cluster.py", line 175, in _do_refresh_metadata
    response = await self._manager.send(request, node_id)
               ^^^^^^^^^^^^^^^^^^^^^^^^^^^^^^^^^^^^^^^^^^
  File "C:\Users\monis\OneDrive\Documents\IntelliStream\venv\Lib\site-packages\kafka\future.py", line 165, in __await__
    raise self.exception
kafka.errors.KafkaConnectionError: KafkaConnectionError: socket disconnected
2026-06-19 18:22:51,497 - ERROR - <KafkaTCPTransport [::1:9092<-51573]>: Error receiving network data closing socket
Traceback (most recent call last):
  File "C:\Users\monis\OneDrive\Documents\IntelliStream\venv\Lib\site-packages\kafka\net\transport.py", line 107, in _sock_recv
    data = self._sock.recv(4096)
ConnectionAbortedError: [WinError 10053] An established connection was aborted by the software in your host machine
2026-06-19 18:22:51,499 - ERROR - <KafkaTCPTransport [::1:9092<-51573]>: Abort (KafkaConnectionError: [WinError 10053] An established connection was aborted by the software in your host machine)
2026-06-19 18:22:51,506 - ERROR - <KafkaTCPTransport [::1:9092<-51574]>: socket disconnected
2026-06-19 18:22:51,506 - ERROR - <KafkaTCPTransport [::1:9092<-51574]>: Abort (KafkaConnectionError: socket disconnected)
2026-06-19 18:22:51,513 - ERROR - <KafkaTCPTransport [::1:9092<-51575]>: socket disconnected
2026-06-19 18:22:51,513 - ERROR - <KafkaTCPTransport [::1:9092<-51575]>: Abort (KafkaConnectionError: socket disconnected)
2026-06-19 18:22:51,521 - ERROR - <KafkaTCPTransport [::1:9092<-51576]>: socket disconnected
2026-06-19 18:22:51,521 - ERROR - <KafkaTCPTransport [::1:9092<-51576]>: Abort (KafkaConnectionError: socket disconnected)
2026-06-19 18:22:51,527 - ERROR - <KafkaTCPTransport [::1:9092<-51577]>: socket disconnected
2026-06-19 18:22:51,527 - ERROR - <KafkaTCPTransport [::1:9092<-51577]>: Abort (KafkaConnectionError: socket disconnected)
2026-06-19 18:22:51,535 - ERROR - <KafkaTCPTransport [::1:9092<-51578]>: socket disconnected
2026-06-19 18:22:51,535 - ERROR - <KafkaTCPTransport [::1:9092<-51578]>: Abort (KafkaConnectionError: socket disconnected)
2026-06-19 18:22:51,542 - ERROR - <KafkaTCPTransport [::1:9092<-51579]>: socket disconnected
2026-06-19 18:22:51,542 - ERROR - <KafkaTCPTransport [::1:9092<-51579]>: Abort (KafkaConnectionError: socket disconnected)
2026-06-19 18:22:51,549 - ERROR - <KafkaTCPTransport [::1:9092<-51580]>: socket disconnected
2026-06-19 18:22:51,549 - ERROR - <KafkaTCPTransport [::1:9092<-51580]>: Abort (KafkaConnectionError: socket disconnected)
2026-06-19 18:22:51,555 - ERROR - <KafkaTCPTransport [::1:9092<-51581]>: socket disconnected
2026-06-19 18:22:51,555 - ERROR - <KafkaTCPTransport [::1:9092<-51581]>: Abort (KafkaConnectionError: socket disconnected)
2026-06-19 18:22:51,562 - ERROR - <KafkaTCPTransport [::1:9092<-51582]>: socket disconnected
2026-06-19 18:22:51,562 - ERROR - <KafkaTCPTransport [::1:9092<-51582]>: Abort (KafkaConnectionError: socket disconnected)
2026-06-19 18:22:51,566 - INFO - Metadata refresh (node_id=1)
2026-06-19 18:22:51,568 - ERROR - <KafkaTCPTransport [::1:9092<-51583]>: socket disconnected
2026-06-19 18:22:51,569 - ERROR - <KafkaTCPTransport [::1:9092<-51583]>: Abort (KafkaConnectionError: socket disconnected)
2026-06-19 18:22:51,570 - ERROR - Metadata refresh: failed KafkaConnectionError: socket disconnected
2026-06-19 18:22:51,570 - ERROR - KafkaConnectionError: socket disconnected
Traceback (most recent call last):
  File "C:\Users\monis\OneDrive\Documents\IntelliStream\venv\Lib\site-packages\kafka\cluster.py", line 127, in _refresh_loop
    await self.refresh_metadata()
  File "C:\Users\monis\OneDrive\Documents\IntelliStream\venv\Lib\site-packages\kafka\cluster.py", line 156, in refresh_metadata
    await self._do_refresh_metadata(node_id)
  File "C:\Users\monis\OneDrive\Documents\IntelliStream\venv\Lib\site-packages\kafka\cluster.py", line 175, in _do_refresh_metadata
    response = await self._manager.send(request, node_id)
               ^^^^^^^^^^^^^^^^^^^^^^^^^^^^^^^^^^^^^^^^^^
  File "C:\Users\monis\OneDrive\Documents\IntelliStream\venv\Lib\site-packages\kafka\future.py", line 165, in __await__
    raise self.exception
kafka.errors.KafkaConnectionError: KafkaConnectionError: socket disconnected
2026-06-19 18:22:51,577 - ERROR - <KafkaTCPTransport [::1:9092<-51584]>: socket disconnected
2026-06-19 18:22:51,578 - ERROR - <KafkaTCPTransport [::1:9092<-51584]>: Abort (KafkaConnectionError: socket disconnected)
2026-06-19 18:22:51,584 - ERROR - <KafkaTCPTransport [::1:9092<-51585]>: socket disconnected
2026-06-19 18:22:51,584 - ERROR - <KafkaTCPTransport [::1:9092<-51585]>: Abort (KafkaConnectionError: socket disconnected)
2026-06-19 18:22:51,591 - ERROR - <KafkaTCPTransport [::1:9092<-51586]>: socket disconnected
2026-06-19 18:22:51,592 - ERROR - <KafkaTCPTransport [::1:9092<-51586]>: Abort (KafkaConnectionError: socket disconnected)
2026-06-19 18:22:51,598 - ERROR - <KafkaTCPTransport [::1:9092<-51587]>: socket disconnected
2026-06-19 18:22:51,598 - ERROR - <KafkaTCPTransport [::1:9092<-51587]>: Abort (KafkaConnectionError: socket disconnected)
2026-06-19 18:22:51,604 - ERROR - <KafkaTCPTransport [::1:9092<-51588]>: socket disconnected
2026-06-19 18:22:51,604 - ERROR - <KafkaTCPTransport [::1:9092<-51588]>: Abort (KafkaConnectionError: socket disconnected)
2026-06-19 18:22:51,611 - ERROR - <KafkaTCPTransport [::1:9092<-51589]>: socket disconnected
2026-06-19 18:22:51,611 - ERROR - <KafkaTCPTransport [::1:9092<-51589]>: Abort (KafkaConnectionError: socket disconnected)
2026-06-19 18:22:51,618 - ERROR - <KafkaTCPTransport [::1:9092<-51590]>: socket disconnected
2026-06-19 18:22:51,619 - ERROR - <KafkaTCPTransport [::1:9092<-51590]>: Abort (KafkaConnectionError: socket disconnected)
2026-06-19 18:22:51,624 - ERROR - <KafkaTCPTransport [::1:9092<-51591]>: socket disconnected
2026-06-19 18:22:51,624 - ERROR - <KafkaTCPTransport [::1:9092<-51591]>: Abort (KafkaConnectionError: socket disconnected)
2026-06-19 18:22:51,631 - ERROR - <KafkaTCPTransport [::1:9092<-51592]>: socket disconnected
2026-06-19 18:22:51,631 - ERROR - <KafkaTCPTransport [::1:9092<-51592]>: Abort (KafkaConnectionError: socket disconnected)
2026-06-19 18:22:51,637 - ERROR - <KafkaTCPTransport [::1:9092<-51593]>: socket disconnected
2026-06-19 18:22:51,637 - ERROR - <KafkaTCPTransport [::1:9092<-51593]>: Abort (KafkaConnectionError: socket disconnected)
2026-06-19 18:22:51,643 - ERROR - <KafkaTCPTransport [::1:9092<-51594]>: socket disconnected
2026-06-19 18:22:51,643 - ERROR - <KafkaTCPTransport [::1:9092<-51594]>: Abort (KafkaConnectionError: socket disconnected)
2026-06-19 18:22:51,649 - ERROR - <KafkaTCPTransport [::1:9092<-51595]>: socket disconnected
2026-06-19 18:22:51,650 - ERROR - <KafkaTCPTransport [::1:9092<-51595]>: Abort (KafkaConnectionError: socket disconnected)
2026-06-19 18:22:51,666 - ERROR - <KafkaTCPTransport [::1:9092<-51596]>: Error receiving network data closing socket
Traceback (most recent call last):
  File "C:\Users\monis\OneDrive\Documents\IntelliStream\venv\Lib\site-packages\kafka\net\transport.py", line 107, in _sock_recv
    data = self._sock.recv(4096)
ConnectionAbortedError: [WinError 10053] An established connection was aborted by the software in your host machine
2026-06-19 18:22:51,668 - ERROR - <KafkaTCPTransport [::1:9092<-51596]>: Abort (KafkaConnectionError: [WinError 10053] An established connection was aborted by the software in your host machine)
2026-06-19 18:22:51,672 - INFO - Metadata refresh (node_id=1)
2026-06-19 18:22:51,675 - ERROR - <KafkaTCPTransport [::1:9092<-51597]>: socket disconnected
2026-06-19 18:22:51,675 - ERROR - <KafkaTCPTransport [::1:9092<-51597]>: Abort (KafkaConnectionError: socket disconnected)
2026-06-19 18:22:51,676 - ERROR - Metadata refresh: failed KafkaConnectionError: socket disconnected
2026-06-19 18:22:51,677 - ERROR - KafkaConnectionError: socket disconnected
Traceback (most recent call last):
  File "C:\Users\monis\OneDrive\Documents\IntelliStream\venv\Lib\site-packages\kafka\cluster.py", line 127, in _refresh_loop
    await self.refresh_metadata()
  File "C:\Users\monis\OneDrive\Documents\IntelliStream\venv\Lib\site-packages\kafka\cluster.py", line 156, in refresh_metadata
    await self._do_refresh_metadata(node_id)
  File "C:\Users\monis\OneDrive\Documents\IntelliStream\venv\Lib\site-packages\kafka\cluster.py", line 175, in _do_refresh_metadata
    response = await self._manager.send(request, node_id)
               ^^^^^^^^^^^^^^^^^^^^^^^^^^^^^^^^^^^^^^^^^^
  File "C:\Users\monis\OneDrive\Documents\IntelliStream\venv\Lib\site-packages\kafka\future.py", line 165, in __await__
    raise self.exception
kafka.errors.KafkaConnectionError: KafkaConnectionError: socket disconnected
2026-06-19 18:22:51,683 - ERROR - <KafkaTCPTransport [::1:9092<-51598]>: socket disconnected
2026-06-19 18:22:51,683 - ERROR - <KafkaTCPTransport [::1:9092<-51598]>: Abort (KafkaConnectionError: socket disconnected)
2026-06-19 18:22:51,690 - ERROR - <KafkaTCPTransport [::1:9092<-51599]>: socket disconnected
2026-06-19 18:22:51,690 - ERROR - <KafkaTCPTransport [::1:9092<-51599]>: Abort (KafkaConnectionError: socket disconnected)
2026-06-19 18:22:51,696 - ERROR - <KafkaTCPTransport [::1:9092<-51600]>: socket disconnected
2026-06-19 18:22:51,696 - ERROR - <KafkaTCPTransport [::1:9092<-51600]>: Abort (KafkaConnectionError: socket disconnected)
2026-06-19 18:22:51,702 - ERROR - <KafkaTCPTransport [::1:9092<-51601]>: socket disconnected
2026-06-19 18:22:51,702 - ERROR - <KafkaTCPTransport [::1:9092<-51601]>: Abort (KafkaConnectionError: socket disconnected)
2026-06-19 18:22:51,708 - ERROR - <KafkaTCPTransport [::1:9092<-51602]>: socket disconnected
2026-06-19 18:22:51,709 - ERROR - <KafkaTCPTransport [::1:9092<-51602]>: Abort (KafkaConnectionError: socket disconnected)
2026-06-19 18:22:51,716 - ERROR - <KafkaTCPTransport [::1:9092<-51603]>: socket disconnected
2026-06-19 18:22:51,716 - ERROR - <KafkaTCPTransport [::1:9092<-51603]>: Abort (KafkaConnectionError: socket disconnected)
2026-06-19 18:22:51,723 - ERROR - <KafkaTCPTransport [::1:9092<-51604]>: socket disconnected
2026-06-19 18:22:51,724 - ERROR - <KafkaTCPTransport [::1:9092<-51604]>: Abort (KafkaConnectionError: socket disconnected)
2026-06-19 18:22:51,730 - ERROR - <KafkaTCPTransport [::1:9092<-51605]>: socket disconnected
2026-06-19 18:22:51,730 - ERROR - <KafkaTCPTransport [::1:9092<-51605]>: Abort (KafkaConnectionError: socket disconnected)
2026-06-19 18:22:51,741 - ERROR - <KafkaTCPTransport [::1:9092<-51606]>: socket disconnected
2026-06-19 18:22:51,741 - ERROR - <KafkaTCPTransport [::1:9092<-51606]>: Abort (KafkaConnectionError: socket disconnected)
2026-06-19 18:22:51,765 - ERROR - <KafkaTCPTransport [::1:9092<-51607]>: Error receiving network data closing socket
Traceback (most recent call last):
  File "C:\Users\monis\OneDrive\Documents\IntelliStream\venv\Lib\site-packages\kafka\net\transport.py", line 107, in _sock_recv
    data = self._sock.recv(4096)
ConnectionAbortedError: [WinError 10053] An established connection was aborted by the software in your host machine
2026-06-19 18:22:51,766 - ERROR - <KafkaTCPTransport [::1:9092<-51607]>: Abort (KafkaConnectionError: [WinError 10053] An established connection was aborted by the software in your host machine)
2026-06-19 18:22:51,775 - ERROR - <KafkaTCPTransport [::1:9092<-51608]>: socket disconnected
2026-06-19 18:22:51,775 - ERROR - <KafkaTCPTransport [::1:9092<-51608]>: Abort (KafkaConnectionError: socket disconnected)
2026-06-19 18:22:51,779 - INFO - Metadata refresh (node_id=1)
2026-06-19 18:22:51,782 - ERROR - <KafkaTCPTransport [::1:9092<-51609]>: socket disconnected
2026-06-19 18:22:51,782 - ERROR - <KafkaTCPTransport [::1:9092<-51609]>: Abort (KafkaConnectionError: socket disconnected)
2026-06-19 18:22:51,783 - ERROR - Metadata refresh: failed KafkaConnectionError: socket disconnected
2026-06-19 18:22:51,784 - ERROR - KafkaConnectionError: socket disconnected
Traceback (most recent call last):
  File "C:\Users\monis\OneDrive\Documents\IntelliStream\venv\Lib\site-packages\kafka\cluster.py", line 127, in _refresh_loop
    await self.refresh_metadata()
  File "C:\Users\monis\OneDrive\Documents\IntelliStream\venv\Lib\site-packages\kafka\cluster.py", line 156, in refresh_metadata
    await self._do_refresh_metadata(node_id)
  File "C:\Users\monis\OneDrive\Documents\IntelliStream\venv\Lib\site-packages\kafka\cluster.py", line 175, in _do_refresh_metadata
    response = await self._manager.send(request, node_id)
               ^^^^^^^^^^^^^^^^^^^^^^^^^^^^^^^^^^^^^^^^^^
  File "C:\Users\monis\OneDrive\Documents\IntelliStream\venv\Lib\site-packages\kafka\future.py", line 165, in __await__
    raise self.exception
kafka.errors.KafkaConnectionError: KafkaConnectionError: socket disconnected
2026-06-19 18:22:51,791 - ERROR - <KafkaTCPTransport [::1:9092<-51610]>: Error receiving network data closing socket
Traceback (most recent call last):
  File "C:\Users\monis\OneDrive\Documents\IntelliStream\venv\Lib\site-packages\kafka\net\transport.py", line 107, in _sock_recv
    data = self._sock.recv(4096)
ConnectionAbortedError: [WinError 10053] An established connection was aborted by the software in your host machine
2026-06-19 18:22:51,792 - ERROR - <KafkaTCPTransport [::1:9092<-51610]>: Abort (KafkaConnectionError: [WinError 10053] An established connection was aborted by the software in your host machine)
2026-06-19 18:22:51,800 - ERROR - <KafkaTCPTransport [::1:9092<-51611]>: socket disconnected
2026-06-19 18:22:51,801 - ERROR - <KafkaTCPTransport [::1:9092<-51611]>: Abort (KafkaConnectionError: socket disconnected)
2026-06-19 18:22:51,809 - ERROR - <KafkaTCPTransport [::1:9092<-51612]>: socket disconnected
2026-06-19 18:22:51,809 - ERROR - <KafkaTCPTransport [::1:9092<-51612]>: Abort (KafkaConnectionError: socket disconnected)
2026-06-19 18:22:51,817 - ERROR - <KafkaTCPTransport [::1:9092<-51613]>: socket disconnected
2026-06-19 18:22:51,817 - ERROR - <KafkaTCPTransport [::1:9092<-51613]>: Abort (KafkaConnectionError: socket disconnected)
2026-06-19 18:22:51,825 - ERROR - <KafkaTCPTransport [::1:9092<-51614]>: socket disconnected
2026-06-19 18:22:51,825 - ERROR - <KafkaTCPTransport [::1:9092<-51614]>: Abort (KafkaConnectionError: socket disconnected)
2026-06-19 18:22:51,832 - ERROR - <KafkaTCPTransport [::1:9092<-51615]>: socket disconnected
2026-06-19 18:22:51,832 - ERROR - <KafkaTCPTransport [::1:9092<-51615]>: Abort (KafkaConnectionError: socket disconnected)
2026-06-19 18:22:51,840 - ERROR - <KafkaTCPTransport [::1:9092<-51616]>: socket disconnected
2026-06-19 18:22:51,840 - ERROR - <KafkaTCPTransport [::1:9092<-51616]>: Abort (KafkaConnectionError: socket disconnected)
2026-06-19 18:22:51,847 - ERROR - <KafkaTCPTransport [::1:9092<-51617]>: socket disconnected
2026-06-19 18:22:51,848 - ERROR - <KafkaTCPTransport [::1:9092<-51617]>: Abort (KafkaConnectionError: socket disconnected)
2026-06-19 18:22:51,855 - ERROR - <KafkaTCPTransport [::1:9092<-51618]>: socket disconnected
2026-06-19 18:22:51,856 - ERROR - <KafkaTCPTransport [::1:9092<-51618]>: Abort (KafkaConnectionError: socket disconnected)
2026-06-19 18:22:51,862 - ERROR - <KafkaTCPTransport [::1:9092<-51619]>: socket disconnected
2026-06-19 18:22:51,863 - ERROR - <KafkaTCPTransport [::1:9092<-51619]>: Abort (KafkaConnectionError: socket disconnected)
2026-06-19 18:22:51,873 - ERROR - <KafkaTCPTransport [::1:9092<-51620]>: socket disconnected
2026-06-19 18:22:51,874 - ERROR - <KafkaTCPTransport [::1:9092<-51620]>: Abort (KafkaConnectionError: socket disconnected)
2026-06-19 18:22:51,880 - ERROR - <KafkaTCPTransport [::1:9092<-51621]>: socket disconnected
2026-06-19 18:22:51,880 - ERROR - <KafkaTCPTransport [::1:9092<-51621]>: Abort (KafkaConnectionError: socket disconnected)
2026-06-19 18:22:51,884 - INFO - Metadata refresh (node_id=1)
2026-06-19 18:22:51,887 - ERROR - <KafkaTCPTransport [::1:9092<-51622]>: socket disconnected
2026-06-19 18:22:51,888 - ERROR - <KafkaTCPTransport [::1:9092<-51622]>: Abort (KafkaConnectionError: socket disconnected)
2026-06-19 18:22:51,889 - ERROR - Metadata refresh: failed KafkaConnectionError: socket disconnected
2026-06-19 18:22:51,889 - ERROR - KafkaConnectionError: socket disconnected
Traceback (most recent call last):
  File "C:\Users\monis\OneDrive\Documents\IntelliStream\venv\Lib\site-packages\kafka\cluster.py", line 127, in _refresh_loop
    await self.refresh_metadata()
  File "C:\Users\monis\OneDrive\Documents\IntelliStream\venv\Lib\site-packages\kafka\cluster.py", line 156, in refresh_metadata
    await self._do_refresh_metadata(node_id)
  File "C:\Users\monis\OneDrive\Documents\IntelliStream\venv\Lib\site-packages\kafka\cluster.py", line 175, in _do_refresh_metadata
    response = await self._manager.send(request, node_id)
               ^^^^^^^^^^^^^^^^^^^^^^^^^^^^^^^^^^^^^^^^^^
  File "C:\Users\monis\OneDrive\Documents\IntelliStream\venv\Lib\site-packages\kafka\future.py", line 165, in __await__
    raise self.exception
kafka.errors.KafkaConnectionError: KafkaConnectionError: socket disconnected
2026-06-19 18:22:51,900 - ERROR - <KafkaTCPTransport [::1:9092<-51623]>: socket disconnected
2026-06-19 18:22:51,900 - ERROR - <KafkaTCPTransport [::1:9092<-51623]>: Abort (KafkaConnectionError: socket disconnected)
2026-06-19 18:22:51,907 - ERROR - <KafkaTCPTransport [::1:9092<-51624]>: socket disconnected
2026-06-19 18:22:51,907 - ERROR - <KafkaTCPTransport [::1:9092<-51624]>: Abort (KafkaConnectionError: socket disconnected)
2026-06-19 18:22:51,916 - ERROR - <KafkaTCPTransport [::1:9092<-51625]>: socket disconnected
2026-06-19 18:22:51,916 - ERROR - <KafkaTCPTransport [::1:9092<-51625]>: Abort (KafkaConnectionError: socket disconnected)
2026-06-19 18:22:51,923 - ERROR - <KafkaTCPTransport [::1:9092<-51626]>: socket disconnected
2026-06-19 18:22:51,924 - ERROR - <KafkaTCPTransport [::1:9092<-51626]>: Abort (KafkaConnectionError: socket disconnected)
2026-06-19 18:22:51,932 - ERROR - <KafkaTCPTransport [::1:9092<-51627]>: socket disconnected
2026-06-19 18:22:51,932 - ERROR - <KafkaTCPTransport [::1:9092<-51627]>: Abort (KafkaConnectionError: socket disconnected)
2026-06-19 18:22:51,939 - ERROR - <KafkaTCPTransport [::1:9092<-51628]>: socket disconnected
2026-06-19 18:22:51,940 - ERROR - <KafkaTCPTransport [::1:9092<-51628]>: Abort (KafkaConnectionError: socket disconnected)
2026-06-19 18:22:51,950 - ERROR - <KafkaTCPTransport [::1:9092<-51629]>: socket disconnected
2026-06-19 18:22:51,950 - ERROR - <KafkaTCPTransport [::1:9092<-51629]>: Abort (KafkaConnectionError: socket disconnected)
2026-06-19 18:22:51,958 - ERROR - <KafkaTCPTransport [::1:9092<-51630]>: socket disconnected
2026-06-19 18:22:51,958 - ERROR - <KafkaTCPTransport [::1:9092<-51630]>: Abort (KafkaConnectionError: socket disconnected)
2026-06-19 18:22:51,966 - ERROR - <KafkaTCPTransport [::1:9092<-51631]>: socket disconnected
2026-06-19 18:22:51,966 - ERROR - <KafkaTCPTransport [::1:9092<-51631]>: Abort (KafkaConnectionError: socket disconnected)
2026-06-19 18:22:51,972 - ERROR - <KafkaTCPTransport [::1:9092<-51632]>: socket disconnected
2026-06-19 18:22:51,972 - ERROR - <KafkaTCPTransport [::1:9092<-51632]>: Abort (KafkaConnectionError: socket disconnected)
2026-06-19 18:22:51,979 - ERROR - <KafkaTCPTransport [::1:9092<-51633]>: socket disconnected
2026-06-19 18:22:51,980 - ERROR - <KafkaTCPTransport [::1:9092<-51633]>: Abort (KafkaConnectionError: socket disconnected)
2026-06-19 18:22:51,987 - ERROR - <KafkaTCPTransport [::1:9092<-51634]>: socket disconnected
2026-06-19 18:22:51,987 - ERROR - <KafkaTCPTransport [::1:9092<-51634]>: Abort (KafkaConnectionError: socket disconnected)
2026-06-19 18:22:51,991 - INFO - Metadata refresh (node_id=1)
2026-06-19 18:22:51,994 - ERROR - <KafkaTCPTransport [::1:9092<-51635]>: socket disconnected
2026-06-19 18:22:51,994 - ERROR - <KafkaTCPTransport [::1:9092<-51635]>: Abort (KafkaConnectionError: socket disconnected)
2026-06-19 18:22:51,995 - ERROR - Metadata refresh: failed KafkaConnectionError: socket disconnected
2026-06-19 18:22:51,996 - ERROR - KafkaConnectionError: socket disconnected
Traceback (most recent call last):
  File "C:\Users\monis\OneDrive\Documents\IntelliStream\venv\Lib\site-packages\kafka\cluster.py", line 127, in _refresh_loop
    await self.refresh_metadata()
  File "C:\Users\monis\OneDrive\Documents\IntelliStream\venv\Lib\site-packages\kafka\cluster.py", line 156, in refresh_metadata
    await self._do_refresh_metadata(node_id)
  File "C:\Users\monis\OneDrive\Documents\IntelliStream\venv\Lib\site-packages\kafka\cluster.py", line 175, in _do_refresh_metadata
    response = await self._manager.send(request, node_id)
               ^^^^^^^^^^^^^^^^^^^^^^^^^^^^^^^^^^^^^^^^^^
  File "C:\Users\monis\OneDrive\Documents\IntelliStream\venv\Lib\site-packages\kafka\future.py", line 165, in __await__
    raise self.exception
kafka.errors.KafkaConnectionError: KafkaConnectionError: socket disconnected
2026-06-19 18:22:52,005 - ERROR - <KafkaTCPTransport [::1:9092<-51636]>: socket disconnected
2026-06-19 18:22:52,005 - ERROR - <KafkaTCPTransport [::1:9092<-51636]>: Abort (KafkaConnectionError: socket disconnected)
2026-06-19 18:22:52,012 - ERROR - <KafkaTCPTransport [::1:9092<-51637]>: socket disconnected
2026-06-19 18:22:52,012 - ERROR - <KafkaTCPTransport [::1:9092<-51637]>: Abort (KafkaConnectionError: socket disconnected)
2026-06-19 18:22:52,019 - ERROR - <KafkaTCPTransport [::1:9092<-51638]>: socket disconnected
2026-06-19 18:22:52,020 - ERROR - <KafkaTCPTransport [::1:9092<-51638]>: Abort (KafkaConnectionError: socket disconnected)
2026-06-19 18:22:52,026 - ERROR - <KafkaTCPTransport [::1:9092<-51639]>: socket disconnected
2026-06-19 18:22:52,026 - ERROR - <KafkaTCPTransport [::1:9092<-51639]>: Abort (KafkaConnectionError: socket disconnected)
2026-06-19 18:22:52,034 - ERROR - <KafkaTCPTransport [::1:9092<-51640]>: socket disconnected
2026-06-19 18:22:52,034 - ERROR - <KafkaTCPTransport [::1:9092<-51640]>: Abort (KafkaConnectionError: socket disconnected)
2026-06-19 18:22:52,041 - ERROR - <KafkaTCPTransport [::1:9092<-51641]>: socket disconnected
2026-06-19 18:22:52,041 - ERROR - <KafkaTCPTransport [::1:9092<-51641]>: Abort (KafkaConnectionError: socket disconnected)
2026-06-19 18:22:52,049 - ERROR - <KafkaTCPTransport [::1:9092<-51642]>: socket disconnected
2026-06-19 18:22:52,049 - ERROR - <KafkaTCPTransport [::1:9092<-51642]>: Abort (KafkaConnectionError: socket disconnected)
2026-06-19 18:22:52,056 - ERROR - <KafkaTCPTransport [::1:9092<-51643]>: socket disconnected
2026-06-19 18:22:52,056 - ERROR - <KafkaTCPTransport [::1:9092<-51643]>: Abort (KafkaConnectionError: socket disconnected)
2026-06-19 18:22:52,063 - ERROR - <KafkaTCPTransport [::1:9092<-51644]>: socket disconnected
2026-06-19 18:22:52,063 - ERROR - <KafkaTCPTransport [::1:9092<-51644]>: Abort (KafkaConnectionError: socket disconnected)
2026-06-19 18:22:52,071 - ERROR - <KafkaTCPTransport [::1:9092<-51645]>: socket disconnected
2026-06-19 18:22:52,071 - ERROR - <KafkaTCPTransport [::1:9092<-51645]>: Abort (KafkaConnectionError: socket disconnected)
2026-06-19 18:22:52,079 - ERROR - <KafkaTCPTransport [::1:9092<-51646]>: socket disconnected
2026-06-19 18:22:52,079 - ERROR - <KafkaTCPTransport [::1:9092<-51646]>: Abort (KafkaConnectionError: socket disconnected)
2026-06-19 18:22:52,087 - ERROR - <KafkaTCPTransport [::1:9092<-51647]>: socket disconnected
2026-06-19 18:22:52,087 - ERROR - <KafkaTCPTransport [::1:9092<-51647]>: Abort (KafkaConnectionError: socket disconnected)
2026-06-19 18:22:52,096 - INFO - Metadata refresh (node_id=1)
2026-06-19 18:22:52,113 - ERROR - <KafkaTCPTransport [::1:9092<-51648]>: socket disconnected
2026-06-19 18:22:52,113 - ERROR - <KafkaTCPTransport [::1:9092<-51648]>: Abort (KafkaConnectionError: socket disconnected)
2026-06-19 18:22:52,114 - ERROR - Metadata refresh: failed KafkaConnectionError: socket disconnected
2026-06-19 18:22:52,115 - ERROR - KafkaConnectionError: socket disconnected
Traceback (most recent call last):
  File "C:\Users\monis\OneDrive\Documents\IntelliStream\venv\Lib\site-packages\kafka\cluster.py", line 127, in _refresh_loop
    await self.refresh_metadata()
  File "C:\Users\monis\OneDrive\Documents\IntelliStream\venv\Lib\site-packages\kafka\cluster.py", line 156, in refresh_metadata
    await self._do_refresh_metadata(node_id)
  File "C:\Users\monis\OneDrive\Documents\IntelliStream\venv\Lib\site-packages\kafka\cluster.py", line 175, in _do_refresh_metadata
    response = await self._manager.send(request, node_id)
               ^^^^^^^^^^^^^^^^^^^^^^^^^^^^^^^^^^^^^^^^^^
  File "C:\Users\monis\OneDrive\Documents\IntelliStream\venv\Lib\site-packages\kafka\future.py", line 165, in __await__
    raise self.exception
kafka.errors.KafkaConnectionError: KafkaConnectionError: socket disconnected
2026-06-19 18:22:52,122 - ERROR - <KafkaTCPTransport [::1:9092<-51649]>: socket disconnected
2026-06-19 18:22:52,123 - ERROR - <KafkaTCPTransport [::1:9092<-51649]>: Abort (KafkaConnectionError: socket disconnected)
2026-06-19 18:22:52,130 - ERROR - <KafkaTCPTransport [::1:9092<-51650]>: socket disconnected
2026-06-19 18:22:52,130 - ERROR - <KafkaTCPTransport [::1:9092<-51650]>: Abort (KafkaConnectionError: socket disconnected)
2026-06-19 18:22:52,139 - ERROR - <KafkaTCPTransport [::1:9092<-51651]>: socket disconnected
2026-06-19 18:22:52,139 - ERROR - <KafkaTCPTransport [::1:9092<-51651]>: Abort (KafkaConnectionError: socket disconnected)
2026-06-19 18:22:52,147 - ERROR - <KafkaTCPTransport [::1:9092<-51652]>: socket disconnected
2026-06-19 18:22:52,147 - ERROR - <KafkaTCPTransport [::1:9092<-51652]>: Abort (KafkaConnectionError: socket disconnected)
2026-06-19 18:22:52,154 - ERROR - <KafkaTCPTransport [::1:9092<-51653]>: socket disconnected
2026-06-19 18:22:52,155 - ERROR - <KafkaTCPTransport [::1:9092<-51653]>: Abort (KafkaConnectionError: socket disconnected)
2026-06-19 18:22:52,162 - ERROR - <KafkaTCPTransport [::1:9092<-51654]>: socket disconnected
2026-06-19 18:22:52,162 - ERROR - <KafkaTCPTransport [::1:9092<-51654]>: Abort (KafkaConnectionError: socket disconnected)
2026-06-19 18:22:52,170 - ERROR - <KafkaTCPTransport [::1:9092<-51655]>: socket disconnected
2026-06-19 18:22:52,170 - ERROR - <KafkaTCPTransport [::1:9092<-51655]>: Abort (KafkaConnectionError: socket disconnected)
2026-06-19 18:22:52,176 - ERROR - <KafkaTCPTransport [::1:9092<-51656]>: socket disconnected
2026-06-19 18:22:52,176 - ERROR - <KafkaTCPTransport [::1:9092<-51656]>: Abort (KafkaConnectionError: socket disconnected)
2026-06-19 18:22:52,183 - ERROR - <KafkaTCPTransport [::1:9092<-51657]>: socket disconnected
2026-06-19 18:22:52,184 - ERROR - <KafkaTCPTransport [::1:9092<-51657]>: Abort (KafkaConnectionError: socket disconnected)
2026-06-19 18:22:52,191 - ERROR - <KafkaTCPTransport [::1:9092<-51658]>: socket disconnected
2026-06-19 18:22:52,191 - ERROR - <KafkaTCPTransport [::1:9092<-51658]>: Abort (KafkaConnectionError: socket disconnected)
2026-06-19 18:22:52,197 - ERROR - <KafkaTCPTransport [::1:9092<-51659]>: socket disconnected
2026-06-19 18:22:52,197 - ERROR - <KafkaTCPTransport [::1:9092<-51659]>: Abort (KafkaConnectionError: socket disconnected)
2026-06-19 18:22:52,204 - ERROR - <KafkaTCPTransport [::1:9092<-51660]>: socket disconnected
2026-06-19 18:22:52,204 - ERROR - <KafkaTCPTransport [::1:9092<-51660]>: Abort (KafkaConnectionError: socket disconnected)
2026-06-19 18:22:52,211 - ERROR - <KafkaTCPTransport [::1:9092<-51661]>: socket disconnected
2026-06-19 18:22:52,211 - ERROR - <KafkaTCPTransport [::1:9092<-51661]>: Abort (KafkaConnectionError: socket disconnected)
2026-06-19 18:22:52,215 - INFO - Metadata refresh (node_id=1)
2026-06-19 18:22:52,216 - ERROR - <KafkaTCPTransport [::1:9092<-51662]>: socket disconnected
2026-06-19 18:22:52,217 - ERROR - <KafkaTCPTransport [::1:9092<-51662]>: Abort (KafkaConnectionError: socket disconnected)
2026-06-19 18:22:52,218 - ERROR - Metadata refresh: failed KafkaConnectionError: socket disconnected
2026-06-19 18:22:52,218 - ERROR - KafkaConnectionError: socket disconnected
Traceback (most recent call last):
  File "C:\Users\monis\OneDrive\Documents\IntelliStream\venv\Lib\site-packages\kafka\cluster.py", line 127, in _refresh_loop
    await self.refresh_metadata()
  File "C:\Users\monis\OneDrive\Documents\IntelliStream\venv\Lib\site-packages\kafka\cluster.py", line 156, in refresh_metadata
    await self._do_refresh_metadata(node_id)
  File "C:\Users\monis\OneDrive\Documents\IntelliStream\venv\Lib\site-packages\kafka\cluster.py", line 175, in _do_refresh_metadata
    response = await self._manager.send(request, node_id)
               ^^^^^^^^^^^^^^^^^^^^^^^^^^^^^^^^^^^^^^^^^^
  File "C:\Users\monis\OneDrive\Documents\IntelliStream\venv\Lib\site-packages\kafka\future.py", line 165, in __await__
    raise self.exception
kafka.errors.KafkaConnectionError: KafkaConnectionError: socket disconnected
2026-06-19 18:22:52,225 - ERROR - <KafkaTCPTransport [::1:9092<-51663]>: socket disconnected
2026-06-19 18:22:52,226 - ERROR - <KafkaTCPTransport [::1:9092<-51663]>: Abort (KafkaConnectionError: socket disconnected)
2026-06-19 18:22:52,237 - ERROR - <KafkaTCPTransport [::1:9092<-51664]>: socket disconnected
2026-06-19 18:22:52,238 - ERROR - <KafkaTCPTransport [::1:9092<-51664]>: Abort (KafkaConnectionError: socket disconnected)
2026-06-19 18:22:52,244 - ERROR - <KafkaTCPTransport [::1:9092<-51665]>: socket disconnected
2026-06-19 18:22:52,244 - ERROR - <KafkaTCPTransport [::1:9092<-51665]>: Abort (KafkaConnectionError: socket disconnected)
2026-06-19 18:22:52,251 - ERROR - <KafkaTCPTransport [::1:9092<-51666]>: socket disconnected
2026-06-19 18:22:52,251 - ERROR - <KafkaTCPTransport [::1:9092<-51666]>: Abort (KafkaConnectionError: socket disconnected)
2026-06-19 18:22:52,257 - ERROR - <KafkaTCPTransport [::1:9092<-51667]>: socket disconnected
2026-06-19 18:22:52,258 - ERROR - <KafkaTCPTransport [::1:9092<-51667]>: Abort (KafkaConnectionError: socket disconnected)
2026-06-19 18:22:52,264 - ERROR - <KafkaTCPTransport [::1:9092<-51668]>: socket disconnected
2026-06-19 18:22:52,264 - ERROR - <KafkaTCPTransport [::1:9092<-51668]>: Abort (KafkaConnectionError: socket disconnected)
2026-06-19 18:22:52,271 - ERROR - <KafkaTCPTransport [::1:9092<-51669]>: socket disconnected
2026-06-19 18:22:52,271 - ERROR - <KafkaTCPTransport [::1:9092<-51669]>: Abort (KafkaConnectionError: socket disconnected)
2026-06-19 18:22:52,278 - ERROR - <KafkaTCPTransport [::1:9092<-51670]>: socket disconnected
2026-06-19 18:22:52,278 - ERROR - <KafkaTCPTransport [::1:9092<-51670]>: Abort (KafkaConnectionError: socket disconnected)
2026-06-19 18:22:52,284 - ERROR - <KafkaTCPTransport [::1:9092<-51671]>: socket disconnected
2026-06-19 18:22:52,285 - ERROR - <KafkaTCPTransport [::1:9092<-51671]>: Abort (KafkaConnectionError: socket disconnected)
2026-06-19 18:22:52,291 - ERROR - <KafkaTCPTransport [::1:9092<-51672]>: socket disconnected
2026-06-19 18:22:52,292 - ERROR - <KafkaTCPTransport [::1:9092<-51672]>: Abort (KafkaConnectionError: socket disconnected)
2026-06-19 18:22:52,300 - ERROR - <KafkaTCPTransport [::1:9092<-51673]>: socket disconnected
2026-06-19 18:22:52,301 - ERROR - <KafkaTCPTransport [::1:9092<-51673]>: Abort (KafkaConnectionError: socket disconnected)
2026-06-19 18:22:52,308 - ERROR - <KafkaTCPTransport [::1:9092<-51674]>: socket disconnected
2026-06-19 18:22:52,308 - ERROR - <KafkaTCPTransport [::1:9092<-51674]>: Abort (KafkaConnectionError: socket disconnected)
2026-06-19 18:22:52,314 - ERROR - <KafkaTCPTransport [::1:9092<-51675]>: socket disconnected
2026-06-19 18:22:52,315 - ERROR - <KafkaTCPTransport [::1:9092<-51675]>: Abort (KafkaConnectionError: socket disconnected)
2026-06-19 18:22:52,319 - INFO - Metadata refresh (node_id=1)
2026-06-19 18:22:52,322 - ERROR - <KafkaTCPTransport [::1:9092<-51676]>: socket disconnected
2026-06-19 18:22:52,322 - ERROR - <KafkaTCPTransport [::1:9092<-51676]>: Abort (KafkaConnectionError: socket disconnected)
2026-06-19 18:22:52,323 - ERROR - Metadata refresh: failed KafkaConnectionError: socket disconnected
2026-06-19 18:22:52,323 - ERROR - KafkaConnectionError: socket disconnected
Traceback (most recent call last):
  File "C:\Users\monis\OneDrive\Documents\IntelliStream\venv\Lib\site-packages\kafka\cluster.py", line 127, in _refresh_loop
    await self.refresh_metadata()
  File "C:\Users\monis\OneDrive\Documents\IntelliStream\venv\Lib\site-packages\kafka\cluster.py", line 156, in refresh_metadata
    await self._do_refresh_metadata(node_id)
  File "C:\Users\monis\OneDrive\Documents\IntelliStream\venv\Lib\site-packages\kafka\cluster.py", line 175, in _do_refresh_metadata
    response = await self._manager.send(request, node_id)
               ^^^^^^^^^^^^^^^^^^^^^^^^^^^^^^^^^^^^^^^^^^
  File "C:\Users\monis\OneDrive\Documents\IntelliStream\venv\Lib\site-packages\kafka\future.py", line 165, in __await__
    raise self.exception
kafka.errors.KafkaConnectionError: KafkaConnectionError: socket disconnected
2026-06-19 18:22:52,330 - ERROR - <KafkaTCPTransport [::1:9092<-51677]>: socket disconnected
2026-06-19 18:22:52,330 - ERROR - <KafkaTCPTransport [::1:9092<-51677]>: Abort (KafkaConnectionError: socket disconnected)
2026-06-19 18:22:52,337 - ERROR - <KafkaTCPTransport [::1:9092<-51678]>: socket disconnected
2026-06-19 18:22:52,337 - ERROR - <KafkaTCPTransport [::1:9092<-51678]>: Abort (KafkaConnectionError: socket disconnected)
2026-06-19 18:22:52,348 - ERROR - <KafkaTCPTransport [::1:9092<-51679]>: socket disconnected
2026-06-19 18:22:52,348 - ERROR - <KafkaTCPTransport [::1:9092<-51679]>: Abort (KafkaConnectionError: socket disconnected)
2026-06-19 18:22:52,355 - ERROR - <KafkaTCPTransport [::1:9092<-51680]>: socket disconnected
2026-06-19 18:22:52,355 - ERROR - <KafkaTCPTransport [::1:9092<-51680]>: Abort (KafkaConnectionError: socket disconnected)
2026-06-19 18:22:52,361 - ERROR - <KafkaTCPTransport [::1:9092<-51681]>: socket disconnected
2026-06-19 18:22:52,362 - ERROR - <KafkaTCPTransport [::1:9092<-51681]>: Abort (KafkaConnectionError: socket disconnected)
2026-06-19 18:22:52,369 - ERROR - <KafkaTCPTransport [::1:9092<-51682]>: socket disconnected
2026-06-19 18:22:52,370 - ERROR - <KafkaTCPTransport [::1:9092<-51682]>: Abort (KafkaConnectionError: socket disconnected)
2026-06-19 18:22:52,376 - ERROR - <KafkaTCPTransport [::1:9092<-51683]>: socket disconnected
2026-06-19 18:22:52,376 - ERROR - <KafkaTCPTransport [::1:9092<-51683]>: Abort (KafkaConnectionError: socket disconnected)
2026-06-19 18:22:52,385 - ERROR - <KafkaTCPTransport [::1:9092<-51684]>: socket disconnected
2026-06-19 18:22:52,386 - ERROR - <KafkaTCPTransport [::1:9092<-51684]>: Abort (KafkaConnectionError: socket disconnected)
2026-06-19 18:22:52,394 - ERROR - <KafkaTCPTransport [::1:9092<-51685]>: socket disconnected
2026-06-19 18:22:52,394 - ERROR - <KafkaTCPTransport [::1:9092<-51685]>: Abort (KafkaConnectionError: socket disconnected)
2026-06-19 18:22:52,401 - ERROR - <KafkaTCPTransport [::1:9092<-51686]>: socket disconnected
2026-06-19 18:22:52,402 - ERROR - <KafkaTCPTransport [::1:9092<-51686]>: Abort (KafkaConnectionError: socket disconnected)
2026-06-19 18:22:52,408 - ERROR - <KafkaTCPTransport [::1:9092<-51687]>: socket disconnected
2026-06-19 18:22:52,409 - ERROR - <KafkaTCPTransport [::1:9092<-51687]>: Abort (KafkaConnectionError: socket disconnected)
2026-06-19 18:22:52,416 - ERROR - <KafkaTCPTransport [::1:9092<-51688]>: socket disconnected
2026-06-19 18:22:52,416 - ERROR - <KafkaTCPTransport [::1:9092<-51688]>: Abort (KafkaConnectionError: socket disconnected)
2026-06-19 18:22:52,424 - INFO - Metadata refresh (node_id=1)
2026-06-19 18:22:52,428 - ERROR - <KafkaTCPTransport [::1:9092<-51689]>: socket disconnected
2026-06-19 18:22:52,428 - ERROR - <KafkaTCPTransport [::1:9092<-51689]>: Abort (KafkaConnectionError: socket disconnected)
2026-06-19 18:22:52,430 - ERROR - Metadata refresh: failed KafkaConnectionError: socket disconnected
2026-06-19 18:22:52,430 - ERROR - KafkaConnectionError: socket disconnected
Traceback (most recent call last):
  File "C:\Users\monis\OneDrive\Documents\IntelliStream\venv\Lib\site-packages\kafka\cluster.py", line 127, in _refresh_loop
    await self.refresh_metadata()
  File "C:\Users\monis\OneDrive\Documents\IntelliStream\venv\Lib\site-packages\kafka\cluster.py", line 156, in refresh_metadata
    await self._do_refresh_metadata(node_id)
  File "C:\Users\monis\OneDrive\Documents\IntelliStream\venv\Lib\site-packages\kafka\cluster.py", line 175, in _do_refresh_metadata
    response = await self._manager.send(request, node_id)
               ^^^^^^^^^^^^^^^^^^^^^^^^^^^^^^^^^^^^^^^^^^
  File "C:\Users\monis\OneDrive\Documents\IntelliStream\venv\Lib\site-packages\kafka\future.py", line 165, in __await__
    raise self.exception
kafka.errors.KafkaConnectionError: KafkaConnectionError: socket disconnected
2026-06-19 18:22:52,439 - ERROR - <KafkaTCPTransport [::1:9092<-51690]>: socket disconnected
2026-06-19 18:22:52,440 - ERROR - <KafkaTCPTransport [::1:9092<-51690]>: Abort (KafkaConnectionError: socket disconnected)
2026-06-19 18:22:52,449 - ERROR - <KafkaTCPTransport [::1:9092<-51691]>: socket disconnected
2026-06-19 18:22:52,449 - ERROR - <KafkaTCPTransport [::1:9092<-51691]>: Abort (KafkaConnectionError: socket disconnected)
2026-06-19 18:22:52,455 - ERROR - <KafkaTCPTransport [::1:9092<-51692]>: socket disconnected
2026-06-19 18:22:52,456 - ERROR - <KafkaTCPTransport [::1:9092<-51692]>: Abort (KafkaConnectionError: socket disconnected)
2026-06-19 18:22:52,463 - ERROR - <KafkaTCPTransport [::1:9092<-51693]>: socket disconnected
2026-06-19 18:22:52,464 - ERROR - <KafkaTCPTransport [::1:9092<-51693]>: Abort (KafkaConnectionError: socket disconnected)
2026-06-19 18:22:52,472 - ERROR - <KafkaTCPTransport [::1:9092<-51694]>: socket disconnected
2026-06-19 18:22:52,473 - ERROR - <KafkaTCPTransport [::1:9092<-51694]>: Abort (KafkaConnectionError: socket disconnected)
2026-06-19 18:22:52,488 - ERROR - <KafkaTCPTransport [::1:9092<-51695]>: socket disconnected
2026-06-19 18:22:52,488 - ERROR - <KafkaTCPTransport [::1:9092<-51695]>: Abort (KafkaConnectionError: socket disconnected)
2026-06-19 18:22:52,502 - ERROR - <KafkaTCPTransport [::1:9092<-51696]>: socket disconnected
2026-06-19 18:22:52,502 - ERROR - <KafkaTCPTransport [::1:9092<-51696]>: Abort (KafkaConnectionError: socket disconnected)
2026-06-19 18:22:52,510 - ERROR - <KafkaTCPTransport [::1:9092<-51697]>: socket disconnected
2026-06-19 18:22:52,510 - ERROR - <KafkaTCPTransport [::1:9092<-51697]>: Abort (KafkaConnectionError: socket disconnected)
2026-06-19 18:22:52,517 - ERROR - <KafkaTCPTransport [::1:9092<-51698]>: socket disconnected
2026-06-19 18:22:52,518 - ERROR - <KafkaTCPTransport [::1:9092<-51698]>: Abort (KafkaConnectionError: socket disconnected)
2026-06-19 18:22:52,526 - ERROR - <KafkaTCPTransport [::1:9092<-51699]>: socket disconnected
2026-06-19 18:22:52,526 - ERROR - <KafkaTCPTransport [::1:9092<-51699]>: Abort (KafkaConnectionError: socket disconnected)
2026-06-19 18:22:52,532 - INFO - Metadata refresh (node_id=1)
2026-06-19 18:22:52,535 - ERROR - <KafkaTCPTransport [::1:9092<-51700]>: socket disconnected
2026-06-19 18:22:52,535 - ERROR - <KafkaTCPTransport [::1:9092<-51700]>: Abort (KafkaConnectionError: socket disconnected)
2026-06-19 18:22:52,536 - ERROR - Metadata refresh: failed KafkaConnectionError: socket disconnected
2026-06-19 18:22:52,537 - ERROR - KafkaConnectionError: socket disconnected
Traceback (most recent call last):
  File "C:\Users\monis\OneDrive\Documents\IntelliStream\venv\Lib\site-packages\kafka\cluster.py", line 127, in _refresh_loop
    await self.refresh_metadata()
  File "C:\Users\monis\OneDrive\Documents\IntelliStream\venv\Lib\site-packages\kafka\cluster.py", line 156, in refresh_metadata
    await self._do_refresh_metadata(node_id)
  File "C:\Users\monis\OneDrive\Documents\IntelliStream\venv\Lib\site-packages\kafka\cluster.py", line 175, in _do_refresh_metadata
    response = await self._manager.send(request, node_id)
               ^^^^^^^^^^^^^^^^^^^^^^^^^^^^^^^^^^^^^^^^^^
  File "C:\Users\monis\OneDrive\Documents\IntelliStream\venv\Lib\site-packages\kafka\future.py", line 165, in __await__
    raise self.exception
kafka.errors.KafkaConnectionError: KafkaConnectionError: socket disconnected
2026-06-19 18:22:52,546 - ERROR - <KafkaTCPTransport [::1:9092<-51701]>: socket disconnected
2026-06-19 18:22:52,546 - ERROR - <KafkaTCPTransport [::1:9092<-51701]>: Abort (KafkaConnectionError: socket disconnected)
2026-06-19 18:22:52,555 - ERROR - <KafkaTCPTransport [::1:9092<-51702]>: socket disconnected
2026-06-19 18:22:52,555 - ERROR - <KafkaTCPTransport [::1:9092<-51702]>: Abort (KafkaConnectionError: socket disconnected)
2026-06-19 18:22:52,562 - ERROR - <KafkaTCPTransport [::1:9092<-51703]>: socket disconnected
2026-06-19 18:22:52,563 - ERROR - <KafkaTCPTransport [::1:9092<-51703]>: Abort (KafkaConnectionError: socket disconnected)
2026-06-19 18:22:52,569 - ERROR - <KafkaTCPTransport [::1:9092<-51704]>: socket disconnected
2026-06-19 18:22:52,569 - ERROR - <KafkaTCPTransport [::1:9092<-51704]>: Abort (KafkaConnectionError: socket disconnected)
2026-06-19 18:22:52,575 - ERROR - <KafkaTCPTransport [::1:9092<-51705]>: socket disconnected
2026-06-19 18:22:52,576 - ERROR - <KafkaTCPTransport [::1:9092<-51705]>: Abort (KafkaConnectionError: socket disconnected)
2026-06-19 18:22:52,584 - ERROR - <KafkaTCPTransport [::1:9092<-51706]>: socket disconnected
2026-06-19 18:22:52,584 - ERROR - <KafkaTCPTransport [::1:9092<-51706]>: Abort (KafkaConnectionError: socket disconnected)
2026-06-19 18:22:52,592 - ERROR - <KafkaTCPTransport [::1:9092<-51707]>: socket disconnected
2026-06-19 18:22:52,592 - ERROR - <KafkaTCPTransport [::1:9092<-51707]>: Abort (KafkaConnectionError: socket disconnected)
2026-06-19 18:22:52,599 - ERROR - <KafkaTCPTransport [::1:9092<-51708]>: socket disconnected
2026-06-19 18:22:52,599 - ERROR - <KafkaTCPTransport [::1:9092<-51708]>: Abort (KafkaConnectionError: socket disconnected)
2026-06-19 18:22:52,608 - ERROR - <KafkaTCPTransport [::1:9092<-51709]>: socket disconnected
2026-06-19 18:22:52,608 - ERROR - <KafkaTCPTransport [::1:9092<-51709]>: Abort (KafkaConnectionError: socket disconnected)
2026-06-19 18:22:52,616 - ERROR - <KafkaTCPTransport [::1:9092<-51710]>: socket disconnected
2026-06-19 18:22:52,616 - ERROR - <KafkaTCPTransport [::1:9092<-51710]>: Abort (KafkaConnectionError: socket disconnected)
2026-06-19 18:22:52,641 - INFO - Metadata refresh (node_id=1)
2026-06-19 18:22:52,643 - ERROR - <KafkaTCPTransport [::1:9092<-51711]>: Error receiving network data closing socket
Traceback (most recent call last):
  File "C:\Users\monis\OneDrive\Documents\IntelliStream\venv\Lib\site-packages\kafka\net\transport.py", line 107, in _sock_recv
    data = self._sock.recv(4096)
ConnectionAbortedError: [WinError 10053] An established connection was aborted by the software in your host machine
2026-06-19 18:22:52,644 - ERROR - <KafkaTCPTransport [::1:9092<-51711]>: Abort (KafkaConnectionError: [WinError 10053] An established connection was aborted by the software in your host machine)
2026-06-19 18:22:52,646 - ERROR - Metadata refresh: failed KafkaConnectionError: [WinError 10053] An established connection was aborted by the software in your host machine
2026-06-19 18:22:52,646 - ERROR - KafkaConnectionError: [WinError 10053] An established connection was aborted by the software in your host machine
Traceback (most recent call last):
  File "C:\Users\monis\OneDrive\Documents\IntelliStream\venv\Lib\site-packages\kafka\cluster.py", line 127, in _refresh_loop
    await self.refresh_metadata()
  File "C:\Users\monis\OneDrive\Documents\IntelliStream\venv\Lib\site-packages\kafka\cluster.py", line 156, in refresh_metadata
    await self._do_refresh_metadata(node_id)
  File "C:\Users\monis\OneDrive\Documents\IntelliStream\venv\Lib\site-packages\kafka\cluster.py", line 175, in _do_refresh_metadata
    response = await self._manager.send(request, node_id)
               ^^^^^^^^^^^^^^^^^^^^^^^^^^^^^^^^^^^^^^^^^^
  File "C:\Users\monis\OneDrive\Documents\IntelliStream\venv\Lib\site-packages\kafka\future.py", line 165, in __await__
    raise self.exception
kafka.errors.KafkaConnectionError: KafkaConnectionError: [WinError 10053] An established connection was aborted by the software in your host machine
2026-06-19 18:22:52,655 - ERROR - <KafkaTCPTransport [::1:9092<-51712]>: socket disconnected
2026-06-19 18:22:52,656 - ERROR - <KafkaTCPTransport [::1:9092<-51712]>: Abort (KafkaConnectionError: socket disconnected)
2026-06-19 18:22:52,662 - ERROR - <KafkaTCPTransport [::1:9092<-51713]>: socket disconnected
2026-06-19 18:22:52,662 - ERROR - <KafkaTCPTransport [::1:9092<-51713]>: Abort (KafkaConnectionError: socket disconnected)
2026-06-19 18:22:52,669 - ERROR - <KafkaTCPTransport [::1:9092<-51714]>: socket disconnected
2026-06-19 18:22:52,669 - ERROR - <KafkaTCPTransport [::1:9092<-51714]>: Abort (KafkaConnectionError: socket disconnected)
2026-06-19 18:22:52,677 - ERROR - <KafkaTCPTransport [::1:9092<-51715]>: socket disconnected
2026-06-19 18:22:52,677 - ERROR - <KafkaTCPTransport [::1:9092<-51715]>: Abort (KafkaConnectionError: socket disconnected)
2026-06-19 18:22:52,683 - ERROR - <KafkaTCPTransport [::1:9092<-51716]>: socket disconnected
2026-06-19 18:22:52,683 - ERROR - <KafkaTCPTransport [::1:9092<-51716]>: Abort (KafkaConnectionError: socket disconnected)
2026-06-19 18:22:52,691 - ERROR - <KafkaTCPTransport [::1:9092<-51717]>: socket disconnected
2026-06-19 18:22:52,691 - ERROR - <KafkaTCPTransport [::1:9092<-51717]>: Abort (KafkaConnectionError: socket disconnected)
2026-06-19 18:22:52,697 - ERROR - <KafkaTCPTransport [::1:9092<-51718]>: socket disconnected
2026-06-19 18:22:52,697 - ERROR - <KafkaTCPTransport [::1:9092<-51718]>: Abort (KafkaConnectionError: socket disconnected)
2026-06-19 18:22:52,706 - ERROR - <KafkaTCPTransport [::1:9092<-51719]>: socket disconnected
2026-06-19 18:22:52,706 - ERROR - <KafkaTCPTransport [::1:9092<-51719]>: Abort (KafkaConnectionError: socket disconnected)
2026-06-19 18:22:52,714 - ERROR - <KafkaTCPTransport [::1:9092<-51720]>: socket disconnected
2026-06-19 18:22:52,714 - ERROR - <KafkaTCPTransport [::1:9092<-51720]>: Abort (KafkaConnectionError: socket disconnected)
2026-06-19 18:22:52,722 - ERROR - <KafkaTCPTransport [::1:9092<-51721]>: socket disconnected
2026-06-19 18:22:52,723 - ERROR - <KafkaTCPTransport [::1:9092<-51721]>: Abort (KafkaConnectionError: socket disconnected)
2026-06-19 18:22:52,729 - ERROR - <KafkaTCPTransport [::1:9092<-51722]>: socket disconnected
2026-06-19 18:22:52,730 - ERROR - <KafkaTCPTransport [::1:9092<-51722]>: Abort (KafkaConnectionError: socket disconnected)
2026-06-19 18:22:52,736 - ERROR - <KafkaTCPTransport [::1:9092<-51723]>: socket disconnected
2026-06-19 18:22:52,736 - ERROR - <KafkaTCPTransport [::1:9092<-51723]>: Abort (KafkaConnectionError: socket disconnected)
2026-06-19 18:22:52,743 - ERROR - <KafkaTCPTransport [::1:9092<-51724]>: socket disconnected
2026-06-19 18:22:52,743 - ERROR - <KafkaTCPTransport [::1:9092<-51724]>: Abort (KafkaConnectionError: socket disconnected)
2026-06-19 18:22:52,747 - INFO - Metadata refresh (node_id=1)
2026-06-19 18:22:52,749 - ERROR - <KafkaTCPTransport [::1:9092<-51725]>: socket disconnected
2026-06-19 18:22:52,749 - ERROR - <KafkaTCPTransport [::1:9092<-51725]>: Abort (KafkaConnectionError: socket disconnected)
2026-06-19 18:22:52,751 - ERROR - Metadata refresh: failed KafkaConnectionError: socket disconnected
2026-06-19 18:22:52,751 - ERROR - KafkaConnectionError: socket disconnected
Traceback (most recent call last):
  File "C:\Users\monis\OneDrive\Documents\IntelliStream\venv\Lib\site-packages\kafka\cluster.py", line 127, in _refresh_loop
    await self.refresh_metadata()
  File "C:\Users\monis\OneDrive\Documents\IntelliStream\venv\Lib\site-packages\kafka\cluster.py", line 156, in refresh_metadata
    await self._do_refresh_metadata(node_id)
  File "C:\Users\monis\OneDrive\Documents\IntelliStream\venv\Lib\site-packages\kafka\cluster.py", line 175, in _do_refresh_metadata
    response = await self._manager.send(request, node_id)
               ^^^^^^^^^^^^^^^^^^^^^^^^^^^^^^^^^^^^^^^^^^
  File "C:\Users\monis\OneDrive\Documents\IntelliStream\venv\Lib\site-packages\kafka\future.py", line 165, in __await__
    raise self.exception
kafka.errors.KafkaConnectionError: KafkaConnectionError: socket disconnected
2026-06-19 18:22:52,758 - ERROR - <KafkaTCPTransport [::1:9092<-51726]>: socket disconnected
2026-06-19 18:22:52,758 - ERROR - <KafkaTCPTransport [::1:9092<-51726]>: Abort (KafkaConnectionError: socket disconnected)
2026-06-19 18:22:52,765 - ERROR - <KafkaTCPTransport [::1:9092<-51727]>: socket disconnected
2026-06-19 18:22:52,765 - ERROR - <KafkaTCPTransport [::1:9092<-51727]>: Abort (KafkaConnectionError: socket disconnected)
2026-06-19 18:22:52,782 - ERROR - <KafkaTCPTransport [::1:9092<-51728]>: Error receiving network data closing socket
Traceback (most recent call last):
  File "C:\Users\monis\OneDrive\Documents\IntelliStream\venv\Lib\site-packages\kafka\net\transport.py", line 107, in _sock_recv
    data = self._sock.recv(4096)
ConnectionAbortedError: [WinError 10053] An established connection was aborted by the software in your host machine
2026-06-19 18:22:52,784 - ERROR - <KafkaTCPTransport [::1:9092<-51728]>: Abort (KafkaConnectionError: [WinError 10053] An established connection was aborted by the software in your host machine)
2026-06-19 18:22:52,790 - ERROR - <KafkaTCPTransport [::1:9092<-51729]>: socket disconnected
2026-06-19 18:22:52,791 - ERROR - <KafkaTCPTransport [::1:9092<-51729]>: Abort (KafkaConnectionError: socket disconnected)
2026-06-19 18:22:52,797 - ERROR - <KafkaTCPTransport [::1:9092<-51730]>: socket disconnected
2026-06-19 18:22:52,797 - ERROR - <KafkaTCPTransport [::1:9092<-51730]>: Abort (KafkaConnectionError: socket disconnected)
2026-06-19 18:22:52,803 - ERROR - <KafkaTCPTransport [::1:9092<-51731]>: socket disconnected
2026-06-19 18:22:52,803 - ERROR - <KafkaTCPTransport [::1:9092<-51731]>: Abort (KafkaConnectionError: socket disconnected)
2026-06-19 18:22:52,814 - ERROR - <KafkaTCPTransport [::1:9092<-51732]>: socket disconnected
2026-06-19 18:22:52,815 - ERROR - <KafkaTCPTransport [::1:9092<-51732]>: Abort (KafkaConnectionError: socket disconnected)
2026-06-19 18:22:52,821 - ERROR - <KafkaTCPTransport [::1:9092<-51733]>: socket disconnected
2026-06-19 18:22:52,821 - ERROR - <KafkaTCPTransport [::1:9092<-51733]>: Abort (KafkaConnectionError: socket disconnected)
2026-06-19 18:22:52,828 - ERROR - <KafkaTCPTransport [::1:9092<-51734]>: socket disconnected
2026-06-19 18:22:52,828 - ERROR - <KafkaTCPTransport [::1:9092<-51734]>: Abort (KafkaConnectionError: socket disconnected)
2026-06-19 18:22:52,835 - ERROR - <KafkaTCPTransport [::1:9092<-51735]>: socket disconnected
2026-06-19 18:22:52,835 - ERROR - <KafkaTCPTransport [::1:9092<-51735]>: Abort (KafkaConnectionError: socket disconnected)
2026-06-19 18:22:52,845 - ERROR - <KafkaTCPTransport [::1:9092<-51736]>: socket disconnected
2026-06-19 18:22:52,845 - ERROR - <KafkaTCPTransport [::1:9092<-51736]>: Abort (KafkaConnectionError: socket disconnected)
2026-06-19 18:22:52,852 - INFO - Metadata refresh (node_id=1)
2026-06-19 18:22:52,853 - ERROR - <KafkaTCPTransport [::1:9092<-51737]>: socket disconnected
2026-06-19 18:22:52,853 - ERROR - <KafkaTCPTransport [::1:9092<-51737]>: Abort (KafkaConnectionError: socket disconnected)
2026-06-19 18:22:52,854 - ERROR - Metadata refresh: failed KafkaConnectionError: socket disconnected
2026-06-19 18:22:52,855 - ERROR - KafkaConnectionError: socket disconnected
Traceback (most recent call last):
  File "C:\Users\monis\OneDrive\Documents\IntelliStream\venv\Lib\site-packages\kafka\cluster.py", line 127, in _refresh_loop
    await self.refresh_metadata()
  File "C:\Users\monis\OneDrive\Documents\IntelliStream\venv\Lib\site-packages\kafka\cluster.py", line 156, in refresh_metadata
    await self._do_refresh_metadata(node_id)
  File "C:\Users\monis\OneDrive\Documents\IntelliStream\venv\Lib\site-packages\kafka\cluster.py", line 175, in _do_refresh_metadata
    response = await self._manager.send(request, node_id)
               ^^^^^^^^^^^^^^^^^^^^^^^^^^^^^^^^^^^^^^^^^^
  File "C:\Users\monis\OneDrive\Documents\IntelliStream\venv\Lib\site-packages\kafka\future.py", line 165, in __await__
    raise self.exception
kafka.errors.KafkaConnectionError: KafkaConnectionError: socket disconnected
2026-06-19 18:22:52,863 - ERROR - <KafkaTCPTransport [::1:9092<-51738]>: socket disconnected
2026-06-19 18:22:52,863 - ERROR - <KafkaTCPTransport [::1:9092<-51738]>: Abort (KafkaConnectionError: socket disconnected)
2026-06-19 18:22:52,869 - ERROR - <KafkaTCPTransport [::1:9092<-51739]>: socket disconnected
2026-06-19 18:22:52,869 - ERROR - <KafkaTCPTransport [::1:9092<-51739]>: Abort (KafkaConnectionError: socket disconnected)
2026-06-19 18:22:52,883 - ERROR - <KafkaTCPTransport [::1:9092<-51740]>: socket disconnected
2026-06-19 18:22:52,883 - ERROR - <KafkaTCPTransport [::1:9092<-51740]>: Abort (KafkaConnectionError: socket disconnected)
2026-06-19 18:22:52,891 - ERROR - <KafkaTCPTransport [::1:9092<-51741]>: socket disconnected
2026-06-19 18:22:52,891 - ERROR - <KafkaTCPTransport [::1:9092<-51741]>: Abort (KafkaConnectionError: socket disconnected)
2026-06-19 18:22:52,903 - ERROR - <KafkaTCPTransport [::1:9092<-51742]>: socket disconnected
2026-06-19 18:22:52,903 - ERROR - <KafkaTCPTransport [::1:9092<-51742]>: Abort (KafkaConnectionError: socket disconnected)
2026-06-19 18:22:52,909 - ERROR - <KafkaTCPTransport [::1:9092<-51743]>: socket disconnected
2026-06-19 18:22:52,910 - ERROR - <KafkaTCPTransport [::1:9092<-51743]>: Abort (KafkaConnectionError: socket disconnected)
2026-06-19 18:22:52,916 - ERROR - <KafkaTCPTransport [::1:9092<-51744]>: socket disconnected
2026-06-19 18:22:52,916 - ERROR - <KafkaTCPTransport [::1:9092<-51744]>: Abort (KafkaConnectionError: socket disconnected)
2026-06-19 18:22:52,924 - ERROR - <KafkaTCPTransport [::1:9092<-51745]>: socket disconnected
2026-06-19 18:22:52,924 - ERROR - <KafkaTCPTransport [::1:9092<-51745]>: Abort (KafkaConnectionError: socket disconnected)
2026-06-19 18:22:52,932 - ERROR - <KafkaTCPTransport [::1:9092<-51746]>: socket disconnected
2026-06-19 18:22:52,932 - ERROR - <KafkaTCPTransport [::1:9092<-51746]>: Abort (KafkaConnectionError: socket disconnected)
2026-06-19 18:22:52,939 - ERROR - <KafkaTCPTransport [::1:9092<-51747]>: socket disconnected
2026-06-19 18:22:52,940 - ERROR - <KafkaTCPTransport [::1:9092<-51747]>: Abort (KafkaConnectionError: socket disconnected)
2026-06-19 18:22:52,947 - ERROR - <KafkaTCPTransport [::1:9092<-51748]>: socket disconnected
2026-06-19 18:22:52,947 - ERROR - <KafkaTCPTransport [::1:9092<-51748]>: Abort (KafkaConnectionError: socket disconnected)
2026-06-19 18:22:52,955 - ERROR - <KafkaTCPTransport [::1:9092<-51749]>: socket disconnected
2026-06-19 18:22:52,955 - ERROR - <KafkaTCPTransport [::1:9092<-51749]>: Abort (KafkaConnectionError: socket disconnected)
2026-06-19 18:22:52,959 - INFO - Metadata refresh (node_id=1)
2026-06-19 18:22:52,962 - ERROR - <KafkaTCPTransport [::1:9092<-51750]>: socket disconnected
2026-06-19 18:22:52,963 - ERROR - <KafkaTCPTransport [::1:9092<-51750]>: Abort (KafkaConnectionError: socket disconnected)
2026-06-19 18:22:52,964 - ERROR - Metadata refresh: failed KafkaConnectionError: socket disconnected
2026-06-19 18:22:52,964 - ERROR - KafkaConnectionError: socket disconnected
Traceback (most recent call last):
  File "C:\Users\monis\OneDrive\Documents\IntelliStream\venv\Lib\site-packages\kafka\cluster.py", line 127, in _refresh_loop
    await self.refresh_metadata()
  File "C:\Users\monis\OneDrive\Documents\IntelliStream\venv\Lib\site-packages\kafka\cluster.py", line 156, in refresh_metadata
    await self._do_refresh_metadata(node_id)
  File "C:\Users\monis\OneDrive\Documents\IntelliStream\venv\Lib\site-packages\kafka\cluster.py", line 175, in _do_refresh_metadata
    response = await self._manager.send(request, node_id)
               ^^^^^^^^^^^^^^^^^^^^^^^^^^^^^^^^^^^^^^^^^^
  File "C:\Users\monis\OneDrive\Documents\IntelliStream\venv\Lib\site-packages\kafka\future.py", line 165, in __await__
    raise self.exception
kafka.errors.KafkaConnectionError: KafkaConnectionError: socket disconnected
2026-06-19 18:22:52,973 - ERROR - <KafkaTCPTransport [::1:9092<-51751]>: socket disconnected
2026-06-19 18:22:52,974 - ERROR - <KafkaTCPTransport [::1:9092<-51751]>: Abort (KafkaConnectionError: socket disconnected)
2026-06-19 18:22:52,981 - ERROR - <KafkaTCPTransport [::1:9092<-51752]>: socket disconnected
2026-06-19 18:22:52,981 - ERROR - <KafkaTCPTransport [::1:9092<-51752]>: Abort (KafkaConnectionError: socket disconnected)
2026-06-19 18:22:52,990 - ERROR - <KafkaTCPTransport [::1:9092<-51753]>: socket disconnected
2026-06-19 18:22:52,990 - ERROR - <KafkaTCPTransport [::1:9092<-51753]>: Abort (KafkaConnectionError: socket disconnected)
2026-06-19 18:22:52,999 - ERROR - <KafkaTCPTransport [::1:9092<-51754]>: socket disconnected
2026-06-19 18:22:52,999 - ERROR - <KafkaTCPTransport [::1:9092<-51754]>: Abort (KafkaConnectionError: socket disconnected)
2026-06-19 18:22:53,007 - ERROR - <KafkaTCPTransport [::1:9092<-51755]>: socket disconnected
2026-06-19 18:22:53,008 - ERROR - <KafkaTCPTransport [::1:9092<-51755]>: Abort (KafkaConnectionError: socket disconnected)
2026-06-19 18:22:53,020 - ERROR - <KafkaTCPTransport [::1:9092<-51756]>: socket disconnected
2026-06-19 18:22:53,020 - ERROR - <KafkaTCPTransport [::1:9092<-51756]>: Abort (KafkaConnectionError: socket disconnected)
2026-06-19 18:22:53,028 - ERROR - <KafkaTCPTransport [::1:9092<-51757]>: socket disconnected
2026-06-19 18:22:53,029 - ERROR - <KafkaTCPTransport [::1:9092<-51757]>: Abort (KafkaConnectionError: socket disconnected)
2026-06-19 18:22:53,037 - ERROR - <KafkaTCPTransport [::1:9092<-51758]>: socket disconnected
2026-06-19 18:22:53,037 - ERROR - <KafkaTCPTransport [::1:9092<-51758]>: Abort (KafkaConnectionError: socket disconnected)
2026-06-19 18:22:53,045 - ERROR - <KafkaTCPTransport [::1:9092<-51759]>: socket disconnected
2026-06-19 18:22:53,046 - ERROR - <KafkaTCPTransport [::1:9092<-51759]>: Abort (KafkaConnectionError: socket disconnected)
2026-06-19 18:22:53,060 - ERROR - <KafkaTCPTransport [::1:9092<-51760]>: socket disconnected
2026-06-19 18:22:53,060 - ERROR - <KafkaTCPTransport [::1:9092<-51760]>: Abort (KafkaConnectionError: socket disconnected)
2026-06-19 18:22:53,065 - INFO - Metadata refresh (node_id=1)
2026-06-19 18:22:53,067 - ERROR - <KafkaTCPTransport [::1:9092<-51761]>: socket disconnected
2026-06-19 18:22:53,067 - ERROR - <KafkaTCPTransport [::1:9092<-51761]>: Abort (KafkaConnectionError: socket disconnected)
2026-06-19 18:22:53,068 - ERROR - Metadata refresh: failed KafkaConnectionError: socket disconnected
2026-06-19 18:22:53,069 - ERROR - KafkaConnectionError: socket disconnected
Traceback (most recent call last):
  File "C:\Users\monis\OneDrive\Documents\IntelliStream\venv\Lib\site-packages\kafka\cluster.py", line 127, in _refresh_loop
    await self.refresh_metadata()
  File "C:\Users\monis\OneDrive\Documents\IntelliStream\venv\Lib\site-packages\kafka\cluster.py", line 156, in refresh_metadata
    await self._do_refresh_metadata(node_id)
  File "C:\Users\monis\OneDrive\Documents\IntelliStream\venv\Lib\site-packages\kafka\cluster.py", line 175, in _do_refresh_metadata
    response = await self._manager.send(request, node_id)
               ^^^^^^^^^^^^^^^^^^^^^^^^^^^^^^^^^^^^^^^^^^
  File "C:\Users\monis\OneDrive\Documents\IntelliStream\venv\Lib\site-packages\kafka\future.py", line 165, in __await__
    raise self.exception
kafka.errors.KafkaConnectionError: KafkaConnectionError: socket disconnected
2026-06-19 18:22:53,076 - ERROR - <KafkaTCPTransport [::1:9092<-51762]>: socket disconnected
2026-06-19 18:22:53,076 - ERROR - <KafkaTCPTransport [::1:9092<-51762]>: Abort (KafkaConnectionError: socket disconnected)
2026-06-19 18:22:53,083 - ERROR - <KafkaTCPTransport [::1:9092<-51763]>: socket disconnected
2026-06-19 18:22:53,083 - ERROR - <KafkaTCPTransport [::1:9092<-51763]>: Abort (KafkaConnectionError: socket disconnected)
2026-06-19 18:22:53,091 - ERROR - <KafkaTCPTransport [::1:9092<-51764]>: socket disconnected
2026-06-19 18:22:53,091 - ERROR - <KafkaTCPTransport [::1:9092<-51764]>: Abort (KafkaConnectionError: socket disconnected)
2026-06-19 18:22:53,098 - ERROR - <KafkaTCPTransport [::1:9092<-51765]>: socket disconnected
2026-06-19 18:22:53,098 - ERROR - <KafkaTCPTransport [::1:9092<-51765]>: Abort (KafkaConnectionError: socket disconnected)
2026-06-19 18:22:53,105 - ERROR - <KafkaTCPTransport [::1:9092<-51766]>: socket disconnected
2026-06-19 18:22:53,106 - ERROR - <KafkaTCPTransport [::1:9092<-51766]>: Abort (KafkaConnectionError: socket disconnected)
2026-06-19 18:22:53,114 - ERROR - <KafkaTCPTransport [::1:9092<-51767]>: socket disconnected
2026-06-19 18:22:53,115 - ERROR - <KafkaTCPTransport [::1:9092<-51767]>: Abort (KafkaConnectionError: socket disconnected)
2026-06-19 18:22:53,123 - ERROR - <KafkaTCPTransport [::1:9092<-51768]>: socket disconnected
2026-06-19 18:22:53,123 - ERROR - <KafkaTCPTransport [::1:9092<-51768]>: Abort (KafkaConnectionError: socket disconnected)
2026-06-19 18:22:53,131 - ERROR - <KafkaTCPTransport [::1:9092<-51769]>: socket disconnected
2026-06-19 18:22:53,131 - ERROR - <KafkaTCPTransport [::1:9092<-51769]>: Abort (KafkaConnectionError: socket disconnected)
2026-06-19 18:22:53,139 - ERROR - <KafkaTCPTransport [::1:9092<-51770]>: Error receiving network data closing socket
Traceback (most recent call last):
  File "C:\Users\monis\OneDrive\Documents\IntelliStream\venv\Lib\site-packages\kafka\net\transport.py", line 107, in _sock_recv
    data = self._sock.recv(4096)
ConnectionAbortedError: [WinError 10053] An established connection was aborted by the software in your host machine
2026-06-19 18:22:53,142 - ERROR - <KafkaTCPTransport [::1:9092<-51770]>: Abort (KafkaConnectionError: [WinError 10053] An established connection was aborted by the software in your host machine)
2026-06-19 18:22:53,155 - ERROR - <KafkaTCPTransport [::1:9092<-51771]>: socket disconnected
2026-06-19 18:22:53,155 - ERROR - <KafkaTCPTransport [::1:9092<-51771]>: Abort (KafkaConnectionError: socket disconnected)
2026-06-19 18:22:53,167 - ERROR - <KafkaTCPTransport [::1:9092<-51772]>: socket disconnected
2026-06-19 18:22:53,168 - ERROR - <KafkaTCPTransport [::1:9092<-51772]>: Abort (KafkaConnectionError: socket disconnected)
2026-06-19 18:22:53,173 - INFO - Metadata refresh (node_id=1)
2026-06-19 18:22:53,178 - ERROR - <KafkaTCPTransport [::1:9092<-51773]>: socket disconnected
2026-06-19 18:22:53,179 - ERROR - <KafkaTCPTransport [::1:9092<-51773]>: Abort (KafkaConnectionError: socket disconnected)
2026-06-19 18:22:53,180 - ERROR - Metadata refresh: failed KafkaConnectionError: socket disconnected
2026-06-19 18:22:53,180 - ERROR - KafkaConnectionError: socket disconnected
Traceback (most recent call last):
  File "C:\Users\monis\OneDrive\Documents\IntelliStream\venv\Lib\site-packages\kafka\cluster.py", line 127, in _refresh_loop
    await self.refresh_metadata()
  File "C:\Users\monis\OneDrive\Documents\IntelliStream\venv\Lib\site-packages\kafka\cluster.py", line 156, in refresh_metadata
    await self._do_refresh_metadata(node_id)
  File "C:\Users\monis\OneDrive\Documents\IntelliStream\venv\Lib\site-packages\kafka\cluster.py", line 175, in _do_refresh_metadata
    response = await self._manager.send(request, node_id)
               ^^^^^^^^^^^^^^^^^^^^^^^^^^^^^^^^^^^^^^^^^^
  File "C:\Users\monis\OneDrive\Documents\IntelliStream\venv\Lib\site-packages\kafka\future.py", line 165, in __await__
    raise self.exception
kafka.errors.KafkaConnectionError: KafkaConnectionError: socket disconnected
2026-06-19 18:22:53,196 - ERROR - <KafkaTCPTransport [::1:9092<-51774]>: socket disconnected
2026-06-19 18:22:53,197 - ERROR - <KafkaTCPTransport [::1:9092<-51774]>: Abort (KafkaConnectionError: socket disconnected)
2026-06-19 18:22:53,204 - ERROR - <KafkaTCPTransport [::1:9092<-51775]>: socket disconnected
2026-06-19 18:22:53,204 - ERROR - <KafkaTCPTransport [::1:9092<-51775]>: Abort (KafkaConnectionError: socket disconnected)
2026-06-19 18:22:53,214 - ERROR - <KafkaTCPTransport [::1:9092<-51776]>: socket disconnected
2026-06-19 18:22:53,230 - ERROR - <KafkaTCPTransport [::1:9092<-51776]>: Abort (KafkaConnectionError: socket disconnected)
2026-06-19 18:22:53,242 - ERROR - <KafkaTCPTransport [::1:9092<-51777]>: socket disconnected
2026-06-19 18:22:53,243 - ERROR - <KafkaTCPTransport [::1:9092<-51777]>: Abort (KafkaConnectionError: socket disconnected)
2026-06-19 18:22:53,250 - ERROR - <KafkaTCPTransport [::1:9092<-51778]>: socket disconnected
2026-06-19 18:22:53,251 - ERROR - <KafkaTCPTransport [::1:9092<-51778]>: Abort (KafkaConnectionError: socket disconnected)
2026-06-19 18:22:53,258 - ERROR - <KafkaTCPTransport [::1:9092<-51779]>: socket disconnected
2026-06-19 18:22:53,259 - ERROR - <KafkaTCPTransport [::1:9092<-51779]>: Abort (KafkaConnectionError: socket disconnected)
2026-06-19 18:22:53,267 - ERROR - <KafkaTCPTransport [::1:9092<-51780]>: socket disconnected
2026-06-19 18:22:53,267 - ERROR - <KafkaTCPTransport [::1:9092<-51780]>: Abort (KafkaConnectionError: socket disconnected)
2026-06-19 18:22:53,275 - ERROR - <KafkaTCPTransport [::1:9092<-51781]>: socket disconnected
2026-06-19 18:22:53,276 - ERROR - <KafkaTCPTransport [::1:9092<-51781]>: Abort (KafkaConnectionError: socket disconnected)
2026-06-19 18:22:53,281 - INFO - Metadata refresh (node_id=1)
2026-06-19 18:22:53,291 - ERROR - <KafkaTCPTransport [::1:9092<-51782]>: socket disconnected
2026-06-19 18:22:53,292 - ERROR - <KafkaTCPTransport [::1:9092<-51782]>: Abort (KafkaConnectionError: socket disconnected)
2026-06-19 18:22:53,293 - ERROR - Metadata refresh: failed KafkaConnectionError: socket disconnected
2026-06-19 18:22:53,293 - ERROR - KafkaConnectionError: socket disconnected
Traceback (most recent call last):
  File "C:\Users\monis\OneDrive\Documents\IntelliStream\venv\Lib\site-packages\kafka\cluster.py", line 127, in _refresh_loop
    await self.refresh_metadata()
  File "C:\Users\monis\OneDrive\Documents\IntelliStream\venv\Lib\site-packages\kafka\cluster.py", line 156, in refresh_metadata
    await self._do_refresh_metadata(node_id)
  File "C:\Users\monis\OneDrive\Documents\IntelliStream\venv\Lib\site-packages\kafka\cluster.py", line 175, in _do_refresh_metadata
    response = await self._manager.send(request, node_id)
               ^^^^^^^^^^^^^^^^^^^^^^^^^^^^^^^^^^^^^^^^^^
  File "C:\Users\monis\OneDrive\Documents\IntelliStream\venv\Lib\site-packages\kafka\future.py", line 165, in __await__
    raise self.exception
kafka.errors.KafkaConnectionError: KafkaConnectionError: socket disconnected
2026-06-19 18:22:53,301 - ERROR - <KafkaTCPTransport [::1:9092<-51783]>: socket disconnected
2026-06-19 18:22:53,302 - ERROR - <KafkaTCPTransport [::1:9092<-51783]>: Abort (KafkaConnectionError: socket disconnected)
2026-06-19 18:22:53,310 - ERROR - <KafkaTCPTransport [::1:9092<-51784]>: socket disconnected
2026-06-19 18:22:53,310 - ERROR - <KafkaTCPTransport [::1:9092<-51784]>: Abort (KafkaConnectionError: socket disconnected)
2026-06-19 18:22:53,319 - ERROR - <KafkaTCPTransport [::1:9092<-51785]>: socket disconnected
2026-06-19 18:22:53,319 - ERROR - <KafkaTCPTransport [::1:9092<-51785]>: Abort (KafkaConnectionError: socket disconnected)
2026-06-19 18:22:53,328 - ERROR - <KafkaTCPTransport [::1:9092<-51786]>: socket disconnected
2026-06-19 18:22:53,329 - ERROR - <KafkaTCPTransport [::1:9092<-51786]>: Abort (KafkaConnectionError: socket disconnected)
2026-06-19 18:22:53,336 - ERROR - <KafkaTCPTransport [::1:9092<-51787]>: socket disconnected
2026-06-19 18:22:53,337 - ERROR - <KafkaTCPTransport [::1:9092<-51787]>: Abort (KafkaConnectionError: socket disconnected)
2026-06-19 18:22:53,344 - ERROR - <KafkaTCPTransport [::1:9092<-51788]>: socket disconnected
2026-06-19 18:22:53,345 - ERROR - <KafkaTCPTransport [::1:9092<-51788]>: Abort (KafkaConnectionError: socket disconnected)
2026-06-19 18:22:53,353 - ERROR - <KafkaTCPTransport [::1:9092<-51789]>: socket disconnected
2026-06-19 18:22:53,353 - ERROR - <KafkaTCPTransport [::1:9092<-51789]>: Abort (KafkaConnectionError: socket disconnected)
2026-06-19 18:22:53,362 - ERROR - <KafkaTCPTransport [::1:9092<-51790]>: socket disconnected
2026-06-19 18:22:53,362 - ERROR - <KafkaTCPTransport [::1:9092<-51790]>: Abort (KafkaConnectionError: socket disconnected)
2026-06-19 18:22:53,369 - ERROR - <KafkaTCPTransport [::1:9092<-51791]>: socket disconnected
2026-06-19 18:22:53,370 - ERROR - <KafkaTCPTransport [::1:9092<-51791]>: Abort (KafkaConnectionError: socket disconnected)
2026-06-19 18:22:53,380 - ERROR - <KafkaTCPTransport [::1:9092<-51792]>: socket disconnected
2026-06-19 18:22:53,381 - ERROR - <KafkaTCPTransport [::1:9092<-51792]>: Abort (KafkaConnectionError: socket disconnected)
2026-06-19 18:22:53,390 - ERROR - <KafkaTCPTransport [::1:9092<-51793]>: socket disconnected
2026-06-19 18:22:53,390 - ERROR - <KafkaTCPTransport [::1:9092<-51793]>: Abort (KafkaConnectionError: socket disconnected)
2026-06-19 18:22:53,396 - INFO - Metadata refresh (node_id=1)
2026-06-19 18:22:53,401 - ERROR - <KafkaTCPTransport [::1:9092<-51794]>: Error receiving network data closing socket
Traceback (most recent call last):
  File "C:\Users\monis\OneDrive\Documents\IntelliStream\venv\Lib\site-packages\kafka\net\transport.py", line 107, in _sock_recv
    data = self._sock.recv(4096)
ConnectionAbortedError: [WinError 10053] An established connection was aborted by the software in your host machine
2026-06-19 18:22:53,404 - ERROR - <KafkaTCPTransport [::1:9092<-51794]>: Abort (KafkaConnectionError: [WinError 10053] An established connection was aborted by the software in your host machine)
2026-06-19 18:22:53,406 - ERROR - Metadata refresh: failed KafkaConnectionError: [WinError 10053] An established connection was aborted by the software in your host machine
2026-06-19 18:22:53,406 - ERROR - KafkaConnectionError: [WinError 10053] An established connection was aborted by the software in your host machine
Traceback (most recent call last):
  File "C:\Users\monis\OneDrive\Documents\IntelliStream\venv\Lib\site-packages\kafka\cluster.py", line 127, in _refresh_loop
    await self.refresh_metadata()
  File "C:\Users\monis\OneDrive\Documents\IntelliStream\venv\Lib\site-packages\kafka\cluster.py", line 156, in refresh_metadata
    await self._do_refresh_metadata(node_id)
  File "C:\Users\monis\OneDrive\Documents\IntelliStream\venv\Lib\site-packages\kafka\cluster.py", line 175, in _do_refresh_metadata
    response = await self._manager.send(request, node_id)
               ^^^^^^^^^^^^^^^^^^^^^^^^^^^^^^^^^^^^^^^^^^
  File "C:\Users\monis\OneDrive\Documents\IntelliStream\venv\Lib\site-packages\kafka\future.py", line 165, in __await__
    raise self.exception
kafka.errors.KafkaConnectionError: KafkaConnectionError: [WinError 10053] An established connection was aborted by the software in your host machine
2026-06-19 18:22:53,417 - ERROR - <KafkaTCPTransport [::1:9092<-51795]>: socket disconnected
2026-06-19 18:22:53,417 - ERROR - <KafkaTCPTransport [::1:9092<-51795]>: Abort (KafkaConnectionError: socket disconnected)
2026-06-19 18:22:53,437 - ERROR - <KafkaTCPTransport [::1:9092<-51796]>: socket disconnected
2026-06-19 18:22:53,438 - ERROR - <KafkaTCPTransport [::1:9092<-51796]>: Abort (KafkaConnectionError: socket disconnected)
2026-06-19 18:22:53,447 - ERROR - <KafkaTCPTransport [::1:9092<-51797]>: socket disconnected
2026-06-19 18:22:53,448 - ERROR - <KafkaTCPTransport [::1:9092<-51797]>: Abort (KafkaConnectionError: socket disconnected)
2026-06-19 18:22:53,455 - ERROR - <KafkaTCPTransport [::1:9092<-51798]>: socket disconnected
2026-06-19 18:22:53,455 - ERROR - <KafkaTCPTransport [::1:9092<-51798]>: Abort (KafkaConnectionError: socket disconnected)
2026-06-19 18:22:53,464 - ERROR - <KafkaTCPTransport [::1:9092<-51799]>: socket disconnected
2026-06-19 18:22:53,464 - ERROR - <KafkaTCPTransport [::1:9092<-51799]>: Abort (KafkaConnectionError: socket disconnected)
2026-06-19 18:22:53,471 - ERROR - <KafkaTCPTransport [::1:9092<-51800]>: socket disconnected
2026-06-19 18:22:53,472 - ERROR - <KafkaTCPTransport [::1:9092<-51800]>: Abort (KafkaConnectionError: socket disconnected)
2026-06-19 18:22:53,479 - ERROR - <KafkaTCPTransport [::1:9092<-51801]>: socket disconnected
2026-06-19 18:22:53,480 - ERROR - <KafkaTCPTransport [::1:9092<-51801]>: Abort (KafkaConnectionError: socket disconnected)
2026-06-19 18:22:53,487 - ERROR - <KafkaTCPTransport [::1:9092<-51802]>: socket disconnected
2026-06-19 18:22:53,487 - ERROR - <KafkaTCPTransport [::1:9092<-51802]>: Abort (KafkaConnectionError: socket disconnected)
2026-06-19 18:22:53,496 - ERROR - <KafkaTCPTransport [::1:9092<-51803]>: socket disconnected
2026-06-19 18:22:53,496 - ERROR - <KafkaTCPTransport [::1:9092<-51803]>: Abort (KafkaConnectionError: socket disconnected)
2026-06-19 18:22:53,504 - ERROR - <KafkaTCPTransport [::1:9092<-51804]>: socket disconnected
2026-06-19 18:22:53,504 - ERROR - <KafkaTCPTransport [::1:9092<-51804]>: Abort (KafkaConnectionError: socket disconnected)
2026-06-19 18:22:53,509 - INFO - Metadata refresh (node_id=1)
2026-06-19 18:22:53,512 - ERROR - <KafkaTCPTransport [::1:9092<-51805]>: socket disconnected
2026-06-19 18:22:53,512 - ERROR - <KafkaTCPTransport [::1:9092<-51805]>: Abort (KafkaConnectionError: socket disconnected)
2026-06-19 18:22:53,514 - ERROR - Metadata refresh: failed KafkaConnectionError: socket disconnected
2026-06-19 18:22:53,514 - ERROR - KafkaConnectionError: socket disconnected
Traceback (most recent call last):
  File "C:\Users\monis\OneDrive\Documents\IntelliStream\venv\Lib\site-packages\kafka\cluster.py", line 127, in _refresh_loop
    await self.refresh_metadata()
  File "C:\Users\monis\OneDrive\Documents\IntelliStream\venv\Lib\site-packages\kafka\cluster.py", line 156, in refresh_metadata
    await self._do_refresh_metadata(node_id)
  File "C:\Users\monis\OneDrive\Documents\IntelliStream\venv\Lib\site-packages\kafka\cluster.py", line 175, in _do_refresh_metadata
    response = await self._manager.send(request, node_id)
               ^^^^^^^^^^^^^^^^^^^^^^^^^^^^^^^^^^^^^^^^^^
  File "C:\Users\monis\OneDrive\Documents\IntelliStream\venv\Lib\site-packages\kafka\future.py", line 165, in __await__
    raise self.exception
kafka.errors.KafkaConnectionError: KafkaConnectionError: socket disconnected
2026-06-19 18:22:53,525 - ERROR - <KafkaTCPTransport [::1:9092<-51806]>: socket disconnected
2026-06-19 18:22:53,525 - ERROR - <KafkaTCPTransport [::1:9092<-51806]>: Abort (KafkaConnectionError: socket disconnected)
2026-06-19 18:22:53,533 - ERROR - <KafkaTCPTransport [::1:9092<-51807]>: socket disconnected
2026-06-19 18:22:53,533 - ERROR - <KafkaTCPTransport [::1:9092<-51807]>: Abort (KafkaConnectionError: socket disconnected)
2026-06-19 18:22:53,543 - ERROR - <KafkaTCPTransport [::1:9092<-51808]>: socket disconnected
2026-06-19 18:22:53,543 - ERROR - <KafkaTCPTransport [::1:9092<-51808]>: Abort (KafkaConnectionError: socket disconnected)
2026-06-19 18:22:53,552 - ERROR - <KafkaTCPTransport [::1:9092<-51809]>: socket disconnected
2026-06-19 18:22:53,552 - ERROR - <KafkaTCPTransport [::1:9092<-51809]>: Abort (KafkaConnectionError: socket disconnected)
2026-06-19 18:22:53,559 - ERROR - <KafkaTCPTransport [::1:9092<-51810]>: socket disconnected
2026-06-19 18:22:53,560 - ERROR - <KafkaTCPTransport [::1:9092<-51810]>: Abort (KafkaConnectionError: socket disconnected)
2026-06-19 18:22:53,567 - ERROR - <KafkaTCPTransport [::1:9092<-51811]>: socket disconnected
2026-06-19 18:22:53,567 - ERROR - <KafkaTCPTransport [::1:9092<-51811]>: Abort (KafkaConnectionError: socket disconnected)
2026-06-19 18:22:53,574 - ERROR - <KafkaTCPTransport [::1:9092<-51812]>: socket disconnected
2026-06-19 18:22:53,574 - ERROR - <KafkaTCPTransport [::1:9092<-51812]>: Abort (KafkaConnectionError: socket disconnected)
2026-06-19 18:22:53,581 - ERROR - <KafkaTCPTransport [::1:9092<-51813]>: socket disconnected
2026-06-19 18:22:53,582 - ERROR - <KafkaTCPTransport [::1:9092<-51813]>: Abort (KafkaConnectionError: socket disconnected)
2026-06-19 18:22:53,589 - ERROR - <KafkaTCPTransport [::1:9092<-51814]>: socket disconnected
2026-06-19 18:22:53,590 - ERROR - <KafkaTCPTransport [::1:9092<-51814]>: Abort (KafkaConnectionError: socket disconnected)
2026-06-19 18:22:53,596 - ERROR - <KafkaTCPTransport [::1:9092<-51815]>: socket disconnected
2026-06-19 18:22:53,597 - ERROR - <KafkaTCPTransport [::1:9092<-51815]>: Abort (KafkaConnectionError: socket disconnected)
2026-06-19 18:22:53,603 - ERROR - <KafkaTCPTransport [::1:9092<-51816]>: socket disconnected
2026-06-19 18:22:53,603 - ERROR - <KafkaTCPTransport [::1:9092<-51816]>: Abort (KafkaConnectionError: socket disconnected)
2026-06-19 18:22:53,614 - INFO - Metadata refresh (node_id=1)
2026-06-19 18:22:53,618 - ERROR - <KafkaTCPTransport [::1:9092<-51817]>: socket disconnected
2026-06-19 18:22:53,618 - ERROR - <KafkaTCPTransport [::1:9092<-51817]>: Abort (KafkaConnectionError: socket disconnected)
2026-06-19 18:22:53,619 - ERROR - Metadata refresh: failed KafkaConnectionError: socket disconnected
2026-06-19 18:22:53,619 - ERROR - KafkaConnectionError: socket disconnected
Traceback (most recent call last):
  File "C:\Users\monis\OneDrive\Documents\IntelliStream\venv\Lib\site-packages\kafka\cluster.py", line 127, in _refresh_loop
    await self.refresh_metadata()
  File "C:\Users\monis\OneDrive\Documents\IntelliStream\venv\Lib\site-packages\kafka\cluster.py", line 156, in refresh_metadata
    await self._do_refresh_metadata(node_id)
  File "C:\Users\monis\OneDrive\Documents\IntelliStream\venv\Lib\site-packages\kafka\cluster.py", line 175, in _do_refresh_metadata
    response = await self._manager.send(request, node_id)
               ^^^^^^^^^^^^^^^^^^^^^^^^^^^^^^^^^^^^^^^^^^
  File "C:\Users\monis\OneDrive\Documents\IntelliStream\venv\Lib\site-packages\kafka\future.py", line 165, in __await__
    raise self.exception
kafka.errors.KafkaConnectionError: KafkaConnectionError: socket disconnected
2026-06-19 18:22:53,627 - ERROR - <KafkaTCPTransport [::1:9092<-51818]>: socket disconnected
2026-06-19 18:22:53,627 - ERROR - <KafkaTCPTransport [::1:9092<-51818]>: Abort (KafkaConnectionError: socket disconnected)
2026-06-19 18:22:53,634 - ERROR - <KafkaTCPTransport [::1:9092<-51819]>: socket disconnected
2026-06-19 18:22:53,634 - ERROR - <KafkaTCPTransport [::1:9092<-51819]>: Abort (KafkaConnectionError: socket disconnected)
2026-06-19 18:22:53,642 - ERROR - <KafkaTCPTransport [::1:9092<-51820]>: socket disconnected
2026-06-19 18:22:53,642 - ERROR - <KafkaTCPTransport [::1:9092<-51820]>: Abort (KafkaConnectionError: socket disconnected)
2026-06-19 18:22:53,652 - ERROR - <KafkaTCPTransport [::1:9092<-51821]>: socket disconnected
2026-06-19 18:22:53,652 - ERROR - <KafkaTCPTransport [::1:9092<-51821]>: Abort (KafkaConnectionError: socket disconnected)
2026-06-19 18:22:53,660 - ERROR - <KafkaTCPTransport [::1:9092<-51822]>: socket disconnected
2026-06-19 18:22:53,660 - ERROR - <KafkaTCPTransport [::1:9092<-51822]>: Abort (KafkaConnectionError: socket disconnected)
2026-06-19 18:22:53,666 - ERROR - <KafkaTCPTransport [::1:9092<-51823]>: socket disconnected
2026-06-19 18:22:53,667 - ERROR - <KafkaTCPTransport [::1:9092<-51823]>: Abort (KafkaConnectionError: socket disconnected)
2026-06-19 18:22:53,674 - ERROR - <KafkaTCPTransport [::1:9092<-51824]>: socket disconnected
2026-06-19 18:22:53,674 - ERROR - <KafkaTCPTransport [::1:9092<-51824]>: Abort (KafkaConnectionError: socket disconnected)
2026-06-19 18:22:53,683 - ERROR - <KafkaTCPTransport [::1:9092<-51825]>: socket disconnected
2026-06-19 18:22:53,683 - ERROR - <KafkaTCPTransport [::1:9092<-51825]>: Abort (KafkaConnectionError: socket disconnected)
2026-06-19 18:22:53,690 - ERROR - <KafkaTCPTransport [::1:9092<-51826]>: socket disconnected
2026-06-19 18:22:53,690 - ERROR - <KafkaTCPTransport [::1:9092<-51826]>: Abort (KafkaConnectionError: socket disconnected)
2026-06-19 18:22:53,697 - ERROR - <KafkaTCPTransport [::1:9092<-51827]>: socket disconnected
2026-06-19 18:22:53,697 - ERROR - <KafkaTCPTransport [::1:9092<-51827]>: Abort (KafkaConnectionError: socket disconnected)
2026-06-19 18:22:53,704 - ERROR - <KafkaTCPTransport [::1:9092<-51828]>: socket disconnected
2026-06-19 18:22:53,705 - ERROR - <KafkaTCPTransport [::1:9092<-51828]>: Abort (KafkaConnectionError: socket disconnected)
2026-06-19 18:22:53,717 - ERROR - <KafkaTCPTransport [::1:9092<-51829]>: socket disconnected
2026-06-19 18:22:53,717 - ERROR - <KafkaTCPTransport [::1:9092<-51829]>: Abort (KafkaConnectionError: socket disconnected)
2026-06-19 18:22:53,720 - INFO - Metadata refresh (node_id=1)
2026-06-19 18:22:53,723 - ERROR - <KafkaTCPTransport [::1:9092<-51830]>: socket disconnected
2026-06-19 18:22:53,724 - ERROR - <KafkaTCPTransport [::1:9092<-51830]>: Abort (KafkaConnectionError: socket disconnected)
2026-06-19 18:22:53,725 - ERROR - Metadata refresh: failed KafkaConnectionError: socket disconnected
2026-06-19 18:22:53,725 - ERROR - KafkaConnectionError: socket disconnected
Traceback (most recent call last):
  File "C:\Users\monis\OneDrive\Documents\IntelliStream\venv\Lib\site-packages\kafka\cluster.py", line 127, in _refresh_loop
    await self.refresh_metadata()
  File "C:\Users\monis\OneDrive\Documents\IntelliStream\venv\Lib\site-packages\kafka\cluster.py", line 156, in refresh_metadata
    await self._do_refresh_metadata(node_id)
  File "C:\Users\monis\OneDrive\Documents\IntelliStream\venv\Lib\site-packages\kafka\cluster.py", line 175, in _do_refresh_metadata
    response = await self._manager.send(request, node_id)
               ^^^^^^^^^^^^^^^^^^^^^^^^^^^^^^^^^^^^^^^^^^
  File "C:\Users\monis\OneDrive\Documents\IntelliStream\venv\Lib\site-packages\kafka\future.py", line 165, in __await__
    raise self.exception
kafka.errors.KafkaConnectionError: KafkaConnectionError: socket disconnected
2026-06-19 18:22:53,741 - ERROR - <KafkaTCPTransport [::1:9092<-51831]>: socket disconnected
2026-06-19 18:22:53,741 - ERROR - <KafkaTCPTransport [::1:9092<-51831]>: Abort (KafkaConnectionError: socket disconnected)
2026-06-19 18:22:53,748 - ERROR - <KafkaTCPTransport [::1:9092<-51832]>: socket disconnected
2026-06-19 18:22:53,748 - ERROR - <KafkaTCPTransport [::1:9092<-51832]>: Abort (KafkaConnectionError: socket disconnected)
2026-06-19 18:22:53,755 - ERROR - <KafkaTCPTransport [::1:9092<-51833]>: socket disconnected
2026-06-19 18:22:53,755 - ERROR - <KafkaTCPTransport [::1:9092<-51833]>: Abort (KafkaConnectionError: socket disconnected)
2026-06-19 18:22:53,762 - ERROR - <KafkaTCPTransport [::1:9092<-51834]>: socket disconnected
2026-06-19 18:22:53,762 - ERROR - <KafkaTCPTransport [::1:9092<-51834]>: Abort (KafkaConnectionError: socket disconnected)
2026-06-19 18:22:53,768 - ERROR - <KafkaTCPTransport [::1:9092<-51835]>: socket disconnected
2026-06-19 18:22:53,768 - ERROR - <KafkaTCPTransport [::1:9092<-51835]>: Abort (KafkaConnectionError: socket disconnected)
2026-06-19 18:22:53,776 - ERROR - <KafkaTCPTransport [::1:9092<-51836]>: socket disconnected
2026-06-19 18:22:53,776 - ERROR - <KafkaTCPTransport [::1:9092<-51836]>: Abort (KafkaConnectionError: socket disconnected)
2026-06-19 18:22:53,783 - ERROR - <KafkaTCPTransport [::1:9092<-51837]>: socket disconnected
2026-06-19 18:22:53,783 - ERROR - <KafkaTCPTransport [::1:9092<-51837]>: Abort (KafkaConnectionError: socket disconnected)
2026-06-19 18:22:53,790 - ERROR - <KafkaTCPTransport [::1:9092<-51838]>: socket disconnected
2026-06-19 18:22:53,791 - ERROR - <KafkaTCPTransport [::1:9092<-51838]>: Abort (KafkaConnectionError: socket disconnected)
2026-06-19 18:22:53,798 - ERROR - <KafkaTCPTransport [::1:9092<-51839]>: socket disconnected
2026-06-19 18:22:53,799 - ERROR - <KafkaTCPTransport [::1:9092<-51839]>: Abort (KafkaConnectionError: socket disconnected)
2026-06-19 18:22:53,805 - ERROR - <KafkaTCPTransport [::1:9092<-51840]>: socket disconnected
2026-06-19 18:22:53,806 - ERROR - <KafkaTCPTransport [::1:9092<-51840]>: Abort (KafkaConnectionError: socket disconnected)
2026-06-19 18:22:53,813 - ERROR - <KafkaTCPTransport [::1:9092<-51841]>: socket disconnected
2026-06-19 18:22:53,813 - ERROR - <KafkaTCPTransport [::1:9092<-51841]>: Abort (KafkaConnectionError: socket disconnected)
2026-06-19 18:22:53,821 - ERROR - <KafkaTCPTransport [::1:9092<-51842]>: socket disconnected
2026-06-19 18:22:53,821 - ERROR - <KafkaTCPTransport [::1:9092<-51842]>: Abort (KafkaConnectionError: socket disconnected)
2026-06-19 18:22:53,826 - INFO - Metadata refresh (node_id=1)
2026-06-19 18:22:53,831 - ERROR - <KafkaTCPTransport [::1:9092<-51843]>: socket disconnected
2026-06-19 18:22:53,831 - ERROR - <KafkaTCPTransport [::1:9092<-51843]>: Abort (KafkaConnectionError: socket disconnected)
2026-06-19 18:22:53,832 - ERROR - Metadata refresh: failed KafkaConnectionError: socket disconnected
2026-06-19 18:22:53,832 - ERROR - KafkaConnectionError: socket disconnected
Traceback (most recent call last):
  File "C:\Users\monis\OneDrive\Documents\IntelliStream\venv\Lib\site-packages\kafka\cluster.py", line 127, in _refresh_loop
    await self.refresh_metadata()
  File "C:\Users\monis\OneDrive\Documents\IntelliStream\venv\Lib\site-packages\kafka\cluster.py", line 156, in refresh_metadata
    await self._do_refresh_metadata(node_id)
  File "C:\Users\monis\OneDrive\Documents\IntelliStream\venv\Lib\site-packages\kafka\cluster.py", line 175, in _do_refresh_metadata
    response = await self._manager.send(request, node_id)
               ^^^^^^^^^^^^^^^^^^^^^^^^^^^^^^^^^^^^^^^^^^
  File "C:\Users\monis\OneDrive\Documents\IntelliStream\venv\Lib\site-packages\kafka\future.py", line 165, in __await__
    raise self.exception
kafka.errors.KafkaConnectionError: KafkaConnectionError: socket disconnected
2026-06-19 18:22:53,840 - ERROR - <KafkaTCPTransport [::1:9092<-51844]>: socket disconnected
2026-06-19 18:22:53,841 - ERROR - <KafkaTCPTransport [::1:9092<-51844]>: Abort (KafkaConnectionError: socket disconnected)
2026-06-19 18:22:53,850 - ERROR - <KafkaTCPTransport [::1:9092<-51845]>: socket disconnected
2026-06-19 18:22:53,850 - ERROR - <KafkaTCPTransport [::1:9092<-51845]>: Abort (KafkaConnectionError: socket disconnected)
2026-06-19 18:22:53,859 - ERROR - <KafkaTCPTransport [::1:9092<-51846]>: socket disconnected
2026-06-19 18:22:53,859 - ERROR - <KafkaTCPTransport [::1:9092<-51846]>: Abort (KafkaConnectionError: socket disconnected)
2026-06-19 18:22:53,866 - ERROR - <KafkaTCPTransport [::1:9092<-51847]>: socket disconnected
2026-06-19 18:22:53,867 - ERROR - <KafkaTCPTransport [::1:9092<-51847]>: Abort (KafkaConnectionError: socket disconnected)
2026-06-19 18:22:53,874 - ERROR - <KafkaTCPTransport [::1:9092<-51848]>: socket disconnected
2026-06-19 18:22:53,874 - ERROR - <KafkaTCPTransport [::1:9092<-51848]>: Abort (KafkaConnectionError: socket disconnected)
2026-06-19 18:22:53,881 - ERROR - <KafkaTCPTransport [::1:9092<-51849]>: socket disconnected
2026-06-19 18:22:53,881 - ERROR - <KafkaTCPTransport [::1:9092<-51849]>: Abort (KafkaConnectionError: socket disconnected)
2026-06-19 18:22:53,892 - ERROR - <KafkaTCPTransport [::1:9092<-51850]>: socket disconnected
2026-06-19 18:22:53,892 - ERROR - <KafkaTCPTransport [::1:9092<-51850]>: Abort (KafkaConnectionError: socket disconnected)
2026-06-19 18:22:53,899 - ERROR - <KafkaTCPTransport [::1:9092<-51851]>: socket disconnected
2026-06-19 18:22:53,899 - ERROR - <KafkaTCPTransport [::1:9092<-51851]>: Abort (KafkaConnectionError: socket disconnected)
2026-06-19 18:22:53,906 - ERROR - <KafkaTCPTransport [::1:9092<-51852]>: socket disconnected
2026-06-19 18:22:53,906 - ERROR - <KafkaTCPTransport [::1:9092<-51852]>: Abort (KafkaConnectionError: socket disconnected)
2026-06-19 18:22:53,914 - ERROR - <KafkaTCPTransport [::1:9092<-51853]>: socket disconnected
2026-06-19 18:22:53,914 - ERROR - <KafkaTCPTransport [::1:9092<-51853]>: Abort (KafkaConnectionError: socket disconnected)
2026-06-19 18:22:53,920 - ERROR - <KafkaTCPTransport [::1:9092<-51854]>: socket disconnected
2026-06-19 18:22:53,920 - ERROR - <KafkaTCPTransport [::1:9092<-51854]>: Abort (KafkaConnectionError: socket disconnected)
2026-06-19 18:22:53,931 - ERROR - <KafkaTCPTransport [::1:9092<-51855]>: socket disconnected
2026-06-19 18:22:53,931 - ERROR - <KafkaTCPTransport [::1:9092<-51855]>: Abort (KafkaConnectionError: socket disconnected)
2026-06-19 18:22:53,935 - INFO - Metadata refresh (node_id=1)
2026-06-19 18:22:53,938 - ERROR - <KafkaTCPTransport [::1:9092<-51856]>: socket disconnected
2026-06-19 18:22:53,939 - ERROR - <KafkaTCPTransport [::1:9092<-51856]>: Abort (KafkaConnectionError: socket disconnected)
2026-06-19 18:22:53,940 - ERROR - Metadata refresh: failed KafkaConnectionError: socket disconnected
2026-06-19 18:22:53,940 - ERROR - KafkaConnectionError: socket disconnected
Traceback (most recent call last):
  File "C:\Users\monis\OneDrive\Documents\IntelliStream\venv\Lib\site-packages\kafka\cluster.py", line 127, in _refresh_loop
    await self.refresh_metadata()
  File "C:\Users\monis\OneDrive\Documents\IntelliStream\venv\Lib\site-packages\kafka\cluster.py", line 156, in refresh_metadata
    await self._do_refresh_metadata(node_id)
  File "C:\Users\monis\OneDrive\Documents\IntelliStream\venv\Lib\site-packages\kafka\cluster.py", line 175, in _do_refresh_metadata
    response = await self._manager.send(request, node_id)
               ^^^^^^^^^^^^^^^^^^^^^^^^^^^^^^^^^^^^^^^^^^
  File "C:\Users\monis\OneDrive\Documents\IntelliStream\venv\Lib\site-packages\kafka\future.py", line 165, in __await__
    raise self.exception
kafka.errors.KafkaConnectionError: KafkaConnectionError: socket disconnected
2026-06-19 18:22:53,948 - ERROR - <KafkaTCPTransport [::1:9092<-51857]>: socket disconnected
2026-06-19 18:22:53,949 - ERROR - <KafkaTCPTransport [::1:9092<-51857]>: Abort (KafkaConnectionError: socket disconnected)
2026-06-19 18:22:53,964 - ERROR - <KafkaTCPTransport [::1:9092<-51858]>: socket disconnected
2026-06-19 18:22:53,965 - ERROR - <KafkaTCPTransport [::1:9092<-51858]>: Abort (KafkaConnectionError: socket disconnected)
2026-06-19 18:22:53,971 - ERROR - <KafkaTCPTransport [::1:9092<-51859]>: socket disconnected
2026-06-19 18:22:53,972 - ERROR - <KafkaTCPTransport [::1:9092<-51859]>: Abort (KafkaConnectionError: socket disconnected)
2026-06-19 18:22:53,979 - ERROR - <KafkaTCPTransport [::1:9092<-51860]>: socket disconnected
2026-06-19 18:22:53,979 - ERROR - <KafkaTCPTransport [::1:9092<-51860]>: Abort (KafkaConnectionError: socket disconnected)
2026-06-19 18:22:53,987 - ERROR - <KafkaTCPTransport [::1:9092<-51861]>: socket disconnected
2026-06-19 18:22:53,987 - ERROR - <KafkaTCPTransport [::1:9092<-51861]>: Abort (KafkaConnectionError: socket disconnected)
2026-06-19 18:22:54,005 - ERROR - <KafkaTCPTransport [::1:9092<-51862]>: socket disconnected
2026-06-19 18:22:54,005 - ERROR - <KafkaTCPTransport [::1:9092<-51862]>: Abort (KafkaConnectionError: socket disconnected)
2026-06-19 18:22:54,012 - ERROR - <KafkaTCPTransport [::1:9092<-51863]>: socket disconnected
2026-06-19 18:22:54,013 - ERROR - <KafkaTCPTransport [::1:9092<-51863]>: Abort (KafkaConnectionError: socket disconnected)
2026-06-19 18:22:54,020 - ERROR - <KafkaTCPTransport [::1:9092<-51864]>: socket disconnected
2026-06-19 18:22:54,020 - ERROR - <KafkaTCPTransport [::1:9092<-51864]>: Abort (KafkaConnectionError: socket disconnected)
2026-06-19 18:22:54,027 - ERROR - <KafkaTCPTransport [::1:9092<-51865]>: socket disconnected
2026-06-19 18:22:54,027 - ERROR - <KafkaTCPTransport [::1:9092<-51865]>: Abort (KafkaConnectionError: socket disconnected)
2026-06-19 18:22:54,041 - INFO - Metadata refresh (node_id=1)
2026-06-19 18:22:54,043 - ERROR - <KafkaTCPTransport [::1:9092<-51866]>: socket disconnected
2026-06-19 18:22:54,043 - ERROR - <KafkaTCPTransport [::1:9092<-51866]>: Abort (KafkaConnectionError: socket disconnected)
2026-06-19 18:22:54,045 - ERROR - Metadata refresh: failed KafkaConnectionError: socket disconnected
2026-06-19 18:22:54,045 - ERROR - KafkaConnectionError: socket disconnected
Traceback (most recent call last):
  File "C:\Users\monis\OneDrive\Documents\IntelliStream\venv\Lib\site-packages\kafka\cluster.py", line 127, in _refresh_loop
    await self.refresh_metadata()
  File "C:\Users\monis\OneDrive\Documents\IntelliStream\venv\Lib\site-packages\kafka\cluster.py", line 156, in refresh_metadata
    await self._do_refresh_metadata(node_id)
  File "C:\Users\monis\OneDrive\Documents\IntelliStream\venv\Lib\site-packages\kafka\cluster.py", line 175, in _do_refresh_metadata
    response = await self._manager.send(request, node_id)
               ^^^^^^^^^^^^^^^^^^^^^^^^^^^^^^^^^^^^^^^^^^
  File "C:\Users\monis\OneDrive\Documents\IntelliStream\venv\Lib\site-packages\kafka\future.py", line 165, in __await__
    raise self.exception
kafka.errors.KafkaConnectionError: KafkaConnectionError: socket disconnected
2026-06-19 18:22:54,055 - ERROR - <KafkaTCPTransport [::1:9092<-51867]>: socket disconnected
2026-06-19 18:22:54,055 - ERROR - <KafkaTCPTransport [::1:9092<-51867]>: Abort (KafkaConnectionError: socket disconnected)
2026-06-19 18:22:54,062 - ERROR - <KafkaTCPTransport [::1:9092<-51868]>: socket disconnected
2026-06-19 18:22:54,063 - ERROR - <KafkaTCPTransport [::1:9092<-51868]>: Abort (KafkaConnectionError: socket disconnected)
2026-06-19 18:22:54,076 - ERROR - <KafkaTCPTransport [::1:9092<-51869]>: socket disconnected
2026-06-19 18:22:54,076 - ERROR - <KafkaTCPTransport [::1:9092<-51869]>: Abort (KafkaConnectionError: socket disconnected)
2026-06-19 18:22:54,084 - ERROR - <KafkaTCPTransport [::1:9092<-51870]>: socket disconnected
2026-06-19 18:22:54,084 - ERROR - <KafkaTCPTransport [::1:9092<-51870]>: Abort (KafkaConnectionError: socket disconnected)
2026-06-19 18:22:54,091 - ERROR - <KafkaTCPTransport [::1:9092<-51871]>: socket disconnected
2026-06-19 18:22:54,092 - ERROR - <KafkaTCPTransport [::1:9092<-51871]>: Abort (KafkaConnectionError: socket disconnected)
2026-06-19 18:22:54,098 - ERROR - <KafkaTCPTransport [::1:9092<-51872]>: socket disconnected
2026-06-19 18:22:54,098 - ERROR - <KafkaTCPTransport [::1:9092<-51872]>: Abort (KafkaConnectionError: socket disconnected)
2026-06-19 18:22:54,105 - ERROR - <KafkaTCPTransport [::1:9092<-51873]>: socket disconnected
2026-06-19 18:22:54,106 - ERROR - <KafkaTCPTransport [::1:9092<-51873]>: Abort (KafkaConnectionError: socket disconnected)
2026-06-19 18:22:54,113 - ERROR - <KafkaTCPTransport [::1:9092<-51874]>: socket disconnected
2026-06-19 18:22:54,113 - ERROR - <KafkaTCPTransport [::1:9092<-51874]>: Abort (KafkaConnectionError: socket disconnected)
2026-06-19 18:22:54,120 - ERROR - <KafkaTCPTransport [::1:9092<-51875]>: socket disconnected
2026-06-19 18:22:54,120 - ERROR - <KafkaTCPTransport [::1:9092<-51875]>: Abort (KafkaConnectionError: socket disconnected)
2026-06-19 18:22:54,133 - ERROR - <KafkaTCPTransport [::1:9092<-51876]>: socket disconnected
2026-06-19 18:22:54,134 - ERROR - <KafkaTCPTransport [::1:9092<-51876]>: Abort (KafkaConnectionError: socket disconnected)
2026-06-19 18:22:54,158 - INFO - Metadata refresh (node_id=1)
2026-06-19 18:22:54,160 - ERROR - <KafkaTCPTransport [::1:9092<-51877]>: Error receiving network data closing socket
Traceback (most recent call last):
  File "C:\Users\monis\OneDrive\Documents\IntelliStream\venv\Lib\site-packages\kafka\net\transport.py", line 107, in _sock_recv
    data = self._sock.recv(4096)
ConnectionAbortedError: [WinError 10053] An established connection was aborted by the software in your host machine
2026-06-19 18:22:54,162 - ERROR - <KafkaTCPTransport [::1:9092<-51877]>: Abort (KafkaConnectionError: [WinError 10053] An established connection was aborted by the software in your host machine)
2026-06-19 18:22:54,163 - ERROR - Metadata refresh: failed KafkaConnectionError: [WinError 10053] An established connection was aborted by the software in your host machine
2026-06-19 18:22:54,164 - ERROR - KafkaConnectionError: [WinError 10053] An established connection was aborted by the software in your host machine
Traceback (most recent call last):
  File "C:\Users\monis\OneDrive\Documents\IntelliStream\venv\Lib\site-packages\kafka\cluster.py", line 127, in _refresh_loop
    await self.refresh_metadata()
  File "C:\Users\monis\OneDrive\Documents\IntelliStream\venv\Lib\site-packages\kafka\cluster.py", line 156, in refresh_metadata
    await self._do_refresh_metadata(node_id)
  File "C:\Users\monis\OneDrive\Documents\IntelliStream\venv\Lib\site-packages\kafka\cluster.py", line 175, in _do_refresh_metadata
    response = await self._manager.send(request, node_id)
               ^^^^^^^^^^^^^^^^^^^^^^^^^^^^^^^^^^^^^^^^^^
  File "C:\Users\monis\OneDrive\Documents\IntelliStream\venv\Lib\site-packages\kafka\future.py", line 165, in __await__
    raise self.exception
kafka.errors.KafkaConnectionError: KafkaConnectionError: [WinError 10053] An established connection was aborted by the software in your host machine
2026-06-19 18:22:54,173 - ERROR - <KafkaTCPTransport [::1:9092<-51878]>: socket disconnected
2026-06-19 18:22:54,173 - ERROR - <KafkaTCPTransport [::1:9092<-51878]>: Abort (KafkaConnectionError: socket disconnected)
2026-06-19 18:22:54,182 - ERROR - <KafkaTCPTransport [::1:9092<-51879]>: socket disconnected
2026-06-19 18:22:54,182 - ERROR - <KafkaTCPTransport [::1:9092<-51879]>: Abort (KafkaConnectionError: socket disconnected)
2026-06-19 18:22:54,206 - ERROR - <KafkaTCPTransport [::1:9092<-51880]>: Error receiving network data closing socket
Traceback (most recent call last):
  File "C:\Users\monis\OneDrive\Documents\IntelliStream\venv\Lib\site-packages\kafka\net\transport.py", line 107, in _sock_recv
    data = self._sock.recv(4096)
ConnectionAbortedError: [WinError 10053] An established connection was aborted by the software in your host machine
2026-06-19 18:22:54,208 - ERROR - <KafkaTCPTransport [::1:9092<-51880]>: Abort (KafkaConnectionError: [WinError 10053] An established connection was aborted by the software in your host machine)
2026-06-19 18:22:54,216 - ERROR - <KafkaTCPTransport [::1:9092<-51881]>: socket disconnected
2026-06-19 18:22:54,217 - ERROR - <KafkaTCPTransport [::1:9092<-51881]>: Abort (KafkaConnectionError: socket disconnected)
2026-06-19 18:22:54,225 - ERROR - <KafkaTCPTransport [::1:9092<-51882]>: socket disconnected
2026-06-19 18:22:54,226 - ERROR - <KafkaTCPTransport [::1:9092<-51882]>: Abort (KafkaConnectionError: socket disconnected)
2026-06-19 18:22:54,235 - ERROR - <KafkaTCPTransport [::1:9092<-51883]>: socket disconnected
2026-06-19 18:22:54,235 - ERROR - <KafkaTCPTransport [::1:9092<-51883]>: Abort (KafkaConnectionError: socket disconnected)
2026-06-19 18:22:54,244 - ERROR - <KafkaTCPTransport [::1:9092<-51884]>: socket disconnected
2026-06-19 18:22:54,245 - ERROR - <KafkaTCPTransport [::1:9092<-51884]>: Abort (KafkaConnectionError: socket disconnected)
2026-06-19 18:22:54,259 - ERROR - <KafkaTCPTransport [::1:9092<-51885]>: socket disconnected
2026-06-19 18:22:54,260 - ERROR - <KafkaTCPTransport [::1:9092<-51885]>: Abort (KafkaConnectionError: socket disconnected)
2026-06-19 18:22:54,265 - INFO - Metadata refresh (node_id=1)
2026-06-19 18:22:54,271 - ERROR - <KafkaTCPTransport [::1:9092<-51886]>: socket disconnected
2026-06-19 18:22:54,271 - ERROR - <KafkaTCPTransport [::1:9092<-51886]>: Abort (KafkaConnectionError: socket disconnected)
2026-06-19 18:22:54,273 - ERROR - Metadata refresh: failed KafkaConnectionError: socket disconnected
2026-06-19 18:22:54,273 - ERROR - KafkaConnectionError: socket disconnected
Traceback (most recent call last):
  File "C:\Users\monis\OneDrive\Documents\IntelliStream\venv\Lib\site-packages\kafka\cluster.py", line 127, in _refresh_loop
    await self.refresh_metadata()
  File "C:\Users\monis\OneDrive\Documents\IntelliStream\venv\Lib\site-packages\kafka\cluster.py", line 156, in refresh_metadata
    await self._do_refresh_metadata(node_id)
  File "C:\Users\monis\OneDrive\Documents\IntelliStream\venv\Lib\site-packages\kafka\cluster.py", line 175, in _do_refresh_metadata
    response = await self._manager.send(request, node_id)
               ^^^^^^^^^^^^^^^^^^^^^^^^^^^^^^^^^^^^^^^^^^
  File "C:\Users\monis\OneDrive\Documents\IntelliStream\venv\Lib\site-packages\kafka\future.py", line 165, in __await__
    raise self.exception
kafka.errors.KafkaConnectionError: KafkaConnectionError: socket disconnected
2026-06-19 18:22:54,281 - ERROR - <KafkaTCPTransport [::1:9092<-51887]>: socket disconnected
2026-06-19 18:22:54,281 - ERROR - <KafkaTCPTransport [::1:9092<-51887]>: Abort (KafkaConnectionError: socket disconnected)
2026-06-19 18:22:54,291 - ERROR - <KafkaTCPTransport [::1:9092<-51888]>: socket disconnected
2026-06-19 18:22:54,291 - ERROR - <KafkaTCPTransport [::1:9092<-51888]>: Abort (KafkaConnectionError: socket disconnected)
2026-06-19 18:22:54,299 - ERROR - <KafkaTCPTransport [::1:9092<-51889]>: socket disconnected
2026-06-19 18:22:54,299 - ERROR - <KafkaTCPTransport [::1:9092<-51889]>: Abort (KafkaConnectionError: socket disconnected)
2026-06-19 18:22:54,305 - ERROR - <KafkaTCPTransport [::1:9092<-51890]>: socket disconnected
2026-06-19 18:22:54,306 - ERROR - <KafkaTCPTransport [::1:9092<-51890]>: Abort (KafkaConnectionError: socket disconnected)
2026-06-19 18:22:54,311 - ERROR - <KafkaTCPTransport [::1:9092<-51891]>: socket disconnected
2026-06-19 18:22:54,312 - ERROR - <KafkaTCPTransport [::1:9092<-51891]>: Abort (KafkaConnectionError: socket disconnected)
2026-06-19 18:22:54,323 - ERROR - <KafkaTCPTransport [::1:9092<-51892]>: socket disconnected
2026-06-19 18:22:54,323 - ERROR - <KafkaTCPTransport [::1:9092<-51892]>: Abort (KafkaConnectionError: socket disconnected)
2026-06-19 18:22:54,329 - ERROR - <KafkaTCPTransport [::1:9092<-51893]>: socket disconnected
2026-06-19 18:22:54,329 - ERROR - <KafkaTCPTransport [::1:9092<-51893]>: Abort (KafkaConnectionError: socket disconnected)
2026-06-19 18:22:54,335 - ERROR - <KafkaTCPTransport [::1:9092<-51894]>: socket disconnected
2026-06-19 18:22:54,335 - ERROR - <KafkaTCPTransport [::1:9092<-51894]>: Abort (KafkaConnectionError: socket disconnected)
2026-06-19 18:22:54,340 - ERROR - <KafkaTCPTransport [::1:9092<-51895]>: socket disconnected
2026-06-19 18:22:54,341 - ERROR - <KafkaTCPTransport [::1:9092<-51895]>: Abort (KafkaConnectionError: socket disconnected)
2026-06-19 18:22:54,346 - ERROR - <KafkaTCPTransport [::1:9092<-51896]>: socket disconnected
2026-06-19 18:22:54,347 - ERROR - <KafkaTCPTransport [::1:9092<-51896]>: Abort (KafkaConnectionError: socket disconnected)
2026-06-19 18:22:54,353 - ERROR - <KafkaTCPTransport [::1:9092<-51897]>: socket disconnected
2026-06-19 18:22:54,354 - ERROR - <KafkaTCPTransport [::1:9092<-51897]>: Abort (KafkaConnectionError: socket disconnected)
2026-06-19 18:22:54,360 - ERROR - <KafkaTCPTransport [::1:9092<-51898]>: socket disconnected
2026-06-19 18:22:54,360 - ERROR - <KafkaTCPTransport [::1:9092<-51898]>: Abort (KafkaConnectionError: socket disconnected)
2026-06-19 18:22:54,371 - ERROR - <KafkaTCPTransport [::1:9092<-51899]>: socket disconnected
2026-06-19 18:22:54,371 - ERROR - <KafkaTCPTransport [::1:9092<-51899]>: Abort (KafkaConnectionError: socket disconnected)
2026-06-19 18:22:54,373 - INFO - Metadata refresh (node_id=1)
2026-06-19 18:22:54,379 - ERROR - <KafkaTCPTransport [::1:9092<-51900]>: socket disconnected
2026-06-19 18:22:54,380 - ERROR - <KafkaTCPTransport [::1:9092<-51900]>: Abort (KafkaConnectionError: socket disconnected)
2026-06-19 18:22:54,381 - ERROR - Metadata refresh: failed KafkaConnectionError: socket disconnected
2026-06-19 18:22:54,381 - ERROR - KafkaConnectionError: socket disconnected
Traceback (most recent call last):
  File "C:\Users\monis\OneDrive\Documents\IntelliStream\venv\Lib\site-packages\kafka\cluster.py", line 127, in _refresh_loop
    await self.refresh_metadata()
  File "C:\Users\monis\OneDrive\Documents\IntelliStream\venv\Lib\site-packages\kafka\cluster.py", line 156, in refresh_metadata
    await self._do_refresh_metadata(node_id)
  File "C:\Users\monis\OneDrive\Documents\IntelliStream\venv\Lib\site-packages\kafka\cluster.py", line 175, in _do_refresh_metadata
    response = await self._manager.send(request, node_id)
               ^^^^^^^^^^^^^^^^^^^^^^^^^^^^^^^^^^^^^^^^^^
  File "C:\Users\monis\OneDrive\Documents\IntelliStream\venv\Lib\site-packages\kafka\future.py", line 165, in __await__
    raise self.exception
kafka.errors.KafkaConnectionError: KafkaConnectionError: socket disconnected
2026-06-19 18:22:54,388 - ERROR - <KafkaTCPTransport [::1:9092<-51901]>: socket disconnected
2026-06-19 18:22:54,388 - ERROR - <KafkaTCPTransport [::1:9092<-51901]>: Abort (KafkaConnectionError: socket disconnected)
2026-06-19 18:22:54,397 - ERROR - <KafkaTCPTransport [::1:9092<-51902]>: socket disconnected
2026-06-19 18:22:54,397 - ERROR - <KafkaTCPTransport [::1:9092<-51902]>: Abort (KafkaConnectionError: socket disconnected)
2026-06-19 18:22:54,402 - ERROR - <KafkaTCPTransport [::1:9092<-51903]>: socket disconnected
2026-06-19 18:22:54,403 - ERROR - <KafkaTCPTransport [::1:9092<-51903]>: Abort (KafkaConnectionError: socket disconnected)
2026-06-19 18:22:54,410 - ERROR - <KafkaTCPTransport [::1:9092<-51904]>: socket disconnected
2026-06-19 18:22:54,411 - ERROR - <KafkaTCPTransport [::1:9092<-51904]>: Abort (KafkaConnectionError: socket disconnected)
2026-06-19 18:22:54,417 - ERROR - <KafkaTCPTransport [::1:9092<-51905]>: socket disconnected
2026-06-19 18:22:54,417 - ERROR - <KafkaTCPTransport [::1:9092<-51905]>: Abort (KafkaConnectionError: socket disconnected)
2026-06-19 18:22:54,427 - ERROR - <KafkaTCPTransport [::1:9092<-51906]>: socket disconnected
2026-06-19 18:22:54,427 - ERROR - <KafkaTCPTransport [::1:9092<-51906]>: Abort (KafkaConnectionError: socket disconnected)
2026-06-19 18:22:54,437 - ERROR - <KafkaTCPTransport [::1:9092<-51907]>: socket disconnected
2026-06-19 18:22:54,437 - ERROR - <KafkaTCPTransport [::1:9092<-51907]>: Abort (KafkaConnectionError: socket disconnected)
2026-06-19 18:22:54,442 - ERROR - <KafkaTCPTransport [::1:9092<-51908]>: socket disconnected
2026-06-19 18:22:54,443 - ERROR - <KafkaTCPTransport [::1:9092<-51908]>: Abort (KafkaConnectionError: socket disconnected)
2026-06-19 18:22:54,452 - ERROR - <KafkaTCPTransport [::1:9092<-51909]>: socket disconnected
2026-06-19 18:22:54,452 - ERROR - <KafkaTCPTransport [::1:9092<-51909]>: Abort (KafkaConnectionError: socket disconnected)
2026-06-19 18:22:54,458 - ERROR - <KafkaTCPTransport [::1:9092<-51910]>: socket disconnected
2026-06-19 18:22:54,458 - ERROR - <KafkaTCPTransport [::1:9092<-51910]>: Abort (KafkaConnectionError: socket disconnected)
2026-06-19 18:22:54,463 - ERROR - <KafkaTCPTransport [::1:9092<-51911]>: socket disconnected
2026-06-19 18:22:54,463 - ERROR - <KafkaTCPTransport [::1:9092<-51911]>: Abort (KafkaConnectionError: socket disconnected)
2026-06-19 18:22:54,469 - ERROR - <KafkaTCPTransport [::1:9092<-51912]>: socket disconnected
2026-06-19 18:22:54,469 - ERROR - <KafkaTCPTransport [::1:9092<-51912]>: Abort (KafkaConnectionError: socket disconnected)
2026-06-19 18:22:54,476 - ERROR - <KafkaTCPTransport [::1:9092<-51913]>: socket disconnected
2026-06-19 18:22:54,476 - ERROR - <KafkaTCPTransport [::1:9092<-51913]>: Abort (KafkaConnectionError: socket disconnected)
2026-06-19 18:22:54,481 - INFO - Metadata refresh (node_id=1)
2026-06-19 18:22:54,482 - ERROR - <KafkaTCPTransport [::1:9092<-51914]>: socket disconnected
2026-06-19 18:22:54,482 - ERROR - <KafkaTCPTransport [::1:9092<-51914]>: Abort (KafkaConnectionError: socket disconnected)
2026-06-19 18:22:54,484 - ERROR - Metadata refresh: failed KafkaConnectionError: socket disconnected
2026-06-19 18:22:54,484 - ERROR - KafkaConnectionError: socket disconnected
Traceback (most recent call last):
  File "C:\Users\monis\OneDrive\Documents\IntelliStream\venv\Lib\site-packages\kafka\cluster.py", line 127, in _refresh_loop
    await self.refresh_metadata()
  File "C:\Users\monis\OneDrive\Documents\IntelliStream\venv\Lib\site-packages\kafka\cluster.py", line 156, in refresh_metadata
    await self._do_refresh_metadata(node_id)
  File "C:\Users\monis\OneDrive\Documents\IntelliStream\venv\Lib\site-packages\kafka\cluster.py", line 175, in _do_refresh_metadata
    response = await self._manager.send(request, node_id)
               ^^^^^^^^^^^^^^^^^^^^^^^^^^^^^^^^^^^^^^^^^^
  File "C:\Users\monis\OneDrive\Documents\IntelliStream\venv\Lib\site-packages\kafka\future.py", line 165, in __await__
    raise self.exception
kafka.errors.KafkaConnectionError: KafkaConnectionError: socket disconnected
2026-06-19 18:22:54,496 - ERROR - <KafkaTCPTransport [::1:9092<-51915]>: socket disconnected
2026-06-19 18:22:54,496 - ERROR - <KafkaTCPTransport [::1:9092<-51915]>: Abort (KafkaConnectionError: socket disconnected)
2026-06-19 18:22:54,504 - ERROR - <KafkaTCPTransport [::1:9092<-51916]>: socket disconnected
2026-06-19 18:22:54,504 - ERROR - <KafkaTCPTransport [::1:9092<-51916]>: Abort (KafkaConnectionError: socket disconnected)
2026-06-19 18:22:54,511 - ERROR - <KafkaTCPTransport [::1:9092<-51917]>: socket disconnected
2026-06-19 18:22:54,511 - ERROR - <KafkaTCPTransport [::1:9092<-51917]>: Abort (KafkaConnectionError: socket disconnected)
2026-06-19 18:22:54,518 - ERROR - <KafkaTCPTransport [::1:9092<-51918]>: socket disconnected
2026-06-19 18:22:54,518 - ERROR - <KafkaTCPTransport [::1:9092<-51918]>: Abort (KafkaConnectionError: socket disconnected)
2026-06-19 18:22:54,524 - ERROR - <KafkaTCPTransport [::1:9092<-51919]>: socket disconnected
2026-06-19 18:22:54,524 - ERROR - <KafkaTCPTransport [::1:9092<-51919]>: Abort (KafkaConnectionError: socket disconnected)
2026-06-19 18:22:54,584 - INFO - Metadata refresh (node_id=1)
2026-06-19 18:22:54,679 - INFO - <KafkaConnection node_id=1 host=[::1:9092<-51920] broker_version=(3, 5) (initializing)>: Broker version identified as 3.5
2026-06-19 18:22:54,680 - INFO - <KafkaConnection node_id=1 host=[::1:9092<-51920] broker_version=(3, 5) (initializing)>: Clamping client to user-supplied broker version 3.5
2026-06-19 18:22:54,789 - WARNING - Topic sensor-events is not available during auto-create initialization
2026-06-19 18:22:54,790 - INFO - Updated metadata: ClusterMetadata(brokers: 1, topics: 0, coordinators: 0)
2026-06-19 18:22:54,816 - WARNING - <Sender client_id=kafka-python-producer-1 transactional_id=None>: Got error produce response on topic-partition TopicPartition(topic='sensor-events', partition=0), retrying (inf attempts left): UnknownTopicOrPartitionError
2026-06-19 18:22:54,816 - WARNING - <Sender client_id=kafka-python-producer-1 transactional_id=None>: Received unknown topic or partition error in produce request on partition TopicPartition(topic='sensor-events', partition=0). The topic/partition may not exist or the user may not have Describe access to it
2026-06-19 18:22:54,889 - INFO - Metadata refresh (node_id=1)
2026-06-19 18:22:54,906 - WARNING - Topic sensor-events is not available during auto-create initialization
2026-06-19 18:22:54,906 - INFO - Updated metadata: ClusterMetadata(brokers: 1, topics: 0, coordinators: 0)
2026-06-19 18:22:55,006 - INFO - Metadata refresh (node_id=1)
2026-06-19 18:22:55,020 - WARNING - Topic sensor-events is not available during auto-create initialization
2026-06-19 18:22:55,020 - INFO - Updated metadata: ClusterMetadata(brokers: 1, topics: 0, coordinators: 0)
2026-06-19 18:22:55,120 - INFO - Metadata refresh (node_id=1)
2026-06-19 18:22:55,131 - INFO - Updated metadata: ClusterMetadata(brokers: 1, topics: 1, coordinators: 0)
2026-06-19 18:22:55,182 - INFO - Produced Event: {'animal_id': 10, 'temperature': 41.88, 'heart_rate': 112}
2026-06-19 18:22:57,197 - INFO - Produced Event: {'animal_id': 69, 'temperature': 38.2, 'heart_rate': 111}
2026-06-19 18:22:59,209 - INFO - Produced Event: {'animal_id': 30, 'temperature': 41.11, 'heart_rate': 109}
2026-06-19 18:23:01,218 - INFO - Produced Event: {'animal_id': 51, 'temperature': 37.57, 'heart_rate': 124}
2026-06-19 18:23:03,226 - INFO - Produced Event: {'animal_id': 38, 'temperature': 40.53, 'heart_rate': 99}
2026-06-19 18:23:05,233 - INFO - Produced Event: {'animal_id': 35, 'temperature': 37.38, 'heart_rate': 72}
2026-06-19 18:23:07,240 - INFO - Produced Event: {'animal_id': 57, 'temperature': 40.19, 'heart_rate': 94}
2026-06-19 18:23:09,249 - INFO - Produced Event: {'animal_id': 71, 'temperature': 38.8, 'heart_rate': 129}
2026-06-19 18:23:11,256 - INFO - Produced Event: {'animal_id': 5, 'temperature': 39.85, 'heart_rate': 100}
2026-06-19 18:23:13,262 - INFO - Produced Event: {'animal_id': 6, 'temperature': 41.66, 'heart_rate': 136}
2026-06-19 18:23:15,272 - INFO - Produced Event: {'animal_id': 47, 'temperature': 39.03, 'heart_rate': 87}
2026-06-19 18:23:17,281 - INFO - Produced Event: {'animal_id': 58, 'temperature': 37.91, 'heart_rate': 120}
2026-06-19 18:23:19,286 - INFO - Produced Event: {'animal_id': 11, 'temperature': 41.99, 'heart_rate': 119}
2026-06-19 18:23:21,295 - INFO - Produced Event: {'animal_id': 5, 'temperature': 40.21, 'heart_rate': 77}
2026-06-19 18:23:23,302 - INFO - Produced Event: {'animal_id': 33, 'temperature': 38.98, 'heart_rate': 93}
2026-06-19 18:23:25,308 - INFO - Produced Event: {'animal_id': 48, 'temperature': 38.97, 'heart_rate': 136}
2026-06-19 18:23:27,316 - INFO - Produced Event: {'animal_id': 56, 'temperature': 38.34, 'heart_rate': 127}
2026-06-19 18:23:29,321 - INFO - Produced Event: {'animal_id': 85, 'temperature': 41.66, 'heart_rate': 135}
2026-06-19 18:23:31,327 - INFO - Produced Event: {'animal_id': 5, 'temperature': 38.68, 'heart_rate': 76}
2026-06-19 18:23:33,334 - INFO - Produced Event: {'animal_id': 75, 'temperature': 39.25, 'heart_rate': 62}
2026-06-19 18:23:35,342 - INFO - Produced Event: {'animal_id': 59, 'temperature': 41.03, 'heart_rate': 92}
2026-06-19 18:23:37,347 - INFO - Produced Event: {'animal_id': 80, 'temperature': 40.49, 'heart_rate': 129}
2026-06-19 18:23:39,351 - INFO - Produced Event: {'animal_id': 21, 'temperature': 41.85, 'heart_rate': 107}
2026-06-19 18:23:41,356 - INFO - Produced Event: {'animal_id': 73, 'temperature': 40.73, 'heart_rate': 131}
2026-06-19 18:23:43,361 - INFO - Produced Event: {'animal_id': 54, 'temperature': 37.08, 'heart_rate': 78}
2026-06-19 18:23:45,367 - INFO - Produced Event: {'animal_id': 33, 'temperature': 38.09, 'heart_rate': 122}
2026-06-19 18:23:47,373 - INFO - Produced Event: {'animal_id': 68, 'temperature': 40.42, 'heart_rate': 60}
2026-06-19 18:23:49,382 - INFO - Produced Event: {'animal_id': 20, 'temperature': 40.14, 'heart_rate': 104}
2026-06-19 18:23:51,392 - INFO - Produced Event: {'animal_id': 21, 'temperature': 37.45, 'heart_rate': 82}
2026-06-19 18:23:53,404 - INFO - Produced Event: {'animal_id': 78, 'temperature': 39.92, 'heart_rate': 62}
2026-06-19 18:23:55,412 - INFO - Produced Event: {'animal_id': 36, 'temperature': 39.62, 'heart_rate': 107}
2026-06-19 18:23:57,421 - INFO - Produced Event: {'animal_id': 96, 'temperature': 37.17, 'heart_rate': 120}
2026-06-19 18:23:59,431 - INFO - Produced Event: {'animal_id': 25, 'temperature': 41.02, 'heart_rate': 84}
2026-06-19 18:24:01,442 - INFO - Produced Event: {'animal_id': 98, 'temperature': 41.72, 'heart_rate': 78}
2026-06-19 18:24:03,451 - INFO - Produced Event: {'animal_id': 55, 'temperature': 39.02, 'heart_rate': 110}
2026-06-19 18:24:05,455 - INFO - Produced Event: {'animal_id': 64, 'temperature': 39.48, 'heart_rate': 90}
2026-06-19 18:24:07,465 - INFO - Produced Event: {'animal_id': 85, 'temperature': 40.16, 'heart_rate': 118}
2026-06-19 18:24:09,476 - INFO - Produced Event: {'animal_id': 48, 'temperature': 37.48, 'heart_rate': 139}
2026-06-19 18:24:11,485 - INFO - Produced Event: {'animal_id': 31, 'temperature': 39.66, 'heart_rate': 123}
2026-06-19 18:24:13,495 - INFO - Produced Event: {'animal_id': 39, 'temperature': 37.75, 'heart_rate': 118}
2026-06-19 18:24:15,500 - INFO - Produced Event: {'animal_id': 47, 'temperature': 40.06, 'heart_rate': 95}
2026-06-19 18:24:49,295 - WARNING - socks5_proxy is deprecated, use proxy_url instead
2026-06-19 18:24:49,315 - INFO - <KafkaConnection node_id=bootstrap-0 host=[::1:9092<-51934] broker_version=unknown (initializing)>: Broker version identified as 3.5
2026-06-19 18:24:49,315 - INFO - Metadata refresh (node_id=bootstrap-0)
2026-06-19 18:24:49,319 - INFO - Updated metadata: ClusterMetadata(brokers: 1, topics: 0, coordinators: 0)
2026-06-19 18:24:49,320 - INFO - Bootstrap complete: ClusterMetadata(brokers: 1, topics: 0, coordinators: 0)
2026-06-19 18:24:49,320 - INFO - <KafkaTCPTransport [::1:9092<-51934]>: Closing transport
2026-06-19 18:24:49,320 - INFO - Starting metadata refresh loop
2026-06-19 18:24:49,320 - INFO - <KafkaProducer client_id=kafka-python-producer-1 transactional_id=None>: Instantiated an idempotent producer.
2026-06-19 18:24:49,321 - INFO - ProducerId set to -1 with epoch -1
2026-06-19 18:24:49,327 - INFO - <KafkaConnection node_id=1 host=[::1:9092<-51935] broker_version=(3, 5) (initializing)>: Broker version identified as 3.5
2026-06-19 18:24:49,327 - INFO - <KafkaConnection node_id=1 host=[::1:9092<-51935] broker_version=(3, 5) (initializing)>: Clamping client to user-supplied broker version 3.5
2026-06-19 18:24:49,357 - INFO - ProducerId set to 0 with epoch 0
2026-06-19 18:24:49,423 - INFO - Metadata refresh (node_id=1)
2026-06-19 18:24:49,427 - INFO - Updated metadata: ClusterMetadata(brokers: 1, topics: 1, coordinators: 0)
2026-06-19 18:24:49,436 - INFO - Produced Event: {'animal_id': 43, 'temperature': 39.8, 'heart_rate': 85}
2026-06-19 18:24:51,449 - INFO - Produced Event: {'animal_id': 6, 'temperature': 39.27, 'heart_rate': 74}
2026-06-19 18:24:53,455 - INFO - Produced Event: {'animal_id': 55, 'temperature': 40.68, 'heart_rate': 106}
2026-06-19 18:24:55,460 - INFO - Produced Event: {'animal_id': 34, 'temperature': 40.19, 'heart_rate': 95}
2026-06-19 18:24:57,467 - INFO - Produced Event: {'animal_id': 52, 'temperature': 37.82, 'heart_rate': 71}
2026-06-19 18:24:59,473 - INFO - Produced Event: {'animal_id': 41, 'temperature': 39.26, 'heart_rate': 76}
2026-06-19 18:25:01,484 - INFO - Produced Event: {'animal_id': 87, 'temperature': 37.68, 'heart_rate': 68}
2026-06-19 18:25:03,495 - INFO - Produced Event: {'animal_id': 55, 'temperature': 40.63, 'heart_rate': 108}
2026-06-19 18:25:05,508 - INFO - Produced Event: {'animal_id': 82, 'temperature': 38.46, 'heart_rate': 120}
2026-06-19 18:25:07,512 - INFO - Produced Event: {'animal_id': 4, 'temperature': 40.61, 'heart_rate': 89}
2026-06-19 18:25:09,518 - INFO - Produced Event: {'animal_id': 73, 'temperature': 39.32, 'heart_rate': 88}
2026-06-19 18:25:11,523 - INFO - Produced Event: {'animal_id': 62, 'temperature': 38.57, 'heart_rate': 74}
2026-06-19 18:25:13,528 - INFO - Produced Event: {'animal_id': 75, 'temperature': 37.02, 'heart_rate': 60}
2026-06-19 18:25:15,532 - INFO - Produced Event: {'animal_id': 14, 'temperature': 38.84, 'heart_rate': 115}
2026-06-19 18:25:17,536 - INFO - Produced Event: {'animal_id': 70, 'temperature': 41.58, 'heart_rate': 104}
2026-06-19 18:25:19,544 - INFO - Produced Event: {'animal_id': 51, 'temperature': 41.01, 'heart_rate': 83}
2026-06-19 18:25:21,549 - INFO - Produced Event: {'animal_id': 83, 'temperature': 39.33, 'heart_rate': 127}
2026-06-19 18:28:44,015 - WARNING - socks5_proxy is deprecated, use proxy_url instead
2026-06-19 18:28:44,032 - INFO - <KafkaConnection node_id=bootstrap-0 host=[::1:9092<-53561] broker_version=unknown (initializing)>: Broker version identified as 3.5
2026-06-19 18:28:44,032 - INFO - Metadata refresh (node_id=bootstrap-0)
2026-06-19 18:28:44,038 - INFO - Updated metadata: ClusterMetadata(brokers: 1, topics: 0, coordinators: 0)
2026-06-19 18:28:44,039 - INFO - Bootstrap complete: ClusterMetadata(brokers: 1, topics: 0, coordinators: 0)
2026-06-19 18:28:44,039 - INFO - <KafkaTCPTransport [::1:9092<-53561]>: Closing transport
2026-06-19 18:28:44,039 - INFO - Starting metadata refresh loop
2026-06-19 18:28:44,040 - INFO - <KafkaProducer client_id=kafka-python-producer-1 transactional_id=None>: Instantiated an idempotent producer.
2026-06-19 18:28:44,041 - INFO - ProducerId set to -1 with epoch -1
2026-06-19 18:28:44,046 - INFO - <KafkaConnection node_id=1 host=[::1:9092<-53562] broker_version=(3, 5) (initializing)>: Broker version identified as 3.5
2026-06-19 18:28:44,047 - INFO - <KafkaConnection node_id=1 host=[::1:9092<-53562] broker_version=(3, 5) (initializing)>: Clamping client to user-supplied broker version 3.5
2026-06-19 18:28:44,050 - INFO - ProducerId set to 1 with epoch 0
2026-06-19 18:28:44,149 - INFO - Metadata refresh (node_id=1)
2026-06-19 18:28:44,155 - INFO - Updated metadata: ClusterMetadata(brokers: 1, topics: 1, coordinators: 0)
2026-06-19 18:28:44,173 - WARNING - Bumping producer epoch for ProducerIdAndEpoch(producer_id=1, epoch=0) after recoverable error
2026-06-19 18:28:44,173 - WARNING - Failed to produce messages to topic-partition TopicPartition(topic='sensor-events', partition=0) with base offset None: [Error 45] OutOfOrderSequenceNumberError: None
2026-06-19 18:28:44,174 - INFO - Produced Event: {'animal_id': 97, 'temperature': 38.17, 'heart_rate': 136}
2026-06-19 18:28:44,178 - INFO - ProducerId set to 2 with epoch 0
2026-06-19 18:28:46,179 - INFO - Produced Event: {'animal_id': 98, 'temperature': 41.28, 'heart_rate': 96}
2026-06-19 18:28:48,183 - INFO - Produced Event: {'animal_id': 6, 'temperature': 39.52, 'heart_rate': 104}
2026-06-19 18:28:50,189 - INFO - Produced Event: {'animal_id': 14, 'temperature': 39.68, 'heart_rate': 140}
2026-06-19 18:28:52,200 - INFO - Produced Event: {'animal_id': 45, 'temperature': 37.76, 'heart_rate': 131}
2026-06-19 18:28:54,211 - INFO - Produced Event: {'animal_id': 51, 'temperature': 38.56, 'heart_rate': 81}
2026-06-19 18:28:56,224 - INFO - Produced Event: {'animal_id': 35, 'temperature': 40.85, 'heart_rate': 81}
2026-06-19 18:28:58,237 - INFO - Produced Event: {'animal_id': 25, 'temperature': 40.85, 'heart_rate': 134}
2026-06-19 18:29:00,241 - INFO - Produced Event: {'animal_id': 32, 'temperature': 40.45, 'heart_rate': 61}
2026-06-19 18:29:02,245 - INFO - Produced Event: {'animal_id': 89, 'temperature': 40.49, 'heart_rate': 108}
2026-06-19 18:29:04,250 - INFO - Produced Event: {'animal_id': 6, 'temperature': 38.07, 'heart_rate': 139}
2026-06-19 18:29:06,256 - INFO - Produced Event: {'animal_id': 94, 'temperature': 39.04, 'heart_rate': 130}
2026-06-19 18:29:08,261 - INFO - Produced Event: {'animal_id': 80, 'temperature': 39.56, 'heart_rate': 123}
2026-06-19 18:29:10,267 - INFO - Produced Event: {'animal_id': 78, 'temperature': 41.37, 'heart_rate': 106}
2026-06-19 18:58:33,774 - WARNING - socks5_proxy is deprecated, use proxy_url instead
2026-06-19 18:58:33,827 - INFO - <KafkaConnection node_id=bootstrap-0 host=[::1:9092<-56494] broker_version=unknown (initializing)>: Broker version identified as 3.5
2026-06-19 18:58:33,827 - INFO - Metadata refresh (node_id=bootstrap-0)
2026-06-19 18:58:33,848 - INFO - Updated metadata: ClusterMetadata(brokers: 1, topics: 0, coordinators: 0)
2026-06-19 18:58:33,848 - INFO - Bootstrap complete: ClusterMetadata(brokers: 1, topics: 0, coordinators: 0)
2026-06-19 18:58:33,848 - INFO - <KafkaTCPTransport [::1:9092<-56494]>: Closing transport
2026-06-19 18:58:33,849 - INFO - Starting metadata refresh loop
2026-06-19 18:58:33,849 - INFO - <KafkaProducer client_id=kafka-python-producer-1 transactional_id=None>: Instantiated an idempotent producer.
2026-06-19 18:58:33,850 - INFO - ProducerId set to -1 with epoch -1
2026-06-19 18:58:33,859 - INFO - <KafkaConnection node_id=1 host=[::1:9092<-56495] broker_version=(3, 5) (initializing)>: Broker version identified as 3.5
2026-06-19 18:58:33,859 - INFO - <KafkaConnection node_id=1 host=[::1:9092<-56495] broker_version=(3, 5) (initializing)>: Clamping client to user-supplied broker version 3.5
2026-06-19 18:58:33,909 - INFO - ProducerId set to 0 with epoch 0
2026-06-19 18:58:33,948 - INFO - Metadata refresh (node_id=1)
2026-06-19 18:58:34,007 - WARNING - Topic sensor-events is not available during auto-create initialization
2026-06-19 18:58:34,008 - INFO - Updated metadata: ClusterMetadata(brokers: 1, topics: 0, coordinators: 0)
2026-06-19 18:58:34,119 - INFO - Metadata refresh (node_id=1)
2026-06-19 18:58:34,129 - WARNING - Topic sensor-events is not available during auto-create initialization
2026-06-19 18:58:34,129 - INFO - Updated metadata: ClusterMetadata(brokers: 1, topics: 0, coordinators: 0)
2026-06-19 18:58:34,243 - INFO - Metadata refresh (node_id=1)
2026-06-19 18:58:34,252 - WARNING - Topic sensor-events is not available during auto-create initialization
2026-06-19 18:58:34,252 - INFO - Updated metadata: ClusterMetadata(brokers: 1, topics: 0, coordinators: 0)
2026-06-19 18:58:34,367 - INFO - Metadata refresh (node_id=1)
2026-06-19 18:58:34,373 - INFO - Updated metadata: ClusterMetadata(brokers: 1, topics: 1, coordinators: 0)
2026-06-19 18:58:34,447 - INFO - Produced Event: {'animal_id': 35, 'temperature': 40.16, 'heart_rate': 104}
2026-06-19 18:58:36,456 - INFO - Produced Event: {'animal_id': 1, 'temperature': 40.17, 'heart_rate': 80}
2026-06-19 18:58:38,462 - INFO - Produced Event: {'animal_id': 52, 'temperature': 40.06, 'heart_rate': 120}
2026-06-19 18:58:40,468 - INFO - Produced Event: {'animal_id': 48, 'temperature': 40.92, 'heart_rate': 72}
2026-06-19 18:58:42,474 - INFO - Produced Event: {'animal_id': 84, 'temperature': 39.2, 'heart_rate': 88}
2026-06-19 18:58:44,481 - INFO - Produced Event: {'animal_id': 15, 'temperature': 39.86, 'heart_rate': 73}
2026-06-19 18:58:46,487 - INFO - Produced Event: {'animal_id': 95, 'temperature': 37.53, 'heart_rate': 123}
2026-06-19 18:58:48,494 - INFO - Produced Event: {'animal_id': 91, 'temperature': 38.89, 'heart_rate': 127}
2026-06-19 18:58:50,499 - INFO - Produced Event: {'animal_id': 58, 'temperature': 37.27, 'heart_rate': 123}
2026-06-19 18:58:52,505 - INFO - Produced Event: {'animal_id': 93, 'temperature': 39.76, 'heart_rate': 112}
2026-06-19 18:58:54,516 - INFO - Produced Event: {'animal_id': 2, 'temperature': 39.97, 'heart_rate': 83}
2026-06-19 18:58:56,521 - INFO - Produced Event: {'animal_id': 1, 'temperature': 39.61, 'heart_rate': 95}
2026-06-19 18:58:58,527 - INFO - Produced Event: {'animal_id': 36, 'temperature': 40.23, 'heart_rate': 136}
2026-06-19 18:59:00,533 - INFO - Produced Event: {'animal_id': 3, 'temperature': 40.91, 'heart_rate': 102}
2026-06-19 18:59:02,538 - INFO - Produced Event: {'animal_id': 86, 'temperature': 37.55, 'heart_rate': 115}
2026-06-19 18:59:04,545 - INFO - Produced Event: {'animal_id': 5, 'temperature': 37.27, 'heart_rate': 106}
2026-06-19 18:59:06,551 - INFO - Produced Event: {'animal_id': 47, 'temperature': 40.11, 'heart_rate': 89}
2026-06-19 18:59:08,558 - INFO - Produced Event: {'animal_id': 32, 'temperature': 39.97, 'heart_rate': 111}
2026-06-19 18:59:10,563 - INFO - Produced Event: {'animal_id': 64, 'temperature': 40.77, 'heart_rate': 76}
2026-06-19 18:59:12,569 - INFO - Produced Event: {'animal_id': 6, 'temperature': 39.34, 'heart_rate': 112}
2026-06-19 18:59:14,574 - INFO - Produced Event: {'animal_id': 26, 'temperature': 37.81, 'heart_rate': 119}
2026-06-19 18:59:16,579 - INFO - Produced Event: {'animal_id': 93, 'temperature': 38.73, 'heart_rate': 101}
2026-06-19 18:59:18,585 - INFO - Produced Event: {'animal_id': 29, 'temperature': 38.58, 'heart_rate': 107}
2026-06-19 18:59:20,590 - INFO - Produced Event: {'animal_id': 68, 'temperature': 39.59, 'heart_rate': 72}
2026-06-19 18:59:22,597 - INFO - Produced Event: {'animal_id': 63, 'temperature': 41.96, 'heart_rate': 116}
2026-06-19 18:59:24,602 - INFO - Produced Event: {'animal_id': 96, 'temperature': 37.48, 'heart_rate': 105}
2026-06-19 18:59:26,609 - INFO - Produced Event: {'animal_id': 100, 'temperature': 40.1, 'heart_rate': 89}
2026-06-19 18:59:28,615 - INFO - Produced Event: {'animal_id': 39, 'temperature': 37.96, 'heart_rate': 71}
2026-06-19 18:59:30,620 - INFO - Produced Event: {'animal_id': 23, 'temperature': 39.65, 'heart_rate': 89}
2026-06-19 18:59:32,624 - INFO - Produced Event: {'animal_id': 77, 'temperature': 38.81, 'heart_rate': 89}
2026-06-19 18:59:34,628 - INFO - Produced Event: {'animal_id': 2, 'temperature': 39.31, 'heart_rate': 111}
